gene,probability,is_pred_IEI
TRAF6,0.9999895,1
CD4,0.99998415,1
IRF1,0.99998367,1
VAV1,0.99998367,1
TLR9,0.9999832,1
IL1R1,0.99997985,1
UBE2N,0.99997556,1
TLR1,0.9999716,1
BCL6,0.9999713,1
WRN,0.9999701,1
TNF,0.9999683,1
TNFRSF1B,0.9999666,1
IL1A,0.99996626,1
CCL5,0.99996495,1
LTB,0.99996424,1
JAK2,0.99996066,1
AKT1,0.99995697,1
CDKN1A,0.9999535,1
UBE2D3,0.99995196,1
IL2,0.99995005,1
CYLD,0.99994946,1
CD180,0.9999459,1
XRCC5,0.9999448,1
ABL1,0.99994254,1
TP53BP1,0.99993765,1
CCR1,0.9999373,1
FYN,0.99993646,1
CXCL10,0.99993646,1
SMAD3,0.99993634,1
BIRC3,0.99993575,1
STAT5A,0.9999349,1
EXO1,0.9999348,1
TRAF1,0.99993217,1
LYN,0.99993086,1
SQSTM1,0.99992955,1
CD5,0.9999268,1
BCL2L1,0.9999263,1
CSF3,0.9999248,1
CEBPB,0.99992394,1
RAD54L,0.9999236,1
CXCL8,0.9999232,1
CD274,0.99991477,1
GZMB,0.999912,1
IL7,0.99991167,1
CCR7,0.9999093,1
IL9R,0.9999088,1
NFKBIZ,0.9999063,1
MMP9,0.999905,1
LSP1,0.99990463,1
UBE2D1,0.9999033,1
PSMA7,0.9998994,1
TLR2,0.9998989,1
BIRC2,0.9998983,1
FCGR2B,0.999895,1
NOTCH2,0.9998933,1
XRCC6,0.99989057,1
PAX5,0.99988794,1
TRADD,0.9998872,1
IL1B,0.99988604,1
GRB2,0.9998859,1
CCL3,0.99988425,1
LOC102723407,0.9998827,1
MDC1,0.99988174,1
CD80,0.9998785,1
CXCL9,0.9998779,1
XRCC4,0.9998771,1
DDB1,0.9998764,1
SLAMF1,0.99987626,1
TLR4,0.9998745,1
MMP2,0.999874,1
CD86,0.99987257,1
CDKN2A,0.99987185,1
CD38,0.99986565,1
CRP,0.99986315,1
CCL4,0.99986255,1
TNFSF13B,0.9998623,1
MAPK9,0.9998622,1
TNFSF10,0.99985814,1
CXCL2,0.99985504,1
IRF5,0.9998549,1
CD69,0.99985456,1
RAD51B,0.9998455,1
SRSF2,0.9998429,1
ANXA5,0.9998393,1
IL4,0.999838,1
IL18,0.9998362,1
CSK,0.99983513,1
ITGAL,0.9998348,1
FCGR2A,0.99982786,1
ALK,0.9998266,1
MAPK14,0.99982065,1
ERCC6,0.99981886,1
CTSS,0.99981827,1
TLR5,0.99981636,1
IFNB1,0.9998159,1
UBE2S,0.99981445,1
TAB2,0.99981076,1
KIT,0.9998097,1
JAG1,0.9998053,1
IL15,0.99980456,1
FGR,0.99980396,1
CHEK1,0.99980265,1
ETS1,0.9997919,1
PDGFRB,0.99979156,1
MAP2K4,0.9997906,1
SELL,0.99979013,1
RB1CC1,0.9997838,1
TRAF4,0.99978286,1
CD44,0.9997825,1
SRC,0.9997756,1
MMP14,0.99977356,1
LMO2,0.99977356,1
IGLL5,0.9997702,1
DNAJA2,0.9997689,1
FCGR1A,0.9997663,1
XRCC3,0.9997658,1
CSF1R,0.99976486,1
FN1,0.999764,1
IFI30,0.99976164,1
CCR5,0.99975914,1
TNIP1,0.9997477,1
CMPK2,0.9997391,1
ATRX,0.9997377,1
P2RY8,0.99972755,1
TERF1,0.999726,1
TNFRSF8,0.9997254,1
IL1R2,0.9997253,1
BATF,0.99972254,1
MAP3K7,0.9997223,1
SMAD4,0.999721,1
TUFM,0.9997193,1
MKKS,0.9997192,1
ADAM8,0.99971896,1
MCM3,0.9997179,1
FEN1,0.99971503,1
MSH2,0.9997147,1
CCL20,0.9997085,1
EGFR,0.99970824,1
SMAD2,0.9997062,1
MMP3,0.9997038,1
CSF1,0.9996996,1
MSH3,0.99969494,1
IL16,0.9996915,1
ULK1,0.99968624,1
POLA2,0.9996848,1
COL1A1,0.99968314,1
HLA-A,0.99968135,1
DNA2,0.99967957,1
CD2,0.99967647,1
PMPCB,0.99966824,1
ITGAM,0.9996662,1
IRF2,0.9996655,1
CD48,0.9996636,1
ALOX5,0.99966097,1
WIPI2,0.99965906,1
USP1,0.99965894,1
TNFRSF18,0.9996574,1
CD68,0.99964964,1
SMARCA4,0.99964786,1
ATR,0.99964666,1
HCLS1,0.9996432,1
DAB2,0.99963903,1
HSP90AA1,0.99963677,1
HP,0.99962354,1
ACP1,0.9996227,1
MAF,0.9996221,1
VTN,0.9996063,1
MCM8,0.99960333,1
MTOR,0.9996006,1
TRAF5,0.999597,1
ITGA4,0.9995915,1
TANK,0.99958736,1
C5AR1,0.9995871,1
RAD54B,0.9995859,1
NFATC1,0.999584,1
SPN,0.9995766,1
CCRL2,0.99957484,1
CFLAR,0.99957365,1
IL4R,0.9995709,1
MMP7,0.99956757,1
CTNNB1,0.9995597,1
JUN,0.9995584,1
ITGB1,0.9995561,1
PDCD1LG2,0.9995493,1
IL13,0.9995466,1
OPTN,0.99954563,1
ELAVL1,0.99954456,1
FBXW7,0.99954444,1
TOPBP1,0.9995421,1
MMP1,0.99954164,1
PELI1,0.9995403,1
TCHP,0.9995358,1
TNFRSF14,0.9995353,1
C3AR1,0.9995332,1
FOXO3,0.99952936,1
HNRNPA1,0.99952877,1
GMFG,0.9995272,1
CTSB,0.99952507,1
PTPN6,0.9995109,1
CUL2,0.999506,1
DHX58,0.9995005,1
TNFAIP6,0.99949956,1
CCL7,0.9994979,1
ENG,0.99949634,1
TOP1,0.9994941,1
PRDM1,0.99949265,1
MAP2K3,0.999491,1
TIMP3,0.99948406,1
RPN1,0.99947613,1
TCP1,0.9994746,1
PYCARD,0.999474,1
HIF1A,0.9994729,1
CBL,0.9994703,1
CASP1,0.9994686,1
HLA-C,0.9994671,1
NPM1,0.9994646,1
HLA-DRA,0.99945086,1
NOTCH3,0.99945015,1
IFI16,0.9994486,1
FLT3,0.99944836,1
CD1C,0.9994481,1
PIF1,0.99944514,1
CYTIP,0.999445,1
SHC1,0.99944264,1
ATG16L1,0.99943787,1
HRAS,0.9994368,1
DUT,0.99943644,1
EFTUD2,0.99943346,1
FCGRT,0.9994331,1
UBE2D2,0.99942756,1
AIM2,0.9994254,1
CASP4,0.9994241,1
MCM7,0.9994205,1
CCL2,0.9994186,1
SRPRA,0.99941766,1
ICAM1,0.999416,1
NOD1,0.9994142,1
EP300,0.99941134,1
RAD51D,0.9994106,1
KDR,0.99941015,1
TRAF2,0.9994097,1
ILF2,0.999405,1
UQCRC1,0.9994043,1
TFEB,0.9994005,1
CD74,0.9993993,1
CX3CR1,0.99939823,1
CCR6,0.9993979,1
BECN1,0.99939775,1
LY96,0.9993943,1
CXCL13,0.99939084,1
RAC1,0.9993844,1
SMAD7,0.9993813,1
PDGFB,0.99937797,1
NFKBIE,0.9993772,1
VAC14,0.9993625,1
BCL11A,0.9993556,1
RAD18,0.99935454,1
PLEK,0.9993544,1
RPS27A,0.9993537,1
TNFSF8,0.9993475,1
CXCR5,0.99934167,1
EGF,0.9993362,1
ADAM10,0.9993318,1
FOSL2,0.99933124,1
DDX41,0.9993292,1
CALR,0.9993273,1
MNDA,0.9993268,1
CHEK2,0.9993247,1
CDKN2B,0.9993222,1
CDH1,0.9993181,1
CXCL1,0.99930894,1
TGFB3,0.99930835,1
IARS1,0.99930274,1
BARD1,0.9993024,1
SDHB,0.99930084,1
SAMSN1,0.9992938,1
ITGAX,0.9992865,1
RAD17,0.9992834,1
BLK,0.9992791,1
MATK,0.9992681,1
RBBP8,0.99926347,1
CXCR3,0.999263,1
IFI35,0.9992543,1
TOLLIP,0.9992455,1
HLTF,0.99924445,1
CDC20,0.999243,1
CD7,0.99924123,1
ITGA2,0.9992305,1
FOSB,0.9992292,1
LAG3,0.99922764,1
IL23A,0.9992274,1
TERF2,0.9992243,1
VCAM1,0.9992235,1
SMC3,0.9992218,1
BIRC5,0.9992206,1
CASP3,0.99921703,1
CCN2,0.99921644,1
GZMA,0.99921584,1
PXN,0.9992155,1
CD37,0.99920577,1
MAP2K7,0.99918824,1
IRAK2,0.99918777,1
CLU,0.99917644,1
IGFBP3,0.99917644,1
CCND1,0.99917525,1
ATF3,0.9991742,1
SDC1,0.99916995,1
PSMD4,0.9991684,1
CD300C,0.99915767,1
TAX1BP1,0.99915373,1
PIK3CA,0.9991503,1
IARS2,0.9991441,1
CD34,0.99914217,1
CXCL5,0.9991405,1
TNFSF4,0.99913776,1
EIF2AK2,0.99913543,1
AFDN,0.9991209,1
RNF2,0.999116,1
IL18R1,0.99911565,1
RBPJ,0.9991049,1
FOXO1,0.9991001,1
RECQL4,0.99909806,1
NDUFAB1,0.99909484,1
CD47,0.99909306,1
WRNIP1,0.9990927,1
CD33,0.9990822,1
PAXIP1,0.99908185,1
RMI1,0.99907947,1
ISG20,0.9990783,1
SERPINE1,0.9990778,1
TRIM25,0.99907553,1
CD1D,0.9990734,1
RAD9A,0.9990716,1
STAT6,0.99906904,1
CANX,0.9990645,1
TYMS,0.9990633,1
DDOST,0.9990538,1
RUNX3,0.99905306,1
DNAJA4,0.99904925,1
LTA,0.9990478,1
DLL1,0.99904674,1
WNT5A,0.99904567,1
MCL1,0.9990445,1
RASAL3,0.9990427,1
HELB,0.99903417,1
GLB1,0.9990331,1
CLEC7A,0.9990289,1
KMT2B,0.99902856,1
IL3RA,0.99902785,1
TIMP1,0.9990246,1
RFC5,0.9990239,1
PSMC3,0.99901605,1
TNFRSF17,0.9989937,1
NFKBIB,0.9989894,1
XPNPEP1,0.99898225,1
CD63,0.99897873,1
CASP2,0.99896026,1
HLA-E,0.9989587,1
CCT3,0.9989563,1
MCM6,0.9989561,1
UBE2V2,0.99895144,1
LDHA,0.9989379,1
USP4,0.9989268,1
ERO1A,0.99892515,1
TP73,0.9989215,1
MMP13,0.9989202,1
PSMD2,0.9989158,1
TNFSF14,0.9989134,1
DLL4,0.9989002,1
COPS5,0.99889886,1
HSCB,0.99889827,1
PSMD14,0.9988933,1
LAMP1,0.99889,1
MAVS,0.9988877,1
FES,0.9988852,1
THBS1,0.9988834,1
AXIN2,0.99888176,1
SLAMF6,0.99887055,1
DDIT3,0.9988638,1
YY1,0.99885917,1
SNRNP70,0.9988586,1
CISH,0.9988526,1
H2AX,0.9988481,1
KLF2,0.9988343,1
ALYREF,0.9988263,1
CTSG,0.99882275,1
ILK,0.99882,1
HSPA8,0.9988194,1
ALG5,0.9988109,1
STUB1,0.9988103,1
RPA1,0.9988066,1
CD276,0.9987895,1
EPHA2,0.9987847,1
UBE2V1,0.9987822,1
HNRNPC,0.99878174,1
FBN1,0.9987808,1
PDCD4,0.9987785,1
ATRIP,0.9987784,1
PSME2,0.9987759,1
RBX1,0.99876666,1
RNF4,0.998765,1
BCL2L11,0.998754,1
RIPK2,0.99875164,1
ATG9A,0.99874794,1
MAP4K1,0.99874264,1
DDX60,0.99873716,1
TAGAP,0.99873656,1
EBF1,0.9987288,1
AIMP1,0.99872535,1
CD53,0.99872404,1
PGM1,0.9987237,1
RECQL5,0.9987212,1
SIRPA,0.99871135,1
PRTN3,0.9987018,1
CLPP,0.9987017,1
GNLY,0.9986999,1
SMARCA5,0.99869436,1
KARS1,0.9986922,1
EFEMP1,0.99869174,1
TNFAIP2,0.99868566,1
PPA2,0.998681,1
E2F3,0.9986771,1
CD300A,0.99867344,1
IRAG2,0.9986683,1
ERAP1,0.9986682,1
GATA3,0.9986614,1
PRKCI,0.99865687,1
AP1B1,0.9986547,1
RPS6KB1,0.99865377,1
ATAD2,0.9986451,1
USP7,0.99864405,1
SMAD6,0.99864346,1
BTRC,0.9986431,1
LAMP2,0.9986356,1
RAD52,0.9986185,1
LAPTM5,0.99861753,1
PRC1,0.99861526,1
CTSD,0.9986136,1
LYL1,0.9986131,1
HLA-B,0.9986072,1
EZH2,0.9985958,1
TGFBI,0.998591,1
APEX2,0.9985852,1
SRSF1,0.9985806,1
GADD45A,0.9985709,1
DHX15,0.9985702,1
RBL2,0.9985688,1
TNFSF9,0.9985656,1
UBE2I,0.9985631,1
INPP5D,0.9985581,1
JUND,0.9985562,1
ATL3,0.9985482,1
PTPN22,0.998548,1
ITGA5,0.99853754,1
DAPP1,0.9985312,1
ERCC1,0.99852693,1
CEBPG,0.99852484,1
ATG5,0.9985007,1
RPA2,0.99849963,1
CD83,0.9984937,1
PDCD2,0.99848795,1
IFNA2,0.9984812,1
S100A8,0.9984718,1
RGS1,0.99847096,1
ABI3,0.9984705,1
ATP5F1C,0.99846625,1
HSP90B1,0.99846613,1
IL13RA1,0.9984629,1
GDF15,0.9984498,1
TIPIN,0.99844885,1
SOX4,0.9984486,1
P4HB,0.99844754,1
COPS6,0.9984451,1
IRAK3,0.9984273,1
HSH2D,0.99842644,1
CDKN1B,0.99842477,1
LRG1,0.9984213,1
YES1,0.9984211,1
PARP1,0.9983918,1
RB1,0.9983827,1
VAV3,0.9983815,1
SERPINA1,0.9983758,1
EPRS1,0.99837446,1
UBC,0.998372,1
RAB7A,0.99836975,1
IL3,0.9983563,1
UBE2K,0.9983542,1
KLF6,0.9983529,1
HNRNPU,0.9983523,1
NFATC2,0.99835205,1
ABCE1,0.99835134,1
HM13,0.9983492,1
CD1A,0.9983429,1
MUS81,0.99833375,1
CCL19,0.99832755,1
DLST,0.99832624,1
USP15,0.9983241,1
IGFBP5,0.9983158,1
DTX1,0.9983077,1
POLD3,0.9983028,1
TGFB2,0.9982906,1
UBA6,0.99828976,1
RHOA,0.99827385,1
IL32,0.99826485,1
DHX9,0.9982634,1
RBMS1,0.99826235,1
MDM4,0.99825996,1
MYLK,0.9982584,1
HLA-DQB1,0.9982534,1
DIABLO,0.99825245,1
USP9X,0.9982494,1
SMURF1,0.9982457,1
LY86,0.99824476,1
AURKB,0.9982393,1
PSMB10,0.9982216,1
EZR,0.9982168,1
PLPP3,0.9982103,1
AREG,0.99819773,1
ID2,0.998187,1
PRPF19,0.99818593,1
KLHL6,0.9981839,1
SMC6,0.9981805,1
IFIT2,0.9981775,1
DAPK3,0.9981766,1
CD84,0.9981692,1
PLD2,0.9981681,1
CTCF,0.99816495,1
BATF2,0.99815446,1
RUNX2,0.9981517,1
HPRT1,0.9981402,1
CEBPA,0.9981363,1
KLRG1,0.99813133,1
POLH,0.9981261,1
CREBBP,0.9981178,1
LARS1,0.9981147,1
VEGFC,0.9981006,1
HNRNPK,0.99809426,1
ATP6V0D2,0.99809295,1
USP5,0.99808466,1
RPN2,0.99808383,1
AP2S1,0.9980811,1
ATG12,0.9980715,1
ERAP2,0.9980708,1
CXCL3,0.9980621,1
IFNL1,0.99805164,1
ZC3H18,0.9980489,1
SRPRB,0.99804795,1
VAV2,0.9980476,1
ATP5F1A,0.99804616,1
TGOLN2,0.99804604,1
ETV6,0.99801934,1
HPX,0.9980191,1
TNFRSF10B,0.9980173,1
ERGIC3,0.9980009,1
PTPN2,0.99798787,1
RAC3,0.9979843,1
RPL13A,0.9979818,1
SMARCA1,0.9979668,1
HGF,0.9979627,1
MLH1,0.9979627,1
ITGA6,0.9979505,1
PRKAB1,0.99794847,1
HLA-DQA1,0.9979475,1
CUL5,0.9979457,1
CUL1,0.9979373,1
IL24,0.99793327,1
CD8B,0.9979285,1
TCF7,0.9979214,1
ASPM,0.9979038,1
CASP9,0.9978975,1
CD1E,0.9978915,1
PRPF40A,0.99788576,1
NUDT1,0.9978818,1
LRP6,0.99787664,1
CXCL11,0.9978751,1
PTPRJ,0.99786144,1
GRAP2,0.9978594,1
EPCAM,0.9978467,1
ITFG1,0.9978352,1
ATG13,0.9978255,1
CDC25A,0.9978198,1
LDLR,0.99781895,1
SMC4,0.9978098,1
ATF2,0.99780566,1
TNFRSF21,0.99780136,1
SKP2,0.99779874,1
ATP6V0D1,0.9977944,1
FER,0.99778974,1
PTAFR,0.99778533,1
RAB35,0.99778026,1
EEA1,0.99776876,1
ANPEP,0.9977654,1
COX2,0.9977654,1
COPE,0.99776435,1
SP100,0.9977603,1
SMARCB1,0.9977192,1
HSPA5,0.9977139,1
SERPINB9,0.99771106,1
IL9,0.99770564,1
TRAF7,0.99769646,1
NR2C2,0.9976864,1
MAPKAPK2,0.997684,1
TRIM21,0.99767715,1
TNFRSF25,0.99767643,1
ITGB3,0.9976661,1
RIPK3,0.9976623,1
HMOX1,0.9976591,1
BTLA,0.9976546,1
PA2G4,0.9976521,1
DUSP5,0.99764293,1
RBBP4,0.99762976,1
LGMN,0.9976241,1
CUL4A,0.99761707,1
ALOX5AP,0.99761677,1
TNFRSF11B,0.9976006,1
GABARAPL2,0.9975992,1
KPNA2,0.99759454,1
APEX1,0.99758625,1
NLRC3,0.9975847,1
OAS2,0.9975835,1
RAD21,0.99757725,1
MRC1,0.9975635,1
CCN1,0.9975489,1
PDIA3,0.99754333,1
TLR10,0.9975424,1
SOD2,0.9975424,1
SOCS2,0.99753785,1
COTL1,0.9975352,1
GUF1,0.9975262,1
CADM1,0.99751556,1
EMSY,0.9975147,1
PSMC5,0.9975134,1
KMT2C,0.99750715,1
AKNA,0.9975069,1
TSLP,0.9975025,1
IRF6,0.9975024,1
HCST,0.9974957,1
ABL2,0.997493,1
PSMB1,0.99749255,1
SPIB,0.9974873,1
CCNA2,0.9974795,1
IL15RA,0.99747413,1
RFC3,0.99747014,1
ATG4B,0.9974638,1
MAPK1,0.9974529,1
NUP205,0.997451,1
SART1,0.99744934,1
GGPS1,0.9974291,1
ITGAV,0.9974274,1
RC3H1,0.99741566,1
TRAT1,0.9974113,1
PRKCQ,0.9974099,1
PTK2,0.9974069,1
PTCRA,0.9974051,1
DNAJA1,0.9974044,1
CCND2,0.99739957,1
IL1RAP,0.997399,1
VNN2,0.99739814,1
MBTPS2,0.9973961,1
ZBTB7A,0.99739194,1
LMLN,0.9973876,1
GUSB,0.99738497,1
HSPD1,0.9973838,1
TAL1,0.99738353,1
CCAR2,0.9973821,1
IFIT3,0.9973552,1
HNRNPD,0.9973463,1
ARHGAP30,0.9973442,1
GBP1,0.9973435,1
SELPLG,0.9973328,1
SUV39H1,0.997329,1
GPSM3,0.9973225,1
PARP2,0.99731904,1
LTBP2,0.99731845,1
SEC23A,0.9973151,1
GOLGA2,0.9973035,1
FOXM1,0.99730337,1
REV1,0.9972916,1
CUBN,0.9972908,1
GRAP,0.9972875,1
SLC25A32,0.9972752,1
METAP1,0.99725795,1
PLAU,0.997253,1
SCFD1,0.99724054,1
MX2,0.9972314,1
RBBP7,0.99722594,1
TIMP2,0.99717724,1
USP11,0.997148,1
DAPK1,0.99714285,1
BCL2A1,0.9971409,1
HDAC6,0.99713326,1
ID3,0.9971263,1
MPL,0.9971179,1
PSME3,0.9971179,1
BMPR1A,0.99711144,1
NONO,0.9971078,1
CALCOCO2,0.9970999,1
OCRL,0.99709535,1
PSMB5,0.9970937,1
IFIT1,0.99707365,1
BID,0.9970709,1
PINX1,0.9970643,1
VTI1B,0.99705815,1
ITIH4,0.99705195,1
SP1,0.9970511,1
TEC,0.9970298,1
H2AC20,0.99702674,1
SKP1,0.99702436,1
IL5,0.9970222,1
EPS15L1,0.99701774,1
STAT4,0.99700826,1
PIK3CB,0.9969981,1
TNFAIP8,0.99699545,1
RAB5A,0.99699354,1
JUNB,0.9969885,1
PREB,0.9969699,1
NSD1,0.99695694,1
FBH1,0.99695456,1
ARHGAP9,0.9969518,1
CD72,0.9969465,1
PPM1D,0.99694306,1
MPEG1,0.9969312,1
XRCC1,0.99692947,1
LNPEP,0.9969291,1
CRK,0.9969261,1
LAMTOR1,0.9969146,1
BST2,0.9969139,1
M6PR,0.996912,1
NDUFA9,0.9969002,1
MET,0.9968731,1
TMED9,0.9968663,1
GABARAP,0.9968623,1
GPR183,0.99685234,1
UVRAG,0.996851,1
STX17,0.99683553,1
MAP2K1,0.99683326,1
FCER1G,0.9968244,1
PNKP,0.9968219,1
MCM2,0.9968177,1
BUB1B,0.9968009,1
RRM1,0.99679714,1
PIAS1,0.99679655,1
PRDX4,0.99679476,1
SHH,0.9967822,1
KDM1A,0.9967775,1
FCN1,0.99676824,1
NCAM1,0.99675816,1
CTSF,0.9967571,1
PSMD11,0.99675435,1
TP63,0.9967514,1
PMPCA,0.99675107,1
WT1,0.99674076,1
NLRX1,0.9967319,1
LEF1,0.99671304,1
C1RL,0.99670804,1
THEMIS2,0.9967077,1
APCS,0.9967057,1
HAO1,0.99670523,1
HUS1,0.99668664,1
RNPEPL1,0.9966781,1
ZEB2,0.99667263,1
PARP14,0.9966684,1
ELOC,0.9966666,1
ASF1B,0.9966665,1
GADD45B,0.99664426,1
SHMT2,0.9966271,1
ASAP1,0.9966158,1
NKX3-1,0.996608,1
TOP2A,0.996608,1
MAP2K6,0.9966008,1
DCAF1,0.99660033,1
SH2B3,0.9965984,1
PDIA4,0.99659204,1
RSAD2,0.9965844,1
GABARAPL1,0.99656653,1
IL18RAP,0.9965519,1
ATG101,0.9965495,1
CD200,0.996549,1
SNAPIN,0.99654514,1
ITGAE,0.9965312,1
CCT4,0.9965301,1
SIRT1,0.9964998,1
SNRPE,0.9964981,1
KPNA1,0.9964927,1
MAP4K4,0.9964755,1
FUT7,0.9964706,1
IL1RL1,0.99646205,1
WNT1,0.99645305,1
SLC25A5,0.9964514,1
PLSCR1,0.99644876,1
CDKN3,0.99644524,1
SUZ12,0.99644107,1
E2F1,0.9964316,1
LCP1,0.99640155,1
SATB1,0.996398,1
PRKCZ,0.9963977,1
HTRA1,0.99639565,1
TFPI,0.9963935,1
G2E3,0.99638915,1
SMC2,0.99638736,1
ROCK2,0.9963613,1
IDH2,0.99634653,1
ZMPSTE24,0.9963458,1
PLEKHA4,0.9963444,1
TNFSF15,0.99634165,1
DPAGT1,0.9963201,1
UBA7,0.9963141,1
CDC34,0.99630165,1
JCHAIN,0.9962961,1
ATAD5,0.9962954,1
GRPEL1,0.99629277,1
CCND3,0.9962806,1
NSD2,0.9962792,1
SOX9,0.99627054,1
HNRNPA0,0.99626094,1
CTTN,0.99625254,1
CD244,0.9962424,1
SLC11A2,0.9962417,1
CTSW,0.99623615,1
CLINT1,0.9962333,1
LTBR,0.9962024,1
ELMO2,0.99619746,1
OTUD7B,0.9961958,1
TXNL1,0.9961957,1
RPS19,0.9961951,1
FOXF1,0.9961875,1
PSMB4,0.99616975,1
SEC13,0.9961655,1
CTSK,0.9961584,1
ROCK1,0.9961569,1
PARVG,0.99614656,1
SMARCA2,0.996135,1
FECH,0.99613035,1
NUDC,0.9961294,1
COIL,0.996128,1
API5,0.9961279,1
FLT1,0.9961138,1
AXIN1,0.9961116,1
FOS,0.9960925,1
DDR2,0.99609154,1
PRIM1,0.9960912,1
FNBP1L,0.99609035,1
MBL2,0.9960861,1
LARP7,0.99608254,1
NFATC3,0.9960769,1
MAP1LC3A,0.9960466,1
RPLP0,0.99602973,1
FURIN,0.99602157,1
PTGS2,0.99601597,1
OTUB1,0.9960032,1
SKAP1,0.995999,1
UBE2J1,0.99599624,1
DHFR,0.9959906,1
PIK3R5,0.9959888,1
REM1,0.9959857,1
BMPR2,0.9959706,1
DKK1,0.9959698,1
OGG1,0.9959655,1
RPS6KA1,0.9959649,1
ARIH2,0.99596417,1
NKX2-5,0.9959604,1
TDP2,0.9959604,1
F2R,0.9959604,1
RAF1,0.9959543,1
KLF5,0.99594927,1
IDI1,0.9959455,1
DARS1,0.9959443,1
EDEM1,0.9959319,1
UFD1,0.9959193,1
CHD4,0.9959168,1
H2AC18,0.9959149,1
BCLAF1,0.9959098,1
PSMA5,0.9959055,1
RPL5,0.9958973,1
GSR,0.99588,1
RALA,0.99587834,1
NDUFS1,0.99587363,1
FDPS,0.9958663,1
VAMP7,0.99586546,1
KLF4,0.99585813,1
CCR4,0.995845,1
ADGRE2,0.99583817,1
PSD4,0.9958353,1
PTPN11,0.99582386,1
RAD1,0.9958105,1
TSC2,0.9957991,1
RCHY1,0.9957942,1
PSMB2,0.9957814,1
RAD50,0.9957634,1
COL1A2,0.9957604,1
CUL3,0.9957581,1
POU2F1,0.9957557,1
CXCL12,0.99574536,1
MYB,0.99573416,1
FGFR3,0.9957301,1
UPF1,0.9957296,1
OSM,0.9957272,1
FGFR2,0.99571073,1
TFAP4,0.9957092,1
USP21,0.9956864,1
ARL11,0.99568045,1
SUCLG1,0.9956618,1
PFAS,0.9956564,1
PRPS2,0.99565566,1
KEAP1,0.9956508,1
TEK,0.9956494,1
ZRANB3,0.99564326,1
NBEAL2,0.995641,1
TMED10,0.9956269,1
MMP10,0.99561876,1
DUSP1,0.9956108,1
DNAJC10,0.9956102,1
RPL11,0.99560624,1
MAP1LC3B,0.9956049,1
BCAT2,0.995602,1
KLRK1,0.99559903,1
BMP4,0.99559504,1
RMI2,0.995583,1
CTSL,0.9955818,1
NDC80,0.9955557,1
UBA52,0.99554527,1
HEXIM1,0.99553466,1
BANK1,0.9955291,1
AMPH,0.9955094,1
CDKN2C,0.99550337,1
FOLH1,0.9954997,1
OAT,0.9954905,1
LMAN1,0.9954847,1
TRIM5,0.99548054,1
KLF10,0.99547887,1
MDM2,0.9954781,1
CCR9,0.99545985,1
DHX36,0.99545836,1
CETP,0.99543375,1
HLA-DMA,0.9954248,1
GPLD1,0.9954145,1
OLA1,0.9954144,1
E2F6,0.99540836,1
H2AZ1,0.9954026,1
AURKA,0.99537575,1
CDX2,0.99536914,1
SEC24D,0.99535674,1
EIF3F,0.995352,1
MKI67,0.99534625,1
ACP2,0.9953371,1
CD52,0.99533385,1
JAG2,0.99533254,1
PECAM1,0.9953204,1
APBB1IP,0.99531174,1
CYTB,0.9952998,1
IKBKE,0.99529266,1
POLG,0.9952904,1
CCT5,0.9952781,1
SYVN1,0.9952732,1
HLA-DPB1,0.9952689,1
BAK1,0.99526703,1
QARS1,0.9952631,1
SLC3A2,0.99525815,1
PPARG,0.9952573,1
CDC6,0.9952454,1
IL27RA,0.99523455,1
PDLIM7,0.99521446,1
PSMC4,0.99521154,1
RASSF5,0.99520963,1
E2F2,0.99520016,1
LDB1,0.9951806,1
YME1L1,0.9951681,1
LGR5,0.99516356,1
SOCS3,0.9951632,1
CFL1,0.99515176,1
NPC1,0.99514705,1
APOA1,0.99513346,1
TBXAS1,0.99513006,1
FOSL1,0.99512047,1
KAT5,0.9951198,1
TCF20,0.9951178,1
LGALS3BP,0.9951089,1
DNAJB11,0.99509746,1
ACKR2,0.995082,1
UMPS,0.9950818,1
IDH1,0.995037,1
RSPO1,0.9950354,1
FOXA2,0.9950324,1
HVCN1,0.9950323,1
COL3A1,0.9950203,1
TDG,0.99500364,1
E2F4,0.99498415,1
SDHC,0.9949811,1
DENND1C,0.994981,1
SEC63,0.9949687,1
CREB3,0.9949616,1
TPX2,0.9949556,1
BMP2,0.9949497,1
RGS18,0.99494016,1
SNX9,0.9949292,1
RPS5,0.99492353,1
ICAM2,0.9949215,1
RNF111,0.994911,1
MFNG,0.9949096,1
KIF11,0.9949018,1
RHOD,0.99487406,1
TXNDC5,0.99486864,1
DAXX,0.99484646,1
PSMC2,0.9948447,1
XPA,0.9948377,1
UQCRC2,0.99483055,1
TNFAIP8L2,0.99482983,1
CCL25,0.99482083,1
RRM2B,0.9948152,1
APOE,0.9948026,1
RUVBL1,0.9947994,1
MAN1B1,0.99477804,1
ICAM3,0.99476695,1
TXNRD1,0.9947583,1
LRR1,0.9947567,1
MED12,0.99474585,1
ESR1,0.9947404,1
HSPG2,0.994736,1
TNKS2,0.99470216,1
CPVL,0.9946937,1
PRKN,0.99468553,1
SOAT1,0.99467635,1
PIK3R4,0.99464154,1
TXN,0.99461925,1
AKT2,0.99461865,1
SDHD,0.9946181,1
TUBA1B,0.99461585,1
MRPS16,0.9946104,1
SARM1,0.99460715,1
MDH2,0.99460524,1
RRM2,0.99458236,1
LRPPRC,0.9945798,1
EPHB4,0.9945726,1
ACAN,0.9945686,1
IL22RA1,0.9945591,1
SNAP91,0.9945569,1
DPP4,0.99455476,1
BNIP3L,0.99454206,1
PDCD5,0.99454135,1
SLA,0.99452066,1
LAX1,0.9945205,1
GART,0.99452025,1
CPT1A,0.9945155,1
TXN2,0.9945029,1
MRPL13,0.9944839,1
DNMT3A,0.99446845,1
RICTOR,0.99444157,1
CRLF2,0.99443686,1
FGL2,0.99442965,1
SOCS4,0.9944254,1
EIF2AK3,0.9944231,1
SESN1,0.99441046,1
GATA1,0.99440384,1
DGKE,0.9943931,1
PMEL,0.9943902,1
RAB1A,0.99438286,1
TAB1,0.9943756,1
RAD9B,0.9943737,1
VCL,0.9943672,1
ARHGAP4,0.9943574,1
ELF3,0.9943508,1
ARHGAP25,0.9943453,1
HOXA5,0.99433064,1
TRIM28,0.9943223,1
CCNB2,0.9943145,1
CDK4,0.99430615,1
H6PD,0.99430436,1
PGLYRP2,0.99428576,1
CCL8,0.99427325,1
PRIM2,0.99424887,1
EWSR1,0.9942443,1
IQGAP3,0.9942384,1
ACACA,0.99423224,1
TRAIP,0.99422616,1
SNRPC,0.9942139,1
ERCC6L,0.9942111,1
TGFB1I1,0.99420506,1
FLAD1,0.9942027,1
ERBB3,0.9941802,1
APP,0.9941736,1
SLC7A5,0.994173,1
FGB,0.99417216,1
PIGA,0.9941498,1
PSMD6,0.99414754,1
ATG4D,0.99414223,1
PLAUR,0.9941381,1
SH3GL2,0.9941228,1
SWAP70,0.9941209,1
OGDH,0.99411255,1
PIK3C3,0.99411064,1
ARFIP2,0.99411017,1
NDUFS2,0.99410653,1
ZBTB7B,0.994089,1
VPREB1,0.9940883,1
XCR1,0.99407923,1
PISD,0.99407095,1
PCNA,0.99406767,1
SPDEF,0.9940587,1
RABEP1,0.9940403,1
SREBF2,0.9940394,1
EDN1,0.9940327,1
PARS2,0.9940228,1
PAICS,0.99402076,1
U2AF1,0.9940175,1
MYCN,0.99401,1
ATG4C,0.99400973,1
APOA4,0.9940089,1
TGM2,0.9940041,1
UBB,0.9939925,1
PMS1,0.9939898,1
SIVA1,0.9939813,1
SMURF2,0.99396896,1
BCAT1,0.99396366,1
CDK9,0.99394435,1
ATG3,0.99393636,1
PPA1,0.99391794,1
INPPL1,0.99391466,1
FBLN1,0.99390125,1
MUTYH,0.993901,1
CLSPN,0.9938812,1
EPHA7,0.9938798,1
TMEM201,0.993859,1
ARHGEF7,0.9938567,1
PLG,0.9938564,1
SLC25A3,0.9938486,1
FGD3,0.9938479,1
ZFX,0.9938459,1
ACAP1,0.9938385,1
IL5RA,0.9938181,1
ANAPC2,0.99381715,1
MX1,0.9937982,1
IL25,0.99379736,1
PCBP1,0.99379575,1
RALB,0.9937842,1
CCL21,0.9937837,1
SORT1,0.993775,1
RCSD1,0.9937738,1
NFIL3,0.99377245,1
P2RY10,0.9937371,1
CHIT1,0.99373406,1
ATG7,0.9937231,1
RFC4,0.99371344,1
GPC1,0.9937032,1
PTTG1,0.99370074,1
OLFM4,0.99369216,1
GSN,0.99368095,1
IGF2R,0.99368036,1
SDHA,0.9936714,1
ARF6,0.9936627,1
WASL,0.9936419,1
SEC24C,0.9936248,1
SEC23B,0.9936225,1
RBMS2,0.99360126,1
MTO1,0.99359953,1
POLR3B,0.99359703,1
SAA1,0.9935867,1
MDH1,0.99358493,1
PSMD8,0.99358433,1
SERPINF2,0.9935644,1
CD93,0.9935634,1
BCOR,0.99355644,1
EPO,0.99354833,1
VDAC1,0.9935469,1
ETS2,0.99352807,1
RAPGEF1,0.99352115,1
SLC25A15,0.9935033,1
ACVR2A,0.99348855,1
WDHD1,0.9934865,1
MAP3K8,0.9934822,1
SLC31A1,0.9934772,1
HIC1,0.993472,1
PIKFYVE,0.9934708,1
CLEC10A,0.9934642,1
IL17C,0.9934441,1
TOMM40,0.99344194,1
CD2AP,0.9934402,1
SLC15A3,0.99343735,1
TREM1,0.99343526,1
AMFR,0.993414,1
ATP6V0A2,0.9934111,1
PGAM5,0.9934018,1
LAMTOR3,0.9933883,1
TARS1,0.9933656,1
LCAT,0.9933594,1
DNMT1,0.9933565,1
XPOT,0.99335504,1
SMC5,0.9933549,1
CCAR1,0.9933467,1
ETV3,0.993343,1
GANAB,0.99334127,1
FCER2,0.9933389,1
IKZF4,0.99333644,1
PLCG1,0.99333405,1
SEC11A,0.99330187,1
HLA-DPA1,0.9932995,1
CBX3,0.9932927,1
SLAMF7,0.9932811,1
CLEC4E,0.99326384,1
TRIM37,0.9932462,1
OGA,0.9932461,1
RC3H2,0.9932361,1
COL7A1,0.99323237,1
HNRNPA3,0.9932172,1
GZMM,0.9932146,1
SMC1A,0.9932054,1
SF3A1,0.99319357,1
CCNT1,0.9931844,1
DNAJB1,0.99318165,1
CMPK1,0.9931734,1
UBE2O,0.9931704,1
DPM1,0.9931624,1
HLA-DOA,0.9931257,1
SHARPIN,0.9931235,1
EIF5A,0.99311864,1
SLC2A6,0.9931172,1
USF2,0.99310654,1
ASXL1,0.99308985,1
DHODH,0.99306583,1
HLA-DQA2,0.99305,1
WIPI1,0.99304706,1
BCAR1,0.9930352,1
TBC1D10C,0.99303293,1
TNIP2,0.9930265,1
MYO5A,0.99302614,1
ATP7B,0.9930167,1
CRNKL1,0.99301213,1
MAFF,0.9930052,1
PCBP2,0.9929871,1
IFI44,0.99298006,1
POT1,0.9929751,1
BCCIP,0.99297196,1
PSMB3,0.99293077,1
ARID1A,0.99292207,1
FGF7,0.99290586,1
UBE4B,0.992896,1
ACVR1B,0.9928907,1
PLEKHH3,0.9928686,1
SNRPB,0.99282163,1
TUBG1,0.9928121,1
DHX8,0.9928082,1
PIAS3,0.9927833,1
WDR81,0.9927832,1
PDS5B,0.9927477,1
RTP4,0.9927269,1
BATF3,0.992716,1
LYZ,0.992679,1
ND1,0.992664,1
MAPK13,0.9926548,1
HEY1,0.992638,1
ATG14,0.9926118,1
BFAR,0.9926097,1
P4HA1,0.99259275,1
ISCU,0.9925736,1
DOK2,0.9925655,1
MAPK3,0.99256164,1
TOMM70,0.99254066,1
PSMD7,0.99253404,1
NKX2-3,0.9925311,1
THBS2,0.9925252,1
EME1,0.9925249,1
PDGFRA,0.9925103,1
RHEB,0.9924716,1
THY1,0.9924528,1
RAB7B,0.9924517,1
HIP1R,0.99243486,1
RFC1,0.9924346,1
MYO9B,0.9924246,1
SURF4,0.99242216,1
CDH17,0.99242145,1
C4BPA,0.99241537,1
UROD,0.99236953,1
CDT1,0.9923602,1
MARS1,0.99235314,1
STT3A,0.9923498,1
INS,0.9923441,1
PHB2,0.9923138,1
TXK,0.99230874,1
STAB2,0.9922975,1
ENTPD1,0.9922969,1
IL17RE,0.9922896,1
FYCO1,0.9922814,1
CP,0.9922787,1
MEIS1,0.99223995,1
SCIN,0.9922276,1
CDH5,0.99222696,1
ATP6V0C,0.9922242,1
COL18A1,0.9922085,1
F13A1,0.99220407,1
PNN,0.9922017,1
DCTPP1,0.9921894,1
CLTB,0.9921869,1
DOK3,0.9921679,1
APAF1,0.99214715,1
ACVRL1,0.99213284,1
RUNX1,0.9921325,1
LTA4H,0.99209374,1
FOXO4,0.9920919,1
AIF1,0.9920888,1
BMP1,0.99207366,1
TRIP13,0.992061,1
AP2B1,0.99205667,1
CTSZ,0.99205387,1
IFNA13,0.9920528,1
NDUFS8,0.9920448,1
EPHB2,0.9920374,1
UBXN1,0.9920294,1
FOXN2,0.99202055,1
STT3B,0.9920081,1
SNX2,0.99200577,1
LRP5,0.9920025,1
TNS2,0.99196047,1
IL19,0.9919458,1
SLC40A1,0.99188083,1
PHGDH,0.9918737,1
KLF11,0.99186677,1
HBEGF,0.99186265,1
ADAMTS3,0.99186194,1
CCR3,0.9918608,1
MAPK8IP3,0.99185795,1
HMMR,0.99185747,1
TRIO,0.9918499,1
NPLOC4,0.9918332,1
VDAC2,0.99179256,1
MAP3K11,0.9917685,1
RUVBL2,0.9917571,1
C1QTNF6,0.99175006,1
VARS1,0.9917446,1
CIDEB,0.9917435,1
MAPK12,0.9917354,1
TICAM2,0.99173284,1
HLA-DRB1,0.99172205,1
ARIH1,0.9917035,1
TFR2,0.99170274,1
COL4A1,0.991653,1
ATP12A,0.9916441,1
DDB2,0.99162745,1
EPS15,0.9915952,1
RHOQ,0.9915878,1
ARID1B,0.9915782,1
TOP3B,0.9915766,1
MYOM2,0.9915637,1
CHAF1A,0.991549,1
NLRC5,0.9915376,1
NPC1L1,0.99153227,1
CXCR1,0.99151444,1
DNTT,0.99150676,1
YARS1,0.9915063,1
AGBL3,0.9914323,1
GLOD4,0.9914315,1
DDX11,0.99140173,1
CAD,0.99137986,1
MAPRE3,0.99137515,1
LILRA4,0.9913731,1
F2,0.99137294,1
ADIPOQ,0.99137104,1
MMS19,0.9913693,1
ZC3H12A,0.9913468,1
MAFK,0.99133915,1
CTRL,0.991335,1
H2AC19,0.9913339,1
GNS,0.99132615,1
APOA5,0.9913258,1
COL2A1,0.9913065,1
GOLM1,0.9913038,1
PIAS2,0.9912957,1
RNASE6,0.99128914,1
UBASH3A,0.99126786,1
CTSA,0.9912641,1
TCF4,0.9912623,1
RECQL,0.99124557,1
EIF5B,0.9912402,1
STAB1,0.9912282,1
LTBP1,0.99120927,1
SIRT7,0.99116653,1
CKAP5,0.99116313,1
TERF2IP,0.9911488,1
PSMD1,0.9911481,1
DICER1,0.9911384,1
DNAJB4,0.9911378,1
CHD3,0.99113727,1
TBX3,0.9911277,1
TCF12,0.9911261,1
PYGL,0.99112225,1
ERCC2,0.99110454,1
FOXG1,0.9910978,1
ABCB6,0.99108523,1
EPHA3,0.9910817,1
MYO10,0.9910706,1
LMNB1,0.9910636,1
PSPC1,0.9910495,1
GCG,0.99102366,1
FAP,0.991012,1
TXNIP,0.9910046,1
UBA2,0.99098116,1
PAK1,0.99097145,1
UBE2C,0.99096984,1
PTGER4,0.9909638,1
ERBB2,0.9909473,1
HUWE1,0.99093366,1
RAB32,0.9909334,1
DROSHA,0.9909293,1
MZF1,0.99092686,1
REV3L,0.99091583,1
PSMB7,0.99091446,1
BRD4,0.990914,1
FBN2,0.99091303,1
PIK3R2,0.9908641,1
BAX,0.9908545,1
MME,0.99083215,1
CREB1,0.9908279,1
VDAC3,0.9908189,1
CDC5L,0.9908155,1
TNFRSF10A,0.99080324,1
TWIST1,0.99079555,1
LY9,0.99077237,1
MMP8,0.99075854,1
CLTA,0.9907414,1
FARSA,0.99073887,1
CYB5R3,0.990728,1
ATP6V0E1,0.99071854,1
PGF,0.99071735,1
PLD4,0.9907154,1
CBX4,0.9906865,1
PIK3AP1,0.9906641,1
HIRA,0.99066263,1
APOBEC3G,0.9906624,1
RAB8B,0.99065745,1
PPAT,0.99061006,1
POLR2B,0.99058926,1
SPP1,0.99058354,1
MATR3,0.99058086,1
SRP19,0.99058026,1
LMBR1L,0.99053615,1
NOLC1,0.99052656,1
NF2,0.99051684,1
EDEM3,0.99051243,1
RND2,0.99051076,1
GIT1,0.99049383,1
CDA,0.990471,1
ABI1,0.9904631,1
ACOD1,0.99043125,1
NOTCH4,0.99042994,1
CYCS,0.9904283,1
RORA,0.9904231,1
TMED2,0.99041533,1
LILRB2,0.9904116,1
CS,0.9904079,1
BABAM1,0.99039865,1
LCT,0.99038213,1
CCNE1,0.99037665,1
STRAP,0.9903681,1
CUL4B,0.99036473,1
PSMA1,0.990352,1
TOP3A,0.99034905,1
PSMC6,0.99034894,1
WDFY4,0.9903369,1
STK11,0.9902919,1
PSMA3,0.99024886,1
LAMB1,0.9902474,1
SLC19A1,0.9902227,1
GNPTAB,0.9902176,1
A2M,0.99021685,1
SSRP1,0.9902104,1
CCL3L3,0.9902008,1
CD163,0.9901958,1
PRDX6,0.9901815,1
NME8,0.9901689,1
GPT,0.99016213,1
FBXO11,0.99015117,1
SERPINH1,0.99014914,1
VAMP2,0.9901101,1
KDM6B,0.99007225,1
SLC39A14,0.9900675,1
APOB,0.9900539,1
USP25,0.99005157,1
IL20RA,0.990035,1
MMP28,0.9900316,1
CD1B,0.9900305,1
TPP1,0.9900149,1
RTN3,0.99001163,1
IFIT5,0.9900031,1
MPO,0.9900019,1
RPS15,0.9899979,1
ESPL1,0.9899894,1
VMP1,0.98998016,1
LILRB1,0.9899743,1
TGFA,0.98996806,1
PIAS4,0.98994887,1
INHBA,0.9899436,1
GTPBP4,0.98993474,1
IL11,0.98991853,1
PSMF1,0.98991793,1
EIF2S2,0.98991287,1
HSPA4,0.9899122,1
COPS4,0.98990715,1
PIGM,0.9899046,1
CYTH1,0.98989594,1
IDH3A,0.9898873,1
HSPA6,0.9898735,1
SLC30A10,0.9898734,1
LAPTM4B,0.98987,1
USP13,0.98986673,1
SESN2,0.9898247,1
RNPEP,0.9898145,1
IFNA21,0.9898057,1
P3H3,0.9897927,1
EIF3M,0.9897786,1
XCL1,0.989778,1
SERPINA3,0.989764,1
DCTN2,0.9897433,1
CHFR,0.9897389,1
U2AF1L4,0.9897355,1
NCK1,0.98972344,1
C1QBP,0.98971975,1
PLS1,0.98971117,1
PPP1R15A,0.98970455,1
CYGB,0.9896987,1
CTNND1,0.9896876,1
ZYX,0.98967046,1
SGIP1,0.98966986,1
DDX3X,0.9896672,1
IGF2,0.98965657,1
PAK5,0.9896535,1
NOA1,0.98964953,1
CTSV,0.98964405,1
MRPL58,0.98963684,1
POSTN,0.98963296,1
UGGT1,0.9896288,1
U2AF2,0.989584,1
EPAS1,0.9895744,1
MAFB,0.9895566,1
CTNNA1,0.9895499,1
MAN2B1,0.98953575,1
RNF41,0.9895354,1
OAS3,0.98953456,1
BUB1,0.9895341,1
ITGB4,0.98949546,1
HGS,0.9894918,1
ENOPH1,0.9894884,1
NAPRT,0.9894861,1
F12,0.9894852,1
HNF4A,0.9894567,1
CAMLG,0.9894422,1
KIF23,0.98944026,1
FCAR,0.989437,1
ERN1,0.9894294,1
EXOC7,0.9894064,1
PKM,0.9894056,1
HLA-DOB,0.9894041,1
SENP3,0.9893694,1
APRT,0.9893588,1
CASP5,0.98934424,1
APTX,0.9893329,1
CRBN,0.9893232,1
EIF3L,0.9893093,1
GTF3A,0.9892853,1
CD248,0.98924583,1
PERP,0.98923534,1
HDAC1,0.9892324,1
SORL1,0.98921824,1
OSR2,0.98920804,1
USF1,0.9891887,1
NCR1,0.98915684,1
ERBB4,0.9891376,1
RNF146,0.9891087,1
PSMA6,0.9890976,1
DOT1L,0.98908687,1
HSPE1,0.9890805,1
PLRG1,0.9890805,1
ELAC2,0.98907125,1
PYHIN1,0.9890618,1
KIF5B,0.98904955,1
ARID3A,0.9890464,1
ARL4A,0.9890352,1
KRT14,0.98903346,1
OXSM,0.9890181,1
MAP4K3,0.989016,1
BCKDHB,0.98901296,1
ERRFI1,0.989012,1
SELP,0.9890026,1
ATP6V0A1,0.9890007,1
RHOB,0.9889971,1
IGF2BP1,0.9889858,1
DDX39B,0.9889607,1
TUBA1C,0.9889604,1
SERPINE2,0.9889565,1
SMARCC2,0.98895055,1
XAB2,0.9889446,1
EXOC5,0.9889374,1
CEBPD,0.98893565,1
AP1G1,0.9889121,1
MBTPS1,0.9888889,1
DNAJB9,0.9888887,1
FTH1,0.9888877,1
PLS3,0.9888637,1
SEC61A2,0.98881906,1
KNTC1,0.9888032,1
MCAM,0.9887905,1
PPBP,0.9887555,1
PCYT2,0.9887377,1
COASY,0.9887305,1
NUBPL,0.98871136,1
ACACB,0.9887029,1
TFDP1,0.9887023,1
NFKBID,0.98867095,1
ACOT9,0.988655,1
HSPA1A,0.98865426,1
SP2,0.9886453,1
CBS,0.98863846,1
SMAD9,0.98863053,1
KRT8,0.98862946,1
ACTN1,0.9886026,1
IL20RB,0.988572,1
APLF,0.98855674,1
NFE2L1,0.98854804,1
PTDSS1,0.9885466,1
EMC4,0.988525,1
HNRNPAB,0.9885182,1
BMI1,0.9884857,1
HEPH,0.98848164,1
EEF1E1,0.98847955,1
ERCC3,0.98846895,1
HAMP,0.98846483,1
GSTM1,0.98845714,1
SLC26A2,0.98842794,1
MAPK15,0.98838204,1
TLN1,0.98835343,1
MAP3K1,0.9883102,1
ITGB5,0.9882832,1
SLC11A1,0.9882627,1
RNF11,0.98825175,1
VPS18,0.9882422,1
SSB,0.98823,1
MERTK,0.98822916,1
ATP5PF,0.9882251,1
CXCL16,0.9882031,1
ORC2,0.9881793,1
PSMA2,0.98817843,1
COL4A2,0.98814875,1
LRP8,0.988143,1
SLC25A37,0.9881423,1
GALE,0.9881345,1
DOCK3,0.98810834,1
EGFL7,0.9880981,1
IL26,0.98802793,1
PDCD11,0.9880221,1
FERMT2,0.9880201,1
TSG101,0.9879986,1
NID1,0.9879985,1
ZFP36,0.98798966,1
YARS2,0.98797464,1
ECM1,0.9879639,1
CCT7,0.9879435,1
TTK,0.98791635,1
FIS1,0.98791635,1
METAP2,0.9878665,1
ELAPOR1,0.98784304,1
PF4,0.98784244,1
SAR1A,0.9878203,1
RTN4,0.98782027,1
SNRPD2,0.9878116,1
NKRF,0.98779523,1
NUMA1,0.98773474,1
TRA2B,0.98773336,1
EEF1B2,0.98773044,1
UCHL5,0.9877043,1
GBP4,0.98769367,1
SEC11C,0.987668,1
TIMELESS,0.98766696,1
FOXA1,0.9876446,1
GP1BA,0.9876351,1
GFM1,0.9876009,1
ARPC2,0.9875514,1
TAPBPL,0.987543,1
BHLHE40,0.98754233,1
S100A4,0.9875421,1
TPI1,0.9875235,1
MCOLN1,0.9875144,1
ELOB,0.9875135,1
KRT4,0.98750466,1
FLCN,0.98748744,1
ATF7,0.9874604,1
KDELR1,0.9874489,1
PMAIP1,0.98744047,1
SNAI2,0.98740375,1
AMBRA1,0.98740035,1
IBSP,0.9873893,1
PRDX3,0.98737437,1
COPB2,0.98737204,1
LIMA1,0.9873476,1
IGF1,0.98728484,1
PRPF4,0.9872613,1
LCN2,0.9872592,1
KHDRBS1,0.98725873,1
CTSH,0.98724115,1
CKS1B,0.98724097,1
ADAM15,0.9872399,1
RBM25,0.98721933,1
SMARCC1,0.98721784,1
FRZB,0.9872141,1
RCOR1,0.9872075,1
UXT,0.9872038,1
ARSL,0.98719364,1
SP3,0.9871918,1
ELMO1,0.98713815,1
CCNF,0.9871356,1
SDF2L1,0.98712486,1
LIG3,0.9871213,1
SLC25A20,0.9871185,1
CAND1,0.98711455,1
IFRD1,0.98710525,1
STXBP5L,0.987105,1
PLK1,0.987102,1
EDA,0.9870898,1
SNAI1,0.9870841,1
SNU13,0.98708284,1
NFRKB,0.9870804,1
SNAP29,0.9870429,1
CHPT1,0.987021,1
ADGRG7,0.98700935,1
LAMC1,0.98694265,1
PSMD3,0.9869241,1
CASP7,0.9869235,1
TMSB4X,0.98692316,1
ASPG,0.98689854,1
SOCS6,0.9868911,1
PSPH,0.98689073,1
TCOF1,0.9868492,1
CRKL,0.98679,1
CARS1,0.9867308,1
KPNA4,0.9867034,1
NTHL1,0.9866735,1
NALCN,0.9866605,1
SGPL1,0.98665863,1
UBE2E3,0.9866512,1
NCKAP1,0.986641,1
ALB,0.9866013,1
MEF2B,0.98659766,1
ITGB7,0.9865465,1
LIPE,0.9865205,1
RREB1,0.98649687,1
PKLR,0.986482,1
TYROBP,0.98647296,1
ABCA7,0.9864639,1
APOL6,0.98646265,1
FLNA,0.98643947,1
CD14,0.986429,1
EGR3,0.98642194,1
ABCB7,0.9864119,1
GFPT1,0.9864117,1
IL4I1,0.9863928,1
RAN,0.9863901,1
LEP,0.9863827,1
CD300LB,0.9863675,1
POLB,0.9863448,1
IL17RB,0.98633677,1
VRK1,0.9863317,1
UCHL3,0.9863267,1
RPTOR,0.98627394,1
GPI,0.9862639,1
CCNB1,0.986231,1
CLTCL1,0.98620725,1
SERPINC1,0.98618084,1
WNT2,0.9861339,1
ORC4,0.98610085,1
CTSE,0.9860935,1
XBP1,0.9860449,1
GMDS,0.9860366,1
PCK2,0.9860217,1
MYBL2,0.98600626,1
EBP,0.98599213,1
EVI2B,0.98597413,1
MTHFD1L,0.9859605,1
PIM2,0.98596036,1
ADGRE1,0.9859601,1
ADI1,0.98594505,1
EIF2AK4,0.9859278,1
CX3CL1,0.9859244,1
IFI6,0.9859235,1
OMA1,0.98592293,1
FASN,0.98591423,1
TRAF3IP3,0.9859006,1
RPL3,0.985892,1
ATP5PO,0.98588866,1
DDX19B,0.98588574,1
EOMES,0.985871,1
ADK,0.98584694,1
FZR1,0.9858418,1
TNFRSF10D,0.9858413,1
DTX2,0.985823,1
ELOVL2,0.9857971,1
PPARGC1A,0.9857918,1
POLQ,0.98577183,1
CBFB,0.98575485,1
DAD1,0.9857479,1
SLC2A4,0.98574764,1
RND3,0.9857475,1
HMGB2,0.9857064,1
OSBP,0.98570573,1
PTPN12,0.98569655,1
COX1,0.9856647,1
TOM1,0.98564917,1
RTCB,0.9855552,1
SART3,0.98555297,1
TIGIT,0.98555213,1
CORO1C,0.98553246,1
CCT6A,0.9855268,1
RACGAP1,0.9855049,1
CD209,0.98545766,1
CCR8,0.9854451,1
KIF16B,0.98541564,1
LOXL1,0.9854146,1
NARS2,0.9854065,1
SREBF1,0.9853755,1
TRPS1,0.9853419,1
RPS6,0.9853307,1
KIF13B,0.9853137,1
RHOU,0.9853048,1
PFKL,0.9852704,1
CD177,0.98526436,1
GGA3,0.9852598,1
RACK1,0.9852415,1
RPS3,0.9852314,1
TNIP3,0.9852283,1
ALCAM,0.98522526,1
ANKH,0.98520076,1
PARP3,0.9851999,1
CTPS2,0.98517853,1
SERINC3,0.98517656,1
ATL2,0.98516625,1
MAT1A,0.9851649,1
SUMO1,0.98515123,1
VCAN,0.98514915,1
MITF,0.98514545,1
BCR,0.9850953,1
MYH9,0.9850883,1
SFTPC,0.9850867,1
KDM5A,0.985084,1
GAPDH,0.98507833,1
ERH,0.9850699,1
DPP7,0.98504883,1
AARS1,0.985044,1
RPL6,0.9850381,1
POFUT1,0.9850182,1
ASS1,0.98498684,1
SERPINB5,0.9849399,1
RBM14,0.9849221,1
HDAC2,0.9849219,1
ZGRF1,0.98491645,1
RFK,0.98487365,1
DEDD,0.9848593,1
ATP5PB,0.984844,1
CPN1,0.9848396,1
RNF14,0.9847788,1
PMM2,0.98474956,1
NTAQ1,0.9847436,1
AZGP1,0.98472285,1
VLDLR,0.9847044,1
RAB14,0.98470414,1
SERPINB1,0.9846741,1
RAB11A,0.9846666,1
MAF1,0.98465675,1
FCRLA,0.984631,1
ADGRE5,0.984623,1
HSPB1,0.9846199,1
CLK3,0.98460555,1
RNF126,0.9845917,1
DGKA,0.9845634,1
RAD51AP1,0.9845632,1
MBOAT7,0.98452884,1
PELI2,0.9845269,1
TYRO3,0.9844779,1
ENPEP,0.9844652,1
NIT2,0.98445314,1
LILRB4,0.98445094,1
KLRB1,0.98443246,1
VSIG4,0.9844244,1
CDC42BPA,0.9843955,1
NFE2,0.9843774,1
NFAM1,0.98435163,1
DUSP12,0.98433185,1
LMAN2,0.9843225,1
ARHGEF6,0.98431164,1
MSX2,0.98430264,1
PSME1,0.9842189,1
NR1H4,0.9842147,1
SAFB,0.9841988,1
SNRPD3,0.98416555,1
MTHFD2,0.98416406,1
DNAJC3,0.98414654,1
TOP1MT,0.98413473,1
CLN3,0.98411924,1
AP1S1,0.98408866,1
DNAJA3,0.98404586,1
ST13,0.9840217,1
BCL2,0.98401976,1
LBR,0.9840164,1
CLPX,0.98399526,1
PSEN2,0.9839759,1
HTRA2,0.98397577,1
MAP1LC3C,0.9839733,1
SPCS3,0.9839626,1
CST7,0.98395246,1
TNS1,0.98394483,1
NADSYN1,0.983924,1
CD22,0.9839152,1
FUT4,0.9838848,1
PTPN7,0.9838605,1
CDK6,0.9838455,1
NUP153,0.98384315,1
DCN,0.9838403,1
SIGLEC1,0.9838185,1
VCPIP1,0.9838123,1
PHF6,0.9838095,1
NFE2L3,0.9838013,1
RPIA,0.9837969,1
GBP2,0.98377293,1
COLEC12,0.983752,1
SIL1,0.98370254,1
INF2,0.9836293,1
APOA2,0.9836234,1
SEMA4A,0.9836157,1
ADAMTS1,0.9836125,1
MMUT,0.9836068,1
SNRPD1,0.98360187,1
ARHGDIB,0.9835957,1
IER3,0.9835682,1
ELF1,0.98354566,1
OCLN,0.983508,1
GRHPR,0.9834916,1
NAMPT,0.98348063,1
UBE2B,0.98346347,1
TAF5L,0.98344016,1
SMAD5,0.9834374,1
TLL1,0.9834368,1
DLD,0.9834314,1
NKAP,0.9834005,1
PSMD12,0.98337215,1
PRSS1,0.9833656,1
NPEPL1,0.9833545,1
ANGPT1,0.98335385,1
GOLPH3,0.9833422,1
FAAP100,0.9833398,1
EZH1,0.9833391,1
FDFT1,0.9833249,1
SF3B3,0.9833188,1
EGLN2,0.98331684,1
CASP6,0.98326254,1
NFKBIL1,0.9831838,1
SLC25A10,0.9831834,1
RYK,0.98318243,1
SIRT6,0.98315823,1
SMARCE1,0.9831199,1
LILRB3,0.983062,1
TRIM14,0.98305434,1
HSPA1L,0.9830487,1
AP1S2,0.9830429,1
SP7,0.9830148,1
HPR,0.98300916,1
GAB2,0.9830035,1
NFS1,0.9830026,1
LAIR1,0.98299825,1
FUT8,0.98299,1
SERPINA6,0.98297405,1
SLC2A3,0.98295236,1
CD160,0.98293173,1
PAX2,0.98287266,1
TAB3,0.9828577,1
SIGIRR,0.98283434,1
RPS29,0.98279244,1
HNRNPUL1,0.98277086,1
DTL,0.9827581,1
EPN1,0.98274314,1
BGLAP,0.9827266,1
CA1,0.98272115,1
ENTPD8,0.98271966,1
FCHO2,0.982698,1
RFC2,0.98268837,1
TP53I3,0.9826864,1
CDC25B,0.98263365,1
GCC2,0.9826333,1
MAP3K3,0.9826298,1
AKR1B1,0.98261434,1
RAB8A,0.9826083,1
TPCN2,0.98259026,1
VAMP8,0.98256785,1
MLF2,0.9825331,1
MOV10,0.98253214,1
RARS1,0.9825289,1
POU6F2,0.98249763,1
RAB25,0.9824936,1
PSMD10,0.9824493,1
APOM,0.98244345,1
SOX5,0.98243755,1
CA9,0.9824265,1
PARP4,0.98240626,1
RTN2,0.9824041,1
SETD1B,0.9823544,1
ZMIZ2,0.982346,1
HHAT,0.9823292,1
BNIP3,0.9823214,1
UBAC2,0.98230714,1
CPD,0.98229903,1
PAX3,0.9822841,1
SPARC,0.9822795,1
NEDD9,0.98227924,1
TP53INP1,0.98227066,1
SMS,0.9822704,1
SNX5,0.9822672,1
ANXA2,0.98226386,1
MSMO1,0.98223835,1
SERPINA4,0.9822317,1
ACE2,0.9822174,1
SSR2,0.9822009,1
FOXQ1,0.982157,1
CDK5RAP1,0.9821453,1
PLAT,0.9821383,1
GPX4,0.98213667,1
MYH10,0.98201054,1
DOCK1,0.98200905,1
CD24,0.9819902,1
USP14,0.98197573,1
PCSK5,0.9819754,1
POU5F1,0.9819733,1
NUP214,0.9819665,1
EMC2,0.9819581,1
MYO1E,0.9819193,1
NECTIN2,0.9819178,1
NOS3,0.9819162,1
MFN2,0.9818902,1
TUSC3,0.9818763,1
MTTP,0.98187387,1
TMPO,0.9818308,1
HK3,0.98183066,1
F8,0.9818246,1
TJP1,0.98180574,1
PON3,0.9817925,1
NCL,0.98178667,1
NDUFS7,0.9817806,1
CYTH4,0.9817136,1
SKIC2,0.9817015,1
PTRH1,0.9816975,1
PDGFA,0.9816715,1
POMP,0.9816601,1
CDC73,0.98166007,1
DOLK,0.9816166,1
ACLY,0.9815838,1
LGALS4,0.98146814,1
PPIL1,0.98146033,1
HMGB1,0.98144525,1
HLX,0.9814216,1
SLC24A5,0.98138565,1
NFYA,0.9813705,1
SLC7A11,0.98135746,1
LMNB2,0.9813281,1
GPS1,0.98131436,1
FOLR2,0.98131025,1
GYG1,0.9813005,1
GATA5,0.981267,1
SLC35A3,0.9812634,1
RCN2,0.98125976,1
FOXL1,0.9812433,1
ITGA1,0.98123336,1
LOX,0.9812289,1
TREM2,0.9811755,1
PDHX,0.9811741,1
LGSN,0.9811483,1
CYC1,0.9811141,1
WNT2B,0.9810792,1
SLC25A28,0.9810782,1
BGN,0.9810539,1
SAMM50,0.9810021,1
TRIM26,0.98093396,1
PTN,0.9809198,1
LPCAT3,0.9809074,1
BCL3,0.9808961,1
SEC31A,0.98085195,1
IFIT1B,0.98084533,1
EEF1G,0.98083764,1
MAZ,0.9808374,1
FBL,0.98082227,1
MED26,0.9808147,1
WASF1,0.98081434,1
HIVEP3,0.98077685,1
IFNL2,0.98077124,1
ZBTB46,0.9807531,1
FHL2,0.9807417,1
GNL3L,0.9807371,1
RAB2A,0.98069364,1
KIFC3,0.98068845,1
RAB42,0.98062426,1
NSUN2,0.9806136,1
SIRT4,0.98059434,1
AP3M2,0.9805392,1
SLC4A2,0.9805392,1
TFEC,0.98053163,1
BRD7,0.9805207,1
SLC34A1,0.9804751,1
SRF,0.980474,1
SMPD1,0.9804283,1
CIAPIN1,0.98042727,1
TFDP3,0.98039883,1
ARG1,0.98039037,1
USP2,0.9803816,1
RAP1A,0.9803807,1
PIGR,0.9803749,1
ATP6V1B1,0.9803595,1
FHDC1,0.98035437,1
FRMD6,0.98029846,1
CHD1,0.98029476,1
HLA-DQB2,0.98028356,1
UPB1,0.98022777,1
NT5E,0.9802269,1
FLVCR1,0.9801983,1
TMPRSS2,0.9801554,1
BABAM2,0.98015094,1
CYB5R2,0.98014003,1
ACO1,0.9801127,1
S100A9,0.9800888,1
GTSE1,0.9800852,1
FUT2,0.98005843,1
SSBP1,0.9800514,1
ZC3H4,0.98003083,1
CCT2,0.9800208,1
ATP5F1D,0.980007,1
RHOC,0.97998774,1
ESM1,0.9799249,1
ARFGAP3,0.9799238,1
SIRT2,0.9798717,1
ASAP3,0.9798487,1
ATP6V1C1,0.97981924,1
PPCDC,0.97980976,1
MLLT3,0.97978574,1
FOLR1,0.9797784,1
USO1,0.9797754,1
CCL27,0.97975737,1
IRGM,0.97975516,1
VNN1,0.97972876,1
GPX8,0.9797269,1
GFI1B,0.97965235,1
IL17B,0.9796148,1
FLT4,0.9795503,1
ERO1B,0.97954786,1
IFNA5,0.9795455,1
HADHB,0.979542,1
STX7,0.9795234,1
GHR,0.9794774,1
UBLCP1,0.9794755,1
PRDX1,0.9794724,1
PCSK9,0.97945786,1
FIP1L1,0.97944987,1
PRIMPOL,0.9793683,1
IL17REL,0.97934204,1
ATP5F1B,0.97934055,1
DAAM1,0.97932875,1
WARS1,0.97931415,1
CILP,0.9792581,1
NDUFB7,0.9792436,1
RRP1B,0.97914916,1
RERE,0.9791429,1
FGFR1,0.97912246,1
DECR1,0.979113,1
SNRPF,0.97910804,1
FLI1,0.97909397,1
GPR65,0.97907525,1
HSPB3,0.97906804,1
DDX55,0.97903436,1
CCPG1,0.9790164,1
CNDP2,0.9790111,1
TFF1,0.979002,1
SOX6,0.97896147,1
AQR,0.9789266,1
EIF3E,0.9788988,1
PIGL,0.9788891,1
UBE3C,0.9788835,1
PARP12,0.97887325,1
SRSF3,0.978835,1
ADSL,0.9788229,1
PYCR2,0.9788046,1
SLC25A11,0.9787876,1
SLC9A3,0.9787564,1
VPS39,0.97872555,1
EXOSC3,0.9787163,1
TIFAB,0.9787038,1
RPA4,0.97868127,1
UROS,0.9786758,1
GIMAP8,0.97865766,1
ETV4,0.9785219,1
VWF,0.97850376,1
CTDP1,0.9784974,1
HIP1,0.97848755,1
ARPC4,0.9784605,1
TPM4,0.9784525,1
ANAPC11,0.9784015,1
PTPN14,0.978386,1
NRROS,0.9783819,1
IDH3B,0.97837216,1
FCER1A,0.9783694,1
G3BP2,0.9783408,1
ACVR2B,0.9783377,1
ALG11,0.97832096,1
MCM9,0.9783075,1
B3GNTL1,0.9782898,1
NKG7,0.9782718,1
BMP6,0.97826356,1
PDIA6,0.97826195,1
ZBTB16,0.9782234,1
RBM3,0.97821087,1
CRTAM,0.97817916,1
CD6,0.9781399,1
TBP,0.978128,1
TBRG4,0.9781195,1
GBP5,0.9780874,1
TNFAIP8L1,0.97806954,1
PTPN1,0.9780644,1
ANXA8,0.9780005,1
SLC38A3,0.97800034,1
WASF2,0.977975,1
GPR18,0.97795004,1
POLR2D,0.9779294,1
SLC15A1,0.9779278,1
ZNF831,0.97784775,1
PLA2G4A,0.97781473,1
SUCO,0.9777713,1
ZNHIT6,0.9777458,1
ADAP2,0.9777144,1
DUSP2,0.9776894,1
PNPLA3,0.97764456,1
RING1,0.97764003,1
VPS33A,0.977638,1
XPNPEP3,0.97761303,1
UCP2,0.97757316,1
HAL,0.9775507,1
SCARB2,0.9775144,1
DMRT2,0.9775094,1
SAR1B,0.9774802,1
SPRTN,0.9774476,1
DGCR8,0.97744125,1
IGSF6,0.9773595,1
VCP,0.97733796,1
ARRB1,0.9773367,1
GTPBP8,0.97725475,1
ERG,0.97725314,1
NUF2,0.97721285,1
TLE3,0.97719723,1
CR1,0.9771822,1
FNBP1,0.9771532,1
NOP56,0.9771388,1
ENPP2,0.97711504,1
NUMB,0.9771056,1
PYCR1,0.9770815,1
AK8,0.9770815,1
ENO1,0.9770742,1
STAM,0.9770592,1
NGF,0.9770588,1
CAT,0.97704846,1
GFPT2,0.97704804,1
SLC23A1,0.9769787,1
FHIT,0.9769747,1
IL12A,0.97696745,1
HNRNPA2B1,0.97695655,1
MRPL15,0.976944,1
E2F7,0.9768882,1
MAD2L1,0.9768878,1
SPTAN1,0.97687954,1
IL27,0.9768729,1
PPP1R8,0.9768639,1
RANGAP1,0.97683674,1
MTDH,0.9768337,1
AFP,0.9768286,1
DSCC1,0.97682047,1
IKBIP,0.97678405,1
UHRF1,0.97676796,1
SIGLEC9,0.9767378,1
RRAGA,0.97673154,1
RRAS2,0.9767156,1
DLAT,0.976705,1
UBR4,0.9767031,1
MTSS1,0.97669005,1
YAP1,0.97664875,1
NPHS1,0.97663283,1
RNF216,0.97662234,1
WNT3,0.97661465,1
GRSF1,0.97661453,1
TUBG2,0.9766118,1
STX12,0.97660387,1
BOLA3,0.97658384,1
COL6A3,0.9765563,1
P2RX7,0.976548,1
ZFYVE1,0.9765396,1
JDP2,0.9765143,1
APOD,0.9764557,1
MAP3K9,0.9764435,1
STOML1,0.9764198,1
TRIM59,0.9763566,1
TNFAIP1,0.9763312,1
UACA,0.9763282,1
HGFAC,0.9763168,1
NDUFV2,0.9763024,1
RND1,0.9762666,1
RASIP1,0.9762607,1
UBE2E1,0.97620684,1
NR4A1,0.976194,1
SPCS2,0.97618425,1
ORC5,0.9761716,1
TRIP10,0.9761554,1
SLC16A1,0.97614574,1
NFX1,0.97614235,1
SLF1,0.97610337,1
PIK3R6,0.97610325,1
S1PR4,0.9760542,1
RHOF,0.976031,1
PINK1,0.9760231,1
SLAMF8,0.97601944,1
TNC,0.9760113,1
CD320,0.97600424,1
DOCK6,0.97598946,1
F5,0.97594064,1
SLC25A4,0.9759388,1
MAU2,0.97592574,1
FUS,0.9758423,1
LIMK2,0.9758394,1
LIMK1,0.97583234,1
MYO1G,0.97580475,1
EFEMP2,0.9757735,1
FLT3LG,0.97573495,1
TKT,0.9756982,1
CXCR6,0.97565526,1
RABL2B,0.97565496,1
MAP3K5,0.9756385,1
SNRNP200,0.9756026,1
AMDHD2,0.97560084,1
PLA2G7,0.97559196,1
RNF5,0.97558856,1
KLF13,0.9755778,1
FIG4,0.97556823,1
RAB10,0.97556293,1
GORASP2,0.9755456,1
CREB3L3,0.97552866,1
POU5F1B,0.97547805,1
NUP93,0.975438,1
TENT5C,0.975421,1
RNF213,0.9754122,1
CNTNAP2,0.9753543,1
GAS2L3,0.97534853,1
IL33,0.97534335,1
CNTNAP4,0.97532475,1
HPD,0.9753177,1
EPN2,0.9753151,1
CDH2,0.9752839,1
ATG2A,0.97526735,1
KCNA3,0.97525954,1
TIA1,0.975224,1
TDO2,0.97520816,1
NGFR,0.97520554,1
PAFAH1B3,0.9751898,1
SEC61G,0.9751302,1
PARL,0.97512645,1
CCNE2,0.97506434,1
MED17,0.9750576,1
CYTH2,0.9750139,1
PKDCC,0.9749654,1
NFIC,0.97483486,1
FBLN5,0.97482896,1
WNT3A,0.97482705,1
BAG3,0.9747415,1
PELP1,0.9746815,1
NSDHL,0.9746416,1
SNRPB2,0.9746344,1
EHF,0.97460085,1
KIFC1,0.9745374,1
MFAP4,0.97447574,1
LAP3,0.9744689,1
SEC24A,0.97445995,1
FADS1,0.97445697,1
CAPRIN1,0.97441226,1
CHD6,0.9743959,1
SENP1,0.9743807,1
DTX4,0.9743414,1
RHOJ,0.97433645,1
GRIA1,0.97433066,1
NRDC,0.9743182,1
SLC37A1,0.9742896,1
ARL3,0.9742707,1
EPSTI1,0.9742537,1
DIAPH3,0.97423077,1
EFNA5,0.97423065,1
PAK2,0.9742305,1
PANK1,0.97422725,1
F7,0.97417337,1
TRIM27,0.97415483,1
DERL1,0.97413933,1
APOBR,0.9740771,1
TMEM109,0.97406274,1
HSPB8,0.97405595,1
SEC22B,0.97397715,1
ARHGEF3,0.97394425,1
RPS13,0.9738974,1
LRP1,0.9738671,1
SERPINB2,0.97385275,1
PBX1,0.9738244,1
STAG2,0.9737976,1
GCN1,0.9737907,1
TF,0.9737873,1
EEF1A1,0.9737811,1
INPP5B,0.973763,1
TAF1,0.9736756,1
TRAM1,0.9736626,1
TOMM20,0.97365516,1
DDX21,0.97361153,1
MARCO,0.97361064,1
ASMTL,0.97358435,1
MICA,0.9735792,1
FCN2,0.9735578,1
SLC1A7,0.97353756,1
MARK2,0.97349894,1
SPOP,0.9734928,1
MYO1D,0.9734903,1
GEN1,0.9734654,1
TLE1,0.97340506,1
HERC5,0.97337824,1
CIAO2B,0.97337544,1
DGAT1,0.97336775,1
TLN2,0.9732493,1
SLC2A1,0.97322774,1
PACSIN2,0.9732059,1
MAT2A,0.97319806,1
MARCKS,0.97318214,1
MSH5,0.97316855,1
PRL,0.9731511,1
GTPBP3,0.97314817,1
SLC26A1,0.97312254,1
TMEM30A,0.973105,1
DDX28,0.9730972,1
AKT3,0.973092,1
ACOX1,0.97304463,1
LGALS8,0.97303593,1
GTPBP6,0.9730108,1
H2AC1,0.9730065,1
PPID,0.97299755,1
AKT1S1,0.9729969,1
KPNB1,0.97298366,1
SEH1L,0.9729804,1
MYO1B,0.9729647,1
RPL37A,0.9729022,1
PARG,0.9728775,1
DNAJC16,0.9728169,1
KRT19,0.97276264,1
STX3,0.97275,1
CRB2,0.9727384,1
ARAP3,0.97271067,1
TNFRSF12A,0.9726964,1
CCL17,0.972681,1
ENPP3,0.97267544,1
MYO18A,0.97263443,1
SH2D1B,0.9726218,1
ATRN,0.9726211,1
DBNL,0.97255623,1
ATP23,0.97247237,1
ITGA3,0.97245514,1
AGA,0.97241217,1
KIRREL1,0.97241163,1
PBRM1,0.9723456,1
DVL2,0.97231346,1
PROM1,0.9723094,1
PSTPIP2,0.9722633,1
KDM3B,0.972235,1
SMAD1,0.97222507,1
RFX1,0.9722201,1
PRPF40B,0.9722177,1
RPL27A,0.97219527,1
NFIA,0.9721559,1
NIT1,0.97210807,1
FSCN1,0.972073,1
LTBP3,0.9720067,1
TBX2,0.9719329,1
ACKR3,0.9719034,1
MYOD1,0.971845,1
UBR2,0.9718161,1
MCM5,0.9717774,1
G6PC2,0.97172517,1
CORO1B,0.9717126,1
ELMOD2,0.97169346,1
BMPR1B,0.9716905,1
IMPDH2,0.9716877,1
CARD10,0.9716656,1
CWC22,0.97158676,1
TAGLN,0.9715764,1
EEF2,0.97157335,1
CLNK,0.9715547,1
TFB1M,0.9715447,1
PIK3R3,0.97152835,1
HMGA2,0.9715235,1
TIMM44,0.97151744,1
CKAP4,0.9714524,1
LSM6,0.97135556,1
ATP7A,0.97135395,1
APOC2,0.97135025,1
EHD1,0.9713344,1
TCF7L2,0.97129446,1
TRIT1,0.97128534,1
FBXO6,0.9712848,1
FSTL1,0.97122216,1
TOX3,0.971116,1
CERS2,0.9710517,1
KCNA2,0.9709057,1
GLO1,0.97088516,1
PIGT,0.9708071,1
KIF1B,0.97079337,1
EPHA5,0.9707909,1
PRPF39,0.97071123,1
SIRT5,0.9706782,1
KIF13A,0.9706644,1
NAT10,0.97061443,1
LSM5,0.9705846,1
FAT1,0.9705813,1
SLC13A2,0.9705664,1
SRXN1,0.97054,1
WWP2,0.9705046,1
ATP6V1A,0.97050303,1
USP19,0.970501,1
EPHA4,0.9704879,1
NOX1,0.97044396,1
USP20,0.97041523,1
EDA2R,0.97040033,1
CLUH,0.97038484,1
DPP10,0.97027653,1
GNA15,0.9702663,1
EHMT2,0.97026616,1
GDF11,0.9702581,1
DPYD,0.9702364,1
NCOA3,0.97021747,1
HNRNPDL,0.9702048,1
SPG21,0.97017956,1
WNT11,0.97017515,1
MC1R,0.97017133,1
IFNA17,0.97016656,1
COMT,0.9701647,1
EIF3A,0.9701582,1
TIMM50,0.9701332,1
VPS52,0.9701114,1
AR,0.97008485,1
CD9,0.9700431,1
TM7SF2,0.97002417,1
NEIL1,0.97002274,1
CH25H,0.96999556,1
PSMB6,0.9699101,1
MGAM,0.96989834,1
DVL3,0.9698467,1
JMJD6,0.96984136,1
PAK4,0.9698383,1
ARPC5,0.9698252,1
ADAMTS4,0.96979576,1
TDP1,0.9697908,1
SEPTIN9,0.9697752,1
GPR132,0.969717,1
VAMP3,0.9696997,1
ECT2,0.9696613,1
MSX1,0.9696316,1
PRPSAP1,0.96961635,1
PNPT1,0.96958464,1
CLEC5A,0.96955025,1
MAP2K2,0.96949893,1
RCC1,0.9694593,1
MGMT,0.96944964,1
MON2,0.9694332,1
PDGFRL,0.9694271,1
RHOV,0.96941984,1
PYCR3,0.9693689,1
CORO6,0.96936697,1
ATP6V0B,0.9693452,1
TGIF1,0.9693161,1
SDF2,0.9692914,1
CLEC2D,0.96928585,1
AGL,0.9692839,1
GAPDHS,0.9692638,1
ARHGAP44,0.9692458,1
SLC19A3,0.96920097,1
NUBP1,0.96913266,1
AP2M1,0.9691297,1
WDR12,0.96912766,1
BACE1,0.96909416,1
SMG6,0.96908087,1
ITPR3,0.9690801,1
ITSN1,0.9690535,1
HERC4,0.9690391,1
HNRNPH1,0.96893144,1
LEMD3,0.96892804,1
HERC6,0.96891946,1
COL4A3,0.9687914,1
CLEC6A,0.9687715,1
SUCLG2,0.96876806,1
MMACHC,0.9686864,1
MB,0.9686719,1
CPS1,0.9686646,1
SPEN,0.96866447,1
CCL26,0.96864367,1
INPP5E,0.968613,1
EPHB3,0.96856636,1
IMMP1L,0.96856403,1
HSPA9,0.96853817,1
PTH,0.96852005,1
CHIA,0.9683717,1
FOXK1,0.96836364,1
PUDP,0.9683626,1
AJUBA,0.96835214,1
EIF2S3,0.96825033,1
CTSO,0.9682472,1
MSR1,0.9682389,1
CCL11,0.96822774,1
HFE,0.9682138,1
CHORDC1,0.96820897,1
GZMK,0.96820027,1
SDC4,0.9681712,1
MAP3K4,0.9681398,1
SSU72,0.96809095,1
GAR1,0.9680522,1
ROS1,0.96801615,1
LIPC,0.9680053,1
IFI44L,0.9679956,1
PTPRCAP,0.96798694,1
PTK6,0.96795255,1
ARL15,0.96791816,1
ERP44,0.9678799,1
ABI3BP,0.9678248,1
POLK,0.96776587,1
CXCL14,0.9677425,1
DOCK7,0.9676577,1
RNF8,0.9676257,1
TRA2A,0.96761996,1
FBP1,0.9676109,1
BSG,0.9676031,1
AP2A1,0.96760267,1
LPA,0.96757644,1
PRMT5,0.96757555,1
VASP,0.9674493,1
GBP7,0.9674481,1
NR3C1,0.967401,1
UBE2U,0.9673866,1
CAPN1,0.96734047,1
HIF1AN,0.96731,1
RPL19,0.9672732,1
BLMH,0.96726,1
CD58,0.9672492,1
BCL2L13,0.96721476,1
CITED2,0.96717525,1
TXNDC16,0.96714336,1
HMGB3,0.9671397,1
CCNC,0.9671203,1
IGFBP7,0.9671164,1
MYO19,0.96710134,1
PCLAF,0.967087,1
TOPORS,0.96707237,1
TLE5,0.9670709,1
CTNND2,0.9670698,1
HDAC7,0.9670643,1
PLCB2,0.96702766,1
POU2F3,0.96700627,1
RECK,0.9669679,1
NKX2-8,0.96696556,1
EVI2A,0.9669379,1
NFYC,0.96691394,1
CLEC11A,0.9668948,1
TRPM2,0.9668909,1
CPSF6,0.9668679,1
HDAC3,0.9668427,1
IFITM1,0.96680796,1
RSPO2,0.96679896,1
IFNE,0.9667909,1
TMX1,0.96669847,1
SUPT5H,0.9666978,1
CD82,0.9666941,1
LPIN1,0.96668065,1
APOC3,0.96667325,1
CHMP4B,0.96666795,1
PRKAB2,0.96666,1
RAB40B,0.96665645,1
HAT1,0.96661633,1
SNIP1,0.96661,1
ARF3,0.96659774,1
RAB40C,0.9665316,1
AXL,0.96650285,1
HTATIP2,0.96650255,1
HPSE,0.9664856,1
SERPINB8,0.9664837,1
ANXA13,0.9664724,1
MEOX2,0.96646845,1
LITAF,0.96644795,1
HLA-F,0.9663771,1
UFM1,0.96635187,1
SIDT2,0.9663441,1
NT5C2,0.9662615,1
ARFGEF2,0.9662588,1
BCL2L2,0.9662388,1
HPGDS,0.96622247,1
CAPG,0.96622175,1
LAMA5,0.9661973,1
ZNF629,0.9661369,1
RPL7A,0.9661289,1
SRRM1,0.96612865,1
DRAM1,0.9660491,1
WNT5B,0.96603775,1
DDX1,0.9660364,1
EXOC3,0.9660217,1
KDM2B,0.9660217,1
TNPO3,0.9659747,1
CD207,0.96596533,1
TUBB,0.9659325,1
MDK,0.9659123,1
KPNA7,0.9658341,1
SFTPA2,0.9657686,1
RET,0.965731,1
ANXA6,0.9656718,1
COL4A4,0.9656155,1
MBD4,0.9656086,1
TFG,0.9655928,1
HNRNPL,0.96558315,1
ERGIC1,0.9655615,1
ADAMTS14,0.96551734,1
GLRX3,0.965453,1
SLC5A1,0.9654403,1
KHDRBS3,0.9654346,1
EVA1A,0.9653395,1
NKX2-1,0.96532613,1
CAV1,0.96532035,1
GCLM,0.9653118,1
PUF60,0.96527404,1
GINS4,0.9652524,1
POMT1,0.96524674,1
SF3B2,0.965186,1
CRADD,0.96515423,1
CTNNAL1,0.9650934,1
VARS2,0.9650886,1
ATOX1,0.9650809,1
SFXN1,0.96499455,1
ZNF148,0.9649759,1
TM2D3,0.9649524,1
NEIL3,0.9649363,1
PDLIM4,0.964869,1
FPR2,0.96482277,1
OCA2,0.9648212,1
KLRD1,0.96480024,1
CARD8,0.9647978,1
GMPS,0.9647939,1
ABCG1,0.96476394,1
TMEM258,0.9647136,1
TRAFD1,0.9647131,1
ERGIC2,0.9647078,1
ARHGEF17,0.9646381,1
KIF1A,0.9646235,1
IDE,0.9646197,1
ZNF638,0.9646125,1
UGDH,0.9645889,1
SRM,0.96457016,1
HOOK3,0.9645091,1
PON1,0.9645056,1
ARL13B,0.9644965,1
PDIK1L,0.96443886,1
UBA5,0.9644363,1
SAP18,0.9644241,1
ARHGAP32,0.9644148,1
MLST8,0.9643356,1
TOB1,0.964322,1
PDPN,0.9643211,1
APOC1,0.96432054,1
F3,0.9642918,1
ARL6,0.96428275,1
CHMP5,0.9642281,1
GDI2,0.9642045,1
MYCL,0.9641133,1
PDCD6,0.96410763,1
FGF11,0.9641013,1
HSPA14,0.9640853,1
IPO7,0.9640705,1
PSMA4,0.9640608,1
TRIM23,0.9640446,1
ERVW-1,0.9640324,1
IGF2BP3,0.9639812,1
ABCB1,0.96397305,1
RBM39,0.9639185,1
CNTN1,0.963844,1
NLK,0.9638027,1
PITX1,0.96374434,1
TGFBR3,0.9637419,1
SLC30A1,0.9637418,1
WDR48,0.96372473,1
UGP2,0.96370703,1
RTRAF,0.96368635,1
VWA8,0.9636769,1
GSK3B,0.9636655,1
GDF5,0.96365297,1
TRUB1,0.96358657,1
ETNK1,0.96354586,1
YBX1,0.963536,1
FETUB,0.96352935,1
ACO2,0.9634481,1
XPO1,0.96343565,1
GBE1,0.96337587,1
AP3M1,0.9633721,1
INSIG1,0.9633482,1
AZIN1,0.96334445,1
STAU1,0.96333504,1
NMNAT2,0.96328473,1
OTC,0.9632731,1
HOXB6,0.96326226,1
FBLN2,0.9632413,1
NLRP2,0.96320677,1
PDK1,0.96318585,1
PIN4,0.9631847,1
ASGR1,0.9631146,1
PRICKLE3,0.963111,1
TSR1,0.9630647,1
SLC20A1,0.9630571,1
CD300LF,0.9630538,1
DNAJB2,0.96293896,1
GEM,0.9629057,1
PAX7,0.9628786,1
IFNA4,0.96282756,1
LPXN,0.9628271,1
DDR1,0.9627977,1
METAP1D,0.96276677,1
KLKB1,0.9627512,1
TNKS,0.9627414,1
SOCS5,0.9627355,1
AFG3L2,0.9627189,1
F9,0.9627089,1
TRIM16,0.96268344,1
WDR73,0.9626684,1
RNF10,0.9626464,1
FLNC,0.96264136,1
ATP6V1H,0.96263784,1
ZMIZ1,0.9626366,1
SHMT1,0.96262294,1
STIP1,0.962595,1
DHCR7,0.9625603,1
KLRC1,0.962554,1
TMBIM1,0.96249247,1
IQCB1,0.9624883,1
CARD6,0.9624834,1
PFKM,0.96245617,1
DUSP10,0.9624039,1
PITRM1,0.9623974,1
SNX33,0.9623961,1
RNASET2,0.96237975,1
SIN3A,0.9623628,1
MYL12B,0.96235734,1
TRIM33,0.9623434,1
PIK3C2A,0.9623142,1
TLE4,0.9623092,1
ZNF436,0.9622948,1
AHNAK,0.9622126,1
KIF5A,0.9621963,1
CRLF1,0.9621102,1
RNF115,0.9620662,1
ABCG8,0.962065,1
F2RL1,0.96203893,1
BMX,0.9620221,1
ANXA3,0.9619744,1
TRUB2,0.9619193,1
ARL8B,0.9619032,1
RNF114,0.96188384,1
PFDN1,0.96186393,1
ZGPAT,0.9618586,1
ABRAXAS1,0.9618535,1
SLC29A1,0.961825,1
RHBDF2,0.96181655,1
ADAM12,0.96169955,1
PPFIA1,0.9616775,1
CHTF8,0.96163595,1
FADS3,0.9616193,1
POLR2J,0.96154106,1
MYO9A,0.9614297,1
NF1,0.9613605,1
NAP1L1,0.96135813,1
COL14A1,0.96134883,1
CACNA1A,0.96134204,1
PTPN3,0.96133506,1
LACC1,0.9612731,1
GRHL3,0.9612536,1
KDELR2,0.9612097,1
DERL2,0.961167,1
DLK1,0.96112424,1
SELE,0.9610456,1
CLEC4C,0.96099085,1
DSTN,0.96097916,1
TONSL,0.9609491,1
TOX,0.96094394,1
SLBP,0.9609394,1
NUBP2,0.9609139,1
P2RX1,0.96081954,1
HLA-DRB5,0.9608191,1
HOXA9,0.960784,1
HAO2,0.96074694,1
RNF7,0.9607454,1
GLUD1,0.9607207,1
CLCN3,0.9607072,1
EGR1,0.96070266,1
PAK6,0.9606882,1
PICALM,0.96065384,1
AVEN,0.96064514,1
TNFRSF10C,0.96057004,1
RPS18,0.96056867,1
HLA-DMB,0.9605335,1
VIL1,0.96052885,1
MZB1,0.96052635,1
AGFG1,0.960502,1
PSAT1,0.9604453,1
VIM,0.9604376,1
PAPPA,0.96042705,1
KLK4,0.9603448,1
ZIC4,0.96033514,1
FMN2,0.96032315,1
NMT1,0.9601943,1
EXOC2,0.96016616,1
ITGB6,0.9601513,1
LMNA,0.9601393,1
TFAP2C,0.96013916,1
FH,0.9600985,1
STMN1,0.9600666,1
NSMCE2,0.96005565,1
UBE2W,0.9599482,1
RAB40AL,0.95987844,1
TBKBP1,0.9598377,1
NACC1,0.9596881,1
PHF21A,0.95962906,1
RASL10B,0.95959616,1
G3BP1,0.95952696,1
NPHS2,0.95949066,1
C5AR2,0.9594744,1
CDIPT,0.95944864,1
MRPS9,0.9594113,1
DUSP16,0.95939153,1
SPTBN1,0.9593868,1
DBT,0.95938104,1
ASIC2,0.95935774,1
GNL3,0.9593285,1
TWIST2,0.9593276,1
NCR2,0.9593038,1
CLIP1,0.95927244,1
MAP3K13,0.9592236,1
TOX2,0.9591457,1
BAZ1B,0.9591439,1
SOCS7,0.95909977,1
CPSF3,0.9590943,1
PALLD,0.9590497,1
LAMC2,0.95903945,1
SF3B4,0.95903194,1
ARHGEF9,0.95899343,1
ORC1,0.9589894,1
EGR2,0.9589545,1
CDKN2D,0.9589371,1
GCM2,0.958931,1
ZCCHC7,0.95891845,1
DDX47,0.9588372,1
SEC16A,0.9588343,1
NUSAP1,0.9588185,1
SOX17,0.95880073,1
SRRT,0.9587743,1
POLR2I,0.9587704,1
ARL8A,0.9587145,1
ORC3,0.95863616,1
ADAMTS13,0.9585772,1
VPS16,0.9585547,1
APOH,0.95854384,1
COMMD3-BMI1,0.9585333,1
NARS1,0.95850855,1
EIF3I,0.958491,1
ID1,0.95840865,1
H2BC21,0.9583915,1
CENPB,0.95837814,1
KIF18A,0.95837426,1
EIF5AL1,0.958313,1
PTGIS,0.95824337,1
FADS2,0.9582391,1
SRGAP1,0.9581037,1
EPHB1,0.9580519,1
MGAT1,0.95798826,1
HK2,0.9579575,1
NAA15,0.9579517,1
CD226,0.9579339,1
TALDO1,0.95792633,1
SRCAP,0.95790416,1
HAVCR1,0.957871,1
LVRN,0.9578442,1
MYBL1,0.95782363,1
ARF5,0.9577927,1
MTARC2,0.95777607,1
APOBEC1,0.95775574,1
ARL2,0.95774144,1
RPL22,0.95772,1
COL4A5,0.95771974,1
LAPTM4A,0.9575912,1
CSTF2,0.95758843,1
BRAF,0.9575504,1
LSS,0.95752245,1
SON,0.9575114,1
HERC2,0.9574515,1
ATP6V0A4,0.9574515,1
TXLNA,0.9574282,1
ANAPC5,0.95742023,1
ANP32B,0.95732653,1
RAB15,0.957298,1
NUP98,0.9571609,1
RNF43,0.9571443,1
IMMT,0.9571406,1
TFIP11,0.95711255,1
GPR84,0.9570956,1
FAF1,0.95709,1
SUN1,0.95699275,1
PLA2G1B,0.9569898,1
SEC14L1,0.9569564,1
RHBG,0.95692116,1
CBX5,0.95691395,1
NUP107,0.95686144,1
AZIN2,0.95677304,1
DET1,0.95672554,1
ESCO1,0.95662606,1
BET1,0.95657086,1
UBR5,0.9565653,1
TESMIN,0.9565402,1
ATG10,0.95650816,1
NCR3,0.956445,1
AGRN,0.9563861,1
B4GALT1,0.9563733,1
TPR,0.95637304,1
SPON2,0.9563484,1
ITGB8,0.95634633,1
SETD2,0.95629793,1
DAZAP2,0.9562636,1
ITPR1,0.956251,1
HEXA,0.9561964,1
CPQ,0.9561522,1
AATF,0.9561441,1
NDUFA7,0.9561437,1
DCUN1D5,0.95605606,1
CLHC1,0.956048,1
AGPAT3,0.9560236,1
CDK2,0.95596945,1
CCS,0.95594895,1
ACTN4,0.95593184,1
CLGN,0.95586735,1
RCC2,0.9558149,1
UBP1,0.9558054,1
COL6A2,0.9557845,1
NELFCD,0.9557722,1
EIF4EBP1,0.955742,1
CPSF1,0.9557317,1
GPT2,0.9557047,1
MAPRE1,0.95570076,1
EHBP1,0.9556195,1
OSTF1,0.9555944,1
PIM3,0.955565,1
KEL,0.95555216,1
AK4,0.95555043,1
MCFD2,0.95550054,1
ACY1,0.9554974,1
GTF2H1,0.95544887,1
PPP3R1,0.95537055,1
SLC1A4,0.9552887,1
TIE1,0.9552535,1
NIPA1,0.9552518,1
CENPF,0.95521194,1
DCLRE1A,0.95519894,1
VKORC1L1,0.95519876,1
RPS6KA2,0.9551704,1
PTP4A3,0.955151,1
CPLANE2,0.9551426,1
EPHA6,0.9550727,1
ASAP2,0.9550545,1
GABRG2,0.95503974,1
PACSIN3,0.9550239,1
LRRFIP2,0.9550144,1
HSPH1,0.95499647,1
CTBP1,0.95496553,1
VDR,0.95493495,1
MAP4K2,0.9548766,1
SLC6A1,0.9548543,1
SGSM2,0.9548178,1
RAB33B,0.9548167,1
SKIC3,0.9546703,1
REN,0.954667,1
EIF4A1,0.9546299,1
PLEKHG5,0.954612,1
IER2,0.95457417,1
OSMR,0.9545521,1
MGAT4B,0.9544306,1
SEC24B,0.9543818,1
MAP3K2,0.9543535,1
CYTH3,0.9543505,1
COG6,0.954342,1
ATP6V1D,0.95433104,1
THNSL2,0.95422965,1
CTF1,0.954224,1
DUSP8,0.9541096,1
CSDE1,0.9540948,1
MEF2C,0.9540202,1
NPNT,0.9539631,1
MTMR3,0.95394945,1
TRPV4,0.95393115,1
RO60,0.9539071,1
FAM120A,0.953823,1
RPL4,0.9538204,1
TTC27,0.9537794,1
LMAN2L,0.95370066,1
TFPI2,0.95369816,1
SOS2,0.95369023,1
GATA6,0.9536406,1
ARL6IP5,0.95363194,1
CDC23,0.9536211,1
LONP1,0.95353013,1
DPEP2,0.9534157,1
DBN1,0.9534121,1
AASDH,0.95340824,1
ERAL1,0.9533811,1
IP6K2,0.9533702,1
UEVLD,0.9533106,1
MAPK7,0.9532173,1
COL16A1,0.9531781,1
MPC1,0.9531729,1
NOTCH2NLR,0.95316666,1
KCMF1,0.95315224,1
ALAD,0.9531489,1
DNM2,0.9531402,1
AP4B1,0.9531371,1
TK1,0.953133,1
GPC3,0.953097,1
TIAM1,0.95307946,1
SPDL1,0.95306355,1
ATP2B3,0.95304793,1
RRAD,0.95303226,1
EGLN1,0.9530014,1
ACTL6A,0.95299035,1
SOD1,0.9529552,1
ZFPM1,0.95292586,1
XPNPEP2,0.95292056,1
STX5,0.9528913,1
COL8A1,0.95286757,1
TRIM63,0.95285463,1
AP3B2,0.95282644,1
COPZ1,0.9528147,1
FBXO3,0.9528016,1
LIAS,0.9528016,1
FGFR4,0.9527952,1
PCDH8,0.9527765,1
ELOVL6,0.95274836,1
EDEM2,0.9527478,1
CABIN1,0.95267034,1
ARL5B,0.95256937,1
PARP9,0.9525546,1
MPG,0.952542,1
USP28,0.95251423,1
CRYGC,0.9524991,1
MTREX,0.9524837,1
UBA3,0.95245963,1
LDHB,0.9524514,1
CDX1,0.9524445,1
PVR,0.95240617,1
KAT2A,0.9524052,1
ZBTB32,0.9523619,1
GTF3C5,0.95220757,1
PI4K2B,0.9521884,1
SLC2A5,0.95215875,1
RALGPS1,0.95215505,1
SRSF10,0.9521391,1
NDFIP1,0.9520943,1
SCN2A,0.95208323,1
CDC40,0.95201373,1
CASK,0.9519902,1
BTD,0.9519854,1
TXNL4A,0.95198226,1
STOM,0.95194393,1
SOAT2,0.9518679,1
TWNK,0.9518641,1
BRD3,0.9518639,1
RPS20,0.95186025,1
GLRX5,0.9517867,1
SETX,0.95176893,1
ACADS,0.95176023,1
ZNF569,0.95174414,1
NCAPG,0.9517355,1
DUSP22,0.95168084,1
VPS26A,0.95167273,1
POLN,0.9516683,1
ERN2,0.9516401,1
CEP70,0.9516189,1
CBFA2T3,0.9516135,1
GADD45G,0.95158166,1
RAP2B,0.95152336,1
RPA3,0.95147955,1
SUPV3L1,0.95146054,1
CDK8,0.95144403,1
ASCL2,0.9514407,1
FDXR,0.95143896,1
ZRSR2,0.95135695,1
TGDS,0.9513467,1
SRSF6,0.95134085,1
PFKFB4,0.95127755,1
CDC45,0.95125175,1
PARD6B,0.9511394,1
SIAH2,0.9510361,1
VTI1A,0.9509944,1
LRRFIP1,0.9509939,1
MLH3,0.95097816,1
RPL38,0.95096964,1
EIF4G1,0.9508927,1
TTC1,0.9508843,1
POLR1H,0.95085377,1
ARFIP1,0.95084494,1
GALM,0.9508123,1
WNT4,0.95080465,1
PAG1,0.95069665,1
TSC22D1,0.9505959,1
EXT1,0.9505745,1
SPNS3,0.9505736,1
TRAPPC5,0.95055974,1
CLDN1,0.95054144,1
NMI,0.9505031,1
ITGA2B,0.95049286,1
IHH,0.95045495,1
CPB2,0.9504197,1
MEIS2,0.9503986,1
COL28A1,0.95033175,1
SORD,0.9503312,1
DENND5A,0.95029616,1
HINT1,0.9502954,1
NADK,0.9502851,1
GP2,0.9502587,1
IGFALS,0.95012707,1
ARFGAP1,0.9501088,1
DDX46,0.9500869,1
NOX4,0.95002514,1
CELF1,0.9499675,1
BRINP2,0.9499559,1
ATP6V1B2,0.9499264,1
LUC7L2,0.9498811,1
CLIP4,0.94985795,1
GNPTG,0.9498574,1
SDC2,0.9498472,1
IFNLR1,0.94983625,1
ITSN2,0.9498142,1
CALHM6,0.949798,1
ROMO1,0.9497784,1
ZFR,0.949765,1
H2AC8,0.949693,1
HNRNPM,0.94968474,1
CCL24,0.94959885,1
MAPKAPK3,0.9495927,1
SHCBP1,0.949552,1
ANTXR2,0.9495456,1
PTK2B,0.94949126,1
TRIM15,0.9494486,1
TUBA4A,0.9494434,1
UBQLN2,0.94944084,1
CDK11B,0.9493823,1
UBE2Z,0.9492642,1
PHF11,0.9492535,1
NEK9,0.9492471,1
AGPS,0.9492416,1
RELT,0.9492262,1
SSH1,0.9491792,1
SLX1A,0.94914824,1
GOPC,0.94914114,1
SELENBP1,0.9491085,1
ARHGAP15,0.9490811,1
GIMAP1-GIMAP5,0.9490581,1
MLXIPL,0.9490388,1
ANXA7,0.9490088,1
TRIP11,0.94898856,1
RCN1,0.948967,1
SRGN,0.94895357,1
SDR42E1,0.9489466,1
PCOLCE,0.9489386,1
SNX1,0.94892156,1
SLC2A9,0.94888955,1
GBF1,0.9488748,1
PLD1,0.9488572,1
FBXL2,0.9488356,1
FCHSD2,0.9487757,1
CDH3,0.9487108,1
PLB1,0.94869286,1
RPL9,0.94863904,1
CEPT1,0.94860697,1
COL5A1,0.9484075,1
PTHLH,0.9483815,1
HBB,0.94837743,1
MAPK10,0.94837314,1
CHAF1B,0.9482539,1
STX4,0.9482502,1
SLC25A33,0.9482291,1
CASP8AP2,0.9482205,1
HNRNPR,0.9481955,1
WDR5,0.9481758,1
AIMP2,0.9481751,1
PGC,0.9481341,1
MTFMT,0.9480945,1
NUTF2,0.9480035,1
FOXH1,0.9479822,1
MRPL12,0.9479485,1
WASF3,0.9479283,1
NUDT15,0.9478424,1
RGN,0.9477988,1
DCTN4,0.94773287,1
RNF34,0.9477099,1
MAD1L1,0.9476318,1
CES1,0.94761926,1
LMX1B,0.9475437,1
HERPUD1,0.94754153,1
DCAKD,0.9475257,1
LGALS9,0.9474875,1
SNRNP27,0.947479,1
UPRT,0.94743043,1
FCHSD1,0.9473745,1
PPM1A,0.9473668,1
PDE5A,0.9473471,1
LRRK1,0.94734645,1
ARID2,0.9473191,1
MMP25,0.9473137,1
RAB11FIP1,0.9472907,1
PDPK1,0.94726366,1
KAT2B,0.94724417,1
SBNO2,0.94722354,1
GEMIN4,0.9471846,1
PTCH1,0.9471838,1
PDSS1,0.9471756,1
DHX35,0.94716173,1
KIF5C,0.9471278,1
CHI3L1,0.9470701,1
PLEKHA7,0.9470454,1
LAT2,0.9469,1
SETD1A,0.94678766,1
GIMAP7,0.9467775,1
SOX13,0.94672304,1
SPPL3,0.9467038,1
PRKCA,0.9466404,1
CD2BP2,0.9466126,1
SLA2,0.9465565,1
SPOPL,0.9464999,1
ATN1,0.94646144,1
MYL9,0.9464196,1
NCOR2,0.94631195,1
SUPT16H,0.94630057,1
NMNAT1,0.94629395,1
HEY2,0.9462712,1
TRIP4,0.9461984,1
RARS2,0.9461903,1
PRDX5,0.9461092,1
ADAMTS2,0.9459278,1
NUPR1,0.9459149,1
TFAM,0.94587845,1
COPB1,0.94587225,1
SKAP2,0.9458459,1
ACAT2,0.9458375,1
ENDOD1,0.9457693,1
DERL3,0.9457378,1
KHSRP,0.9457001,1
RAB21,0.9456767,1
FAM3C,0.94559234,1
LSM12,0.94558245,1
EIF4E,0.94557863,1
CTNS,0.9455685,1
AGPAT5,0.9455054,1
RBL1,0.94543946,1
TIFA,0.94542396,1
NID2,0.9454114,1
CGAS,0.9453946,1
SDK1,0.94539297,1
MATN2,0.9453545,1
EGFL6,0.9453537,1
MCU,0.94534117,1
UBAP2L,0.9452956,1
AHCTF1,0.9452625,1
VPS29,0.9452593,1
PRPF8,0.94524,1
NUP54,0.9451975,1
CNTNAP5,0.94516915,1
BAP1,0.94516665,1
NDUFA6,0.94516414,1
AHSG,0.9451347,1
LGALS3,0.94512624,1
KRT5,0.9451217,1
STEAP3,0.9450715,1
KCNC1,0.94506866,1
KRT7,0.94506043,1
POLRMT,0.94502705,1
FLOT1,0.9450157,1
POLI,0.944898,1
DMXL1,0.94474083,1
DKK3,0.94472265,1
CSNK1A1,0.94471616,1
IL36B,0.94469124,1
AHSA1,0.9446481,1
COQ2,0.94456434,1
HARS1,0.9445504,1
CALD1,0.94450384,1
OGFOD1,0.9444428,1
GAS2,0.94433427,1
IQSEC1,0.9442521,1
MMP11,0.94421977,1
RPL26,0.94419503,1
TBX5,0.94419163,1
NAE1,0.94414526,1
SNX18,0.94413656,1
MNT,0.9441357,1
COX4I1,0.94413286,1
CPT2,0.94412804,1
PRDX2,0.9441133,1
POFUT2,0.9440628,1
LATS2,0.94400585,1
PHAX,0.9439793,1
SASS6,0.94392174,1
WDFY3,0.94381386,1
FGF13,0.9437565,1
HSPA1B,0.94373834,1
MYCBP2,0.94364333,1
PTPA,0.94363534,1
SPRY2,0.94362485,1
GMPPA,0.94352645,1
PSMD5,0.9435134,1
MICB,0.94350684,1
SIAH1,0.94348305,1
HIVEP2,0.9434613,1
PRRX1,0.94340277,1
TMBIM4,0.94330454,1
CENPN,0.9432768,1
ASCC3,0.94325817,1
TACSTD2,0.9432556,1
CHTF18,0.9432553,1
ULBP2,0.9432156,1
TRHDE,0.94320935,1
DYNLT1,0.94320685,1
MRPL3,0.9431835,1
PGRMC2,0.9431293,1
PRKACB,0.94311213,1
SPO11,0.94310564,1
TM9SF2,0.9428627,1
NTRK1,0.9428556,1
ARPC1A,0.9427773,1
EDNRA,0.942742,1
EXOC4,0.9427323,1
MYOF,0.9427276,1
MTRR,0.9427271,1
ATP5MF,0.9427082,1
PTGDR,0.9427022,1
BCHE,0.94261247,1
SCARB1,0.9426118,1
IL22RA2,0.9425578,1
LAMB3,0.942533,1
ZFYVE9,0.9425191,1
FLOT2,0.9425112,1
CLK2,0.9424775,1
GABPA,0.94247216,1
MRPL44,0.942431,1
KLF3,0.9423928,1
FGF1,0.94235134,1
CDC7,0.9423215,1
CENPE,0.9423163,1
ORC6,0.94228494,1
SCAMP3,0.94228315,1
MS4A4A,0.9422699,1
WWOX,0.9422623,1
MUL1,0.94225055,1
NOMO1,0.9422293,1
ANAPC4,0.94222,1
DUOX1,0.9421514,1
MMP15,0.94208497,1
MKNK2,0.9420282,1
BANF1,0.9420245,1
GABRB3,0.9419635,1
SLC4A1,0.9419334,1
HELZ2,0.94191104,1
SIGLEC10,0.9419001,1
RBM22,0.9418952,1
JARID2,0.94181776,1
ZMAT3,0.9418016,1
ABCA1,0.9417761,1
FGG,0.9417535,1
PLCB3,0.9417146,1
PSMC1,0.9416177,1
FXN,0.94160193,1
FAN1,0.9416005,1
FGD1,0.9415719,1
OSCAR,0.94151765,1
TUBGCP2,0.9415018,1
ARHGAP5,0.94140184,1
NSMCE1,0.94131607,1
CNIH1,0.94125324,1
SLC39A4,0.9412357,1
TWSG1,0.9412186,1
HABP2,0.941217,1
MAPK6,0.94110423,1
PAX4,0.94107014,1
CSE1L,0.94100785,1
CELA1,0.9409798,1
HOXB13,0.940911,1
ABI2,0.94089144,1
NDOR1,0.9408827,1
TNFSF18,0.9408738,1
RRAS,0.9408408,1
HPCA,0.94080967,1
CACNA1B,0.9407935,1
ACAP2,0.94074064,1
CA2,0.9407242,1
SRPK2,0.94066584,1
LTF,0.9405937,1
TSPAN13,0.94052666,1
NCK2,0.9404581,1
PXYLP1,0.94043946,1
FBXO5,0.940438,1
ATP4A,0.94037443,1
TMED7,0.940328,1
ARHGAP1,0.9403063,1
MORC2,0.9402842,1
MFGE8,0.94026256,1
PRKCSH,0.9401904,1
DGUOK,0.940177,1
NASP,0.94013476,1
ST6GAL1,0.94011897,1
NGLY1,0.94007427,1
CD109,0.9400439,1
DNM1L,0.9400042,1
ITGB3BP,0.9400041,1
MKLN1,0.93996376,1
ALPL,0.93992627,1
SMN1,0.9399132,1
SLC6A19,0.939876,1
RAB39B,0.93986666,1
CAPN2,0.9398168,1
DNAJC6,0.93980205,1
ITIH2,0.939798,1
SUMO4,0.93979716,1
EIF2S1,0.9397962,1
HSP90AB1,0.93974674,1
PMEPA1,0.9397095,1
MXI1,0.9396839,1
ARL4D,0.9395817,1
DDX17,0.93958056,1
CLSTN3,0.9395744,1
NBEA,0.9394864,1
STXBP1,0.9394611,1
POLL,0.939398,1
SYNCRIP,0.93932647,1
UBE2R2,0.93930364,1
PLA2G12B,0.93923885,1
FAT3,0.93921226,1
CALCA,0.9392106,1
GALNT12,0.939195,1
CARS2,0.9391358,1
BTG2,0.93911445,1
DLG1,0.9391113,1
FOXP2,0.9391051,1
FEM1C,0.93908185,1
EXOSC4,0.93898356,1
UBE2A,0.9389116,1
FLII,0.93882567,1
SPC25,0.93882346,1
TMED7-TICAM2,0.93878096,1
EMP2,0.9387418,1
MCCC2,0.93872917,1
AGXT,0.938702,1
ATIC,0.9386576,1
GAS6,0.9386498,1
POLR1B,0.9386245,1
MRPL21,0.93861943,1
SPOCK3,0.93859863,1
SLC15A4,0.9385959,1
UBE2L6,0.9385891,1
ACIN1,0.9385763,1
ACE,0.93849754,1
CDK7,0.9384511,1
TARDBP,0.9384191,1
TPD52L1,0.9384023,1
RFX3,0.93838024,1
REEP5,0.9383537,1
DHX33,0.9383423,1
ENPP4,0.93830645,1
DLGAP2,0.9383053,1
UBE2M,0.9383001,1
GPAT4,0.9382456,1
GPX3,0.93824327,1
PPM1F,0.9382383,1
MYO1A,0.9381906,1
GRIA3,0.9381609,1
POLM,0.9381534,1
SCN8A,0.93815094,1
LAMA3,0.9381225,1
FZD4,0.93809694,1
FGL1,0.93805903,1
SYNRG,0.93805504,1
ADORA2B,0.938024,1
MTHFD2L,0.9380034,1
TATDN1,0.9379979,1
NPEPPS,0.9379127,1
MYO5B,0.93789774,1
SLC16A9,0.9378602,1
ACVR1,0.9378537,1
TXNRD2,0.93778545,1
MED23,0.93774897,1
SH2D3C,0.9377366,1
TIMM8A,0.93769383,1
ACOT1,0.9376889,1
USP8,0.937678,1
OIP5,0.93767136,1
NIPBL,0.9376344,1
CDC25C,0.9375975,1
SEC61B,0.93755037,1
ANLN,0.93754804,1
DOK1,0.937488,1
SNW1,0.937485,1
RNF19B,0.9374532,1
ACADM,0.9373842,1
NDUFV1,0.9373316,1
GINS2,0.93733096,1
GORASP1,0.93731725,1
VANGL1,0.9372977,1
MTR,0.937243,1
BRCC3,0.9372081,1
PFKFB3,0.9372073,1
HACD4,0.93719244,1
PIN1,0.93710923,1
CISD2,0.937089,1
P4HA2,0.9370801,1
ARL1,0.93706053,1
HDDC2,0.9370279,1
METTL1,0.9370013,1
APC,0.93696904,1
USP3,0.93690467,1
ZIC2,0.93685174,1
SOX21,0.9368175,1
RPS6KA4,0.9368009,1
IQGAP1,0.93674713,1
RNF25,0.936679,1
PIGN,0.93661934,1
PARK7,0.93656534,1
ATL1,0.9364857,1
TRIM38,0.9364591,1
IGHMBP2,0.9363419,1
ATP6AP2,0.936334,1
SUGCT,0.93631375,1
SETDB1,0.9363108,1
CACUL1,0.9362944,1
ONECUT1,0.9362656,1
ALDH18A1,0.9362639,1
CCL13,0.936258,1
BMP7,0.9362412,1
MYL6,0.93617725,1
DYNC1H1,0.93599206,1
HTT,0.9359902,1
MTMR2,0.93597203,1
GGA2,0.9359608,1
ECSIT,0.93594176,1
FPR3,0.93592,1
RASD1,0.9359082,1
GLRX2,0.9358854,1
NR0B2,0.93583083,1
MS4A6A,0.9357611,1
LHX4,0.9357498,1
EPHA8,0.9357231,1
TACO1,0.9356634,1
MSH4,0.9355929,1
S1PR1,0.9355711,1
PIK3C2G,0.9355248,1
MLKL,0.93542457,1
N4BP1,0.9354204,1
SFRP2,0.93540496,1
TUBB6,0.9351144,1
DEDD2,0.9350678,1
ITPA,0.9350442,1
PAH,0.93503827,1
RARA,0.9350153,1
SSBP2,0.9350145,1
CDCA5,0.93494314,1
CLEC4A,0.93493855,1
PLCB4,0.9348873,1
CREG1,0.9348735,1
MAT2B,0.93481636,1
STK24,0.9346571,1
PSMA8,0.9346534,1
SF3B1,0.93462175,1
GIT2,0.93441665,1
MRPL16,0.93439823,1
DNAJC27,0.9343355,1
GPC5,0.93432355,1
RPS14,0.9343073,1
SSR4,0.93422747,1
CD96,0.93418056,1
ARID5B,0.9340932,1
TMPRSS6,0.9340467,1
P4HTM,0.93403965,1
EREG,0.9339296,1
VPS41,0.9339105,1
SPTBN5,0.9338992,1
PLEKHA1,0.93374664,1
HIPK2,0.93362933,1
TNK2,0.93351895,1
PSMB11,0.9334301,1
C4BPB,0.93334657,1
LATS1,0.93334043,1
NUP85,0.93325955,1
ROR1,0.93313986,1
USP16,0.9331343,1
PTPN9,0.9330889,1
MAN2A1,0.93308836,1
RPL3L,0.9330356,1
PREP,0.93293583,1
FOXK2,0.9328954,1
CSRNP1,0.9328859,1
MPC2,0.9328556,1
PPP1R13L,0.93283975,1
EHBP1L1,0.9328028,1
KIF20A,0.93279886,1
SLC20A2,0.9327909,1
TRIM55,0.93279004,1
GAK,0.9327827,1
RPL18,0.9327805,1
DLX3,0.9327264,1
RFNG,0.9326853,1
RAB13,0.9326472,1
NDUFS6,0.9325976,1
PPM1G,0.9325674,1
SFPQ,0.9324844,1
PRICKLE2,0.93244207,1
PRICKLE1,0.93243027,1
LUM,0.9323904,1
GYS2,0.9323482,1
SEL1L,0.93232,1
TCF21,0.93227184,1
RPL7,0.9322522,1
PREX1,0.9322104,1
GAPT,0.932102,1
RAB11B,0.9320628,1
PUS1,0.9320068,1
RPS9,0.9318597,1
EED,0.9317924,1
ACBD3,0.931776,1
RASL10A,0.9317262,1
ARFRP1,0.931582,1
SLC30A9,0.9315496,1
SLC46A3,0.93152976,1
RIDA,0.93151754,1
DGKB,0.931508,1
OS9,0.9314016,1
UNKL,0.93140095,1
ASF1A,0.9313532,1
ELK4,0.93132746,1
KLHL7,0.93131554,1
AAK1,0.93129873,1
GLS,0.9312986,1
KIF19,0.9311694,1
AP1M2,0.9311198,1
DOLPP1,0.93105745,1
VAMP1,0.9309839,1
ADAM19,0.93096393,1
RAB3IP,0.9309229,1
SUMF1,0.93091786,1
N6AMT1,0.93090415,1
DBF4,0.9308915,1
LARP4,0.9308756,1
DRG2,0.9308612,1
ANGPTL3,0.93083495,1
PARD3,0.9308237,1
PIM1,0.9307706,1
PRCP,0.93072134,1
PKP4,0.9306575,1
BMP5,0.9304074,1
RPS4X,0.93039346,1
CRISPLD2,0.9303534,1
PTPN13,0.9303329,1
EXOC1,0.93031895,1
TSPAN33,0.93012536,1
BORA,0.93009865,1
BCL7A,0.93000966,1
NRXN2,0.9300036,1
AGT,0.9299539,1
KIR3DL2,0.9298545,1
ETV1,0.92980987,1
COPS2,0.9297901,1
CLEC12A,0.9297426,1
SRGAP2B,0.9297307,1
MIER1,0.92970043,1
CCL1,0.9296031,1
GLUL,0.9295733,1
GRID2IP,0.92952883,1
AOC3,0.92951596,1
CCL22,0.9295075,1
RAB9A,0.9294836,1
WWP1,0.92944044,1
SI,0.92940396,1
CCNT2,0.9293741,1
TECPR2,0.9293142,1
GRIA4,0.9292935,1
ANKRD54,0.9292812,1
SNAPC4,0.9292263,1
ANGPT2,0.92921114,1
COX5A,0.92911524,1
AGTR1,0.92908275,1
BIN3,0.92900825,1
DPP9,0.928915,1
ANXA4,0.9288969,1
INSIG2,0.9287174,1
GLIPR1,0.92869425,1
UBE2L3,0.9286131,1
DNAJB14,0.92858773,1
TTF2,0.9285784,1
PRKCE,0.9285713,1
ACY3,0.9284551,1
ZC3HAV1,0.9284386,1
PTPRO,0.928424,1
KIR3DL1,0.9283756,1
HSPB2,0.92829806,1
DSG1,0.92820233,1
RAB24,0.9281907,1
SP140,0.92817235,1
PPIH,0.9281144,1
HMG20A,0.9279801,1
NRXN1,0.92797273,1
CKS2,0.92790014,1
MRM2,0.92785317,1
DLG2,0.927717,1
E4F1,0.92768425,1
SMUG1,0.9276618,1
PDS5A,0.9276468,1
CDS2,0.92764395,1
RAB38,0.9276108,1
RAPH1,0.92754966,1
KLF1,0.92754364,1
MYORG,0.92750853,1
ENAH,0.927503,1
UCHL1,0.9274934,1
RHOBTB2,0.92730224,1
VTA1,0.9272075,1
ANXA1,0.927191,1
POP4,0.9271773,1
RPRM,0.9271639,1
KCNA1,0.92710936,1
AEN,0.92708457,1
ATP6V1E1,0.927008,1
IBTK,0.9269938,1
SRGAP2,0.92696923,1
FAT2,0.9269682,1
ACVR1C,0.92695457,1
ALKBH7,0.92694134,1
GNL1,0.92692244,1
LCTL,0.9268804,1
KRT17,0.9268373,1
GATA4,0.92667043,1
COQ3,0.9266666,1
PCK1,0.9265964,1
TFF3,0.9265754,1
KIF4A,0.92647517,1
TEAD4,0.9264498,1
MRC2,0.92642826,1
SF1,0.9264026,1
TARS3,0.9264011,1
REPS1,0.92638767,1
PGR,0.9263307,1
RAD23B,0.9262811,1
RPL26L1,0.92620957,1
GRPEL2,0.9261545,1
FTSJ1,0.9260833,1
MYO16,0.925987,1
TRIM35,0.9259736,1
NUS1,0.9259545,1
AP4M1,0.92592865,1
SPEG,0.9259049,1
PDP1,0.92588747,1
NANS,0.9258507,1
CLEC4D,0.92573696,1
LAMTOR4,0.9256777,1
IFNA6,0.9256291,1
LAMA4,0.9255097,1
PAX6,0.9254896,1
PANK3,0.925462,1
FUBP1,0.9254309,1
CLSTN2,0.9254203,1
EIF1,0.9253935,1
TNS4,0.92537165,1
SERPINA5,0.9253384,1
SRRM2,0.92532665,1
BTN1A1,0.9252765,1
CHD1L,0.9252347,1
ANKFY1,0.92512745,1
UBE2G1,0.9251248,1
BRK1,0.9251241,1
NCKIPSD,0.9251146,1
GLRX,0.92510563,1
NAA50,0.92509604,1
FBXO32,0.9250679,1
RAB44,0.92503643,1
HDAC5,0.9250262,1
COQ7,0.92490417,1
GUCY2F,0.9248966,1
SNRPG,0.92488426,1
NCCRP1,0.9247432,1
WDR76,0.9247231,1
DCLK1,0.9246823,1
ATOH1,0.9246657,1
BBX,0.924653,1
TCERG1,0.92463684,1
SLC25A25,0.9246239,1
ADAMTS18,0.9245855,1
MDGA2,0.9245647,1
LRRK2,0.92456096,1
ATF6,0.92437166,1
FBXO7,0.92436266,1
KHK,0.92436165,1
STAM2,0.92423356,1
RPL12,0.9242245,1
P2RY13,0.92417896,1
CYP27A1,0.9241312,1
SNX3,0.92410004,1
MLEC,0.9239451,1
ZNF683,0.9239199,1
GRB14,0.92388916,1
BACH1,0.92386425,1
ALDH3A1,0.92383087,1
STX6,0.9238156,1
HMGCS1,0.92380136,1
KDM2A,0.9236777,1
TRAP1,0.92336756,1
CYFIP1,0.92336506,1
DVL1,0.9233566,1
NRP1,0.92331934,1
SPRY1,0.92328894,1
ZMYND8,0.92326546,1
EIF3H,0.9232627,1
POLR3E,0.923245,1
SMARCAD1,0.92323375,1
GATAD2A,0.9232178,1
CLNS1A,0.923181,1
UBE2E2,0.9231664,1
COG5,0.923135,1
KRT18,0.92310697,1
TOMM22,0.9230829,1
COL8A2,0.9230129,1
MRPL2,0.92299,1
LIPN,0.92289764,1
ANXA11,0.9228005,1
LAMB2,0.92274356,1
DIRAS1,0.92270964,1
AK9,0.92266774,1
CCT8,0.92262185,1
EVPL,0.92260367,1
NDEL1,0.92238295,1
LIN28B,0.92233956,1
SLC25A43,0.922327,1
RHOBTB1,0.92226845,1
TBX10,0.9222511,1
MYO6,0.92224747,1
PANK2,0.92224485,1
SCAF4,0.92222995,1
F10,0.92222404,1
MGST1,0.9222184,1
CDH11,0.9221705,1
MAPRE2,0.9221452,1
ITIH3,0.9221432,1
LDLRAD3,0.9220756,1
COPG2,0.92206997,1
ADSS2,0.9220512,1
MMP17,0.92201126,1
GABRB2,0.92185223,1
SLC17A2,0.9217493,1
ZNRF3,0.92172587,1
MATN3,0.92168134,1
ALG1,0.921648,1
NUP155,0.92157125,1
HBZ,0.92150706,1
VHL,0.9214511,1
PTGES2,0.9214386,1
USP47,0.92136556,1
DTYMK,0.9213433,1
SARDH,0.9212038,1
IFT122,0.9211776,1
MGLL,0.9211556,1
POLR3D,0.9211415,1
SLC1A5,0.9210185,1
HARS2,0.9209602,1
COLEC10,0.92094755,1
RYR2,0.92092556,1
ARL4C,0.92092377,1
RIF1,0.9209189,1
GRTP1,0.9209013,1
ARNT,0.92077863,1
NCOR1,0.9207479,1
TTR,0.9206691,1
CD200R1,0.9206549,1
FPGS,0.9205874,1
TNS3,0.9205637,1
SH2D2A,0.9204999,1
ARRB2,0.9204667,1
SRSF9,0.92037934,1
CNOT11,0.9203208,1
SLC25A14,0.92031556,1
AP1M1,0.9201527,1
H2AZ2,0.9201522,1
AQP9,0.920112,1
SNAP23,0.9200878,1
MAPKBP1,0.92003673,1
ZNF207,0.9200348,1
SLX1B,0.9199375,1
ANKRD42,0.91993666,1
STXBP4,0.9198036,1
RNF125,0.9197949,1
EHD2,0.91976607,1
COPS3,0.91974884,1
GNB1,0.91974884,1
GZMH,0.91971314,1
ASNS,0.9196978,1
MGAT5,0.9196764,1
CSTF1,0.9196319,1
KMT5A,0.9196296,1
PXK,0.9196016,1
SLC6A8,0.9194061,1
SH3GL3,0.9193278,1
SLC25A6,0.9193234,1
SMOC2,0.91931766,1
CDK1,0.91930366,1
PACS2,0.9192069,1
DNAJB13,0.91919774,1
ATOH8,0.91908383,1
UBASH3B,0.9190809,1
CYB5R4,0.91896373,1
SLC25A1,0.91896325,1
PAK3,0.9189554,1
SPRED1,0.91894066,1
SLC38A2,0.91893506,1
ARG2,0.91892964,1
BIRC6,0.918926,1
CNTN6,0.9186926,1
PLPBP,0.9186907,1
NUP37,0.9185887,1
PARD6A,0.9185673,1
HDAC9,0.9184825,1
NDUFB9,0.9184686,1
DTNBP1,0.9183975,1
GSTP1,0.9183765,1
CCNK,0.9183759,1
MED15,0.91836894,1
TREML2,0.9183194,1
NAGK,0.91831166,1
PIWIL1,0.9182988,1
TIPARP,0.9182419,1
GBP6,0.91822875,1
TCF7L1,0.9182002,1
BTG3,0.91811126,1
SLC26A3,0.91804403,1
BTBD3,0.91801417,1
EXOC3L2,0.9180036,1
ZHX1,0.9178348,1
TRIP12,0.9177907,1
P2RX4,0.91772354,1
PLOD1,0.9176334,1
LYPLA1,0.91749626,1
UBR1,0.9174658,1
NCAPD2,0.91739625,1
SCLY,0.91739434,1
EDIL3,0.9173723,1
C1D,0.9171678,1
F2RL2,0.9171101,1
MRAS,0.91692644,1
UBN1,0.91684747,1
CFL2,0.9168042,1
RPAP3,0.9166785,1
RALY,0.9166186,1
MAP2K5,0.9165105,1
VPS33B,0.91646737,1
HBP1,0.91640484,1
GCK,0.91627973,1
ARCN1,0.9162471,1
PKN3,0.9162224,1
AMELX,0.9162039,1
GDF2,0.91617817,1
SLC2A10,0.916137,1
SNX12,0.91613007,1
BIRC7,0.9161251,1
NAXD,0.91612065,1
GDI1,0.9160993,1
SNX6,0.9160392,1
RANBP1,0.9160109,1
UIMC1,0.9159843,1
ABHD5,0.915978,1
AOC1,0.91590047,1
FCMR,0.9158697,1
ACSF3,0.9158393,1
CD302,0.91583097,1
UBIAD1,0.91576433,1
E2F5,0.9157419,1
GOSR2,0.915714,1
NAA38,0.91564393,1
CCNL2,0.91563624,1
HYAL1,0.91541433,1
TXNDC9,0.9153895,1
ANP32A,0.91534334,1
PRPSAP2,0.9153277,1
CPB1,0.9152788,1
ZC3H15,0.9152761,1
SCUBE3,0.9152671,1
CAVIN1,0.91517544,1
IRS1,0.91516834,1
XAF1,0.91509897,1
TLE2,0.915059,1
DPF2,0.9150271,1
SUN2,0.91501325,1
AKAP17A,0.9149826,1
PFKFB1,0.91486216,1
EDAR,0.914846,1
VPS11,0.9148443,1
AGPAT2,0.91462576,1
LIFR,0.9145744,1
RABAC1,0.9145673,1
CSPG4,0.9145,1
DFFA,0.9144988,1
MTG1,0.91442955,1
PLTP,0.91438943,1
ISCA1,0.91438764,1
MOG,0.91438645,1
GTF2F1,0.9143804,1
DCUN1D1,0.9142816,1
ADSS1,0.9141347,1
SLC23A3,0.9141289,1
BNIP1,0.9140716,1
DDX23,0.9139913,1
NAGS,0.91398865,1
CTU1,0.9139854,1
ULBP1,0.9139851,1
VAMP4,0.913934,1
XPC,0.9139255,1
DOCK9,0.9138888,1
TTC4,0.9138704,1
GC,0.913838,1
CST3,0.91379434,1
RERG,0.9137901,1
RAB3D,0.9136761,1
NCOA2,0.91361594,1
APEH,0.9136043,1
MELK,0.9135386,1
POR,0.9135311,1
CDIP1,0.9133437,1
SUPT6H,0.91320264,1
MATN4,0.91306126,1
DCSTAMP,0.91304827,1
MTHFR,0.9129993,1
TAGLN2,0.9129889,1
PPEF1,0.9129549,1
MED4,0.9128904,1
PLEKHA2,0.9128755,1
ATP5MC1,0.9128753,1
CMKLR1,0.9128545,1
EIF4B,0.91280574,1
MAGI1,0.9127907,1
CNOT1,0.91277236,1
IDUA,0.91264683,1
DIS3,0.9126416,1
NEK7,0.91261697,1
SPCS1,0.91257393,1
MSI2,0.91255885,1
CEACAM5,0.91252166,1
ITGA9,0.912503,1
CEP55,0.9124741,1
IL17D,0.91245246,1
ARF4,0.91241616,1
TRMT1L,0.91234094,1
PPP3CB,0.9122402,1
AHI1,0.912186,1
ADAMTS6,0.9121791,1
PRPF4B,0.9121081,1
IL1F10,0.9121071,1
SLC25A46,0.91207844,1
CERK,0.91207707,1
CHN2,0.91204315,1
NR4A2,0.9119967,1
CPA4,0.91198176,1
SPON1,0.911923,1
MACF1,0.91185874,1
SF3A2,0.9118188,1
DCTN1,0.9117992,1
SMPD2,0.9117519,1
THBS4,0.9117494,1
LAMTOR5,0.9117237,1
SMG5,0.9117189,1
RNASEL,0.91161,1
IL13RA2,0.9116021,1
GPX1,0.91147095,1
POLR2E,0.91141725,1
CALM3,0.9113862,1
MYL12A,0.91134834,1
BAG4,0.91132706,1
VPS36,0.91130537,1
RHBDF1,0.91122276,1
LIPG,0.91111255,1
EIF2B3,0.9111089,1
PRSS23,0.911062,1
HPN,0.9110265,1
SLC17A6,0.9108843,1
ANKRD26,0.9108783,1
PACS1,0.9108778,1
LOXL2,0.91080093,1
GABPB1,0.9107268,1
EIF5A2,0.9107152,1
DDX18,0.9107012,1
FOXA3,0.9106681,1
CAMSAP1,0.9106394,1
DIRAS3,0.9106373,1
COPS8,0.91061556,1
TMEM11,0.9105726,1
EHD3,0.91052455,1
ANXA9,0.9104455,1
LCLAT1,0.91043204,1
DONSON,0.9104128,1
TRAPPC10,0.9104022,1
TOE1,0.9102335,1
PIP5K1B,0.91017187,1
SIPA1,0.9101713,1
KSR1,0.9100487,1
PTPN5,0.91000223,1
RAP1B,0.9099959,1
TMED5,0.9099231,1
BLVRA,0.90989184,1
GOLGB1,0.90987104,1
MT2A,0.90973437,1
PSMD9,0.9097024,1
DLGAP5,0.90969384,1
ANKRD55,0.9096547,1
SNRPA1,0.9095774,1
RPL8,0.9094787,1
EDARADD,0.9094655,1
COL6A1,0.9094453,1
ABCB10,0.9094255,1
GTF2I,0.90932816,1
HIVEP1,0.9093198,1
NCBP2,0.90931165,1
TREML4,0.90929943,1
HCFC1,0.9092289,1
TUBA1A,0.90914303,1
ARHGAP29,0.90914243,1
TFE3,0.9091188,1
ACTG1,0.9090981,1
LY75,0.909021,1
VEGFD,0.90902054,1
PIMREG,0.90899366,1
FMNL1,0.9089641,1
SGMS1,0.9088338,1
HJURP,0.9087535,1
MYH13,0.9087297,1
SCPEP1,0.9086765,1
ZNF274,0.90864235,1
ODC1,0.90844643,1
PDCD6IP,0.9082324,1
WNT9A,0.90815604,1
HGD,0.9081396,1
SEM1,0.9081343,1
KLRC2,0.90803826,1
ZFAND2A,0.90803194,1
KANK1,0.90800524,1
OSGEP,0.9079645,1
FAM20C,0.90794116,1
KLHL9,0.90787697,1
ANXA10,0.90777725,1
FUCA1,0.90770406,1
HNRNPA1L2,0.9076692,1
ATP6V1G2,0.90760195,1
PLOD3,0.9073885,1
KDELR3,0.90733224,1
EME2,0.90716064,1
PCCA,0.9071422,1
DAPK2,0.90704393,1
HNRNPF,0.90703374,1
ANKS1B,0.9069686,1
FBXW11,0.90677,1
MMGT1,0.9065141,1
MPDU1,0.9064925,1
SLAMF9,0.90647876,1
HDAC4,0.9064299,1
DAB1,0.906429,1
P4HA3,0.9064165,1
MYH7B,0.9064153,1
PIP5K1C,0.9063997,1
LIN28A,0.9060922,1
PRTFDC1,0.90607655,1
GBP3,0.9060366,1
PIGK,0.9059876,1
STX18,0.90594006,1
GHRL,0.90588,1
ANKRD28,0.90573436,1
USP10,0.9057069,1
SLC12A4,0.9056373,1
LENG8,0.9055927,1
TUBAL3,0.905482,1
PUS7,0.90545636,1
CAPN3,0.90536356,1
PRKRA,0.90532094,1
COL5A2,0.90530974,1
NIBAN2,0.9052613,1
PLAA,0.9052561,1
PLA2G15,0.90525305,1
FA2H,0.90516007,1
SH2D3A,0.9051183,1
SF3B5,0.9051076,1
TWF1,0.90509045,1
TOMM40L,0.9050828,1
CIAO1,0.90502423,1
MTPAP,0.9049742,1
BBOX1,0.9049711,1
CADPS2,0.9048955,1
SMARCD1,0.9045587,1
SMTNL1,0.9044685,1
GMIP,0.9044487,1
MYH2,0.9042551,1
GTF2B,0.90408,1
HPS6,0.90401256,1
SERBP1,0.90401226,1
PCM1,0.9040023,1
STAMBP,0.9039773,1
RPL13,0.9039636,1
NDUFA2,0.90395933,1
CNOT2,0.90383255,1
ASPH,0.9037287,1
EPOR,0.9036775,1
RPS28,0.9036469,1
UBAC1,0.9035468,1
POLE4,0.9035025,1
RBMX,0.9033629,1
PLAC8,0.90324396,1
CTRC,0.90313005,1
APLP1,0.90311706,1
EIF2B1,0.90298045,1
EXOC6B,0.90296876,1
ANAPC10,0.90290695,1
GIMAP2,0.9028567,1
CYP19A1,0.90279025,1
CBX1,0.9027628,1
MEF2A,0.90273684,1
C9orf64,0.902728,1
ARHGDIA,0.9026804,1
CDC37,0.90267175,1
DERA,0.9026517,1
PRMT1,0.9026123,1
KIF25,0.902602,1
ADAMTS5,0.9025979,1
GOLGA4,0.902498,1
ANAPC7,0.90233237,1
EMILIN1,0.9022767,1
GTPBP1,0.90222245,1
PNCK,0.9021098,1
SLC27A2,0.902067,1
NEUROD1,0.90198255,1
IFNA10,0.9018828,1
UQCRQ,0.9018246,1
DDX39A,0.9017742,1
SDHAF2,0.9017636,1
IREB2,0.9015105,1
SP6,0.90146476,1
CAP1,0.90142083,1
GPNMB,0.90141475,1
NCEH1,0.90140015,1
ABCB4,0.90133685,1
CLVS2,0.9013343,1
SFRP4,0.9013294,1
ADAM9,0.90124685,1
HNF4G,0.90123963,1
LRRC47,0.901132,1
GMNN,0.90105647,1
PATZ1,0.9010085,1
ZBP1,0.90080756,1
GGH,0.9006818,1
SPNS2,0.9006377,1
LIMD1,0.90059924,1
CDC14B,0.9005153,1
STAP1,0.90050554,1
TREH,0.90045875,1
CRIP2,0.900279,1
FOXI1,0.90018326,1
PML,0.9001194,1
IL34,0.9001126,1
FTL,0.900112,1
PTPRK,0.9000692,1
MCM3AP,0.9000635,1
SHOX,0.90004903,1
DZIP3,0.90003914,1
CDC42BPB,0.9000185,1
SRP68,0.8999949,1
MNAT1,0.8999764,1
FIGNL1,0.89997613,1
SHBG,0.89993864,1
HNRNPH3,0.899936,1
ACAP3,0.8998794,1
ADAMTSL1,0.89969254,1
EXOC6,0.89965606,1
SKIL,0.8995923,1
NEK2,0.8995839,1
HBA1,0.89952725,1
RNF26,0.8994617,1
GCC1,0.8994314,1
KLF7,0.89930046,1
LPIN3,0.89924586,1
LILRA1,0.899234,1
CYP24A1,0.8992213,1
NECAP2,0.8991439,1
SYNPO2,0.8991371,1
CASKIN1,0.899091,1
SLC2A2,0.8990204,1
ABCG2,0.8989931,1
SRPX,0.8989235,1
RAB3A,0.89890575,1
CSMD1,0.898845,1
BLOC1S2,0.8988262,1
RPRD2,0.8987732,1
MARCKSL1,0.89876163,1
TYMP,0.89873517,1
ABCC6,0.89873356,1
SLC25A23,0.898694,1
CPA3,0.8986413,1
MORF4L1,0.8986059,1
SYNE1,0.8985125,1
UNK,0.8983827,1
ULK2,0.89834076,1
LIPT1,0.8982891,1
CAMK2B,0.8982334,1
PLCE1,0.8982314,1
NDUFA13,0.89813185,1
TRPV2,0.8981149,1
IVNS1ABP,0.89809954,1
GALNS,0.8980285,1
NCBP3,0.89791775,1
ATP6,0.8977637,1
SLC6A17,0.897759,1
EIF6,0.89767015,1
FARSB,0.8976395,1
ERF,0.8975555,1
SCEL,0.8974436,1
ESD,0.89739186,1
LGR6,0.89733416,1
PC,0.89732224,1
NAAA,0.8971799,1
DNAJC25,0.8971484,1
SERINC5,0.8971385,1
BMP10,0.89691746,1
ATP13A2,0.8968389,1
ABCD3,0.8968282,1
PLD3,0.8966774,1
PAMR1,0.8965574,1
SCRIB,0.8965345,1
CCDC88A,0.89652675,1
BUB3,0.8963701,1
PLEKHG4,0.89636,1
GOLT1B,0.89631975,1
POLD4,0.89624417,1
TYRP1,0.8962274,1
SLC17A1,0.89621466,1
ABCC1,0.8960933,1
F13B,0.8958994,1
MAGED1,0.895867,1
SLC27A4,0.8958378,1
SNX7,0.89580137,1
LDB2,0.8957778,1
SCARF2,0.8956651,1
RASGRP3,0.89566463,1
ATF4,0.8956173,1
GPD1,0.895518,1
PLEKHG4B,0.89551616,1
SRSF4,0.89551437,1
PCSK7,0.8954186,1
PEX7,0.8953668,1
GPAT3,0.8952195,1
NAGLU,0.89518076,1
AGTR2,0.8951791,1
PDF,0.8951326,1
STC2,0.8950831,1
F11,0.89504683,1
ZNF423,0.8950316,1
DCUN1D3,0.89496344,1
RAB4A,0.89492404,1
WDR6,0.8948615,1
HDLBP,0.89477557,1
DDIT4,0.8947404,1
ZFHX3,0.89473873,1
D2HGDH,0.89470524,1
CD5L,0.8945676,1
RNF40,0.8945325,1
TUBD1,0.89449584,1
APOBEC2,0.89447,1
KLK3,0.89445484,1
ADAT2,0.8944289,1
SORCS1,0.8943297,1
DMXL2,0.89416754,1
ZFAND1,0.8940905,1
POLR2F,0.89404625,1
ALG8,0.8940412,1
ACOT12,0.89400357,1
EDF1,0.89396155,1
WDR55,0.8937922,1
HDAC11,0.89378697,1
RUBCN,0.89378333,1
LSM8,0.89377946,1
PGK1,0.8936955,1
GGA1,0.89367926,1
SNRPA,0.89364797,1
TUBB4B,0.8935516,1
ASAH1,0.8935456,1
S100A6,0.89346015,1
RPS6KA3,0.893288,1
ARVCF,0.89327055,1
EXOSC5,0.8932495,1
TFCP2,0.8932489,1
APBA1,0.89320034,1
RALBP1,0.8931053,1
ADGRE3,0.8930039,1
PAPLN,0.8930036,1
UTRN,0.89297354,1
PCDH17,0.8929625,1
KL,0.89280903,1
CPSF2,0.8927879,1
PLCB1,0.89277875,1
ASGR2,0.8927621,1
NAF1,0.89275914,1
COL10A1,0.89270276,1
PLPP7,0.89267546,1
PPP2R1A,0.89251864,1
CRB1,0.89250064,1
PLK3,0.892394,1
P3H1,0.8923626,1
UPP2,0.89224243,1
SSR1,0.89199764,1
ERLEC1,0.8919882,1
SH3GL1,0.8919466,1
HCCS,0.8919007,1
FDX1,0.89184725,1
DAAM2,0.891769,1
CPLX1,0.8917495,1
MRPS12,0.8917221,1
DNASE1,0.89159393,1
ASH2L,0.89157575,1
KCNQ2,0.89145255,1
DNAJB6,0.8914104,1
SEC22A,0.89139754,1
UBE4A,0.8913813,1
SCARF1,0.8912399,1
PYGM,0.8911818,1
MYOG,0.8911535,1
ENDOG,0.8910808,1
CARMIL1,0.8910624,1
NEDD8,0.89098406,1
AMACR,0.89094824,1
OTUD5,0.8909066,1
PLAGL2,0.89090127,1
TMX2,0.8908818,1
SYNJ1,0.89085174,1
KDM5C,0.8907335,1
TPSAB1,0.8907022,1
SLITRK1,0.8907017,1
COG3,0.89043707,1
DOCK10,0.89041275,1
RPS21,0.89040256,1
ATG16L2,0.8903916,1
SPTLC1,0.8903604,1
PILRA,0.89033383,1
RAD23A,0.89029294,1
RAB2B,0.89026684,1
TMED4,0.8902113,1
POLR1A,0.8901437,1
FBXL17,0.8901085,1
EPM2A,0.890093,1
PDCD10,0.89006066,1
THOP1,0.8900137,1
DPH1,0.8899732,1
GPX2,0.8899277,1
PLIN3,0.8898885,1
TCF25,0.889715,1
ORM1,0.88963604,1
PPM1K,0.8895779,1
EIF1AX,0.88932127,1
SYNJ2,0.8893067,1
BOP1,0.88927966,1
MYO7A,0.8891861,1
HSD17B8,0.8890969,1
GRPR,0.88897073,1
CHMP1A,0.8889637,1
PWP2,0.88895947,1
PRKACG,0.8889303,1
PDHB,0.8888954,1
OSTC,0.8888618,1
HSD17B7,0.8887282,1
DOHH,0.8887236,1
NRARP,0.8884419,1
SGPP2,0.8884332,1
TMX4,0.8883343,1
SLC38A1,0.888297,1
OTULINL,0.88819075,1
RBFOX1,0.8881755,1
PDSS2,0.8881532,1
PGAP1,0.8881196,1
SUGP1,0.888119,1
RTN1,0.88803804,1
SET,0.88802713,1
CNGA1,0.8880032,1
TBC1D31,0.88799864,1
LAMA2,0.88795877,1
ST3GAL1,0.887948,1
PTGER3,0.88780254,1
DMC1,0.88765615,1
ARPC3,0.8876289,1
MPZL1,0.8876227,1
CLCN6,0.8876023,1
YOD1,0.8875283,1
EIPR1,0.8874429,1
TBXT,0.8872917,1
PTPMT1,0.8872685,1
ADORA2A,0.8871758,1
ALKBH3,0.8871558,1
CLEC1B,0.88706815,1
SUMO2,0.8869909,1
NR1D1,0.88699067,1
MAFG,0.8869438,1
FGF2,0.8868707,1
POU3F2,0.8867742,1
WNT6,0.886694,1
FRMPD2,0.88654786,1
STARD3,0.88654083,1
PLOD2,0.8862671,1
CLCF1,0.8862169,1
CALM2,0.88617,1
PRPS1,0.88616604,1
RNASEH1,0.8861164,1
BAIAP2,0.88609225,1
ENTHD1,0.8860783,1
RASGEF1B,0.8860678,1
SYNPO2L,0.8860566,1
SURF1,0.88604987,1
APBA2,0.8860435,1
MAPK8IP1,0.88602513,1
MCF2,0.8858968,1
PPP6C,0.885886,1
DUSP7,0.88587683,1
SLC13A1,0.8857897,1
TAF9,0.88577384,1
ADRM1,0.8857278,1
PGD,0.88566715,1
RBMX2,0.8856012,1
RPL23A,0.8855932,1
HMGA1,0.8855923,1
HELQ,0.88558555,1
DHDDS,0.88554394,1
SNX14,0.8855339,1
ND5,0.8855273,1
FCRL4,0.8854678,1
TMEM37,0.88541436,1
STMN4,0.88539684,1
LIMD2,0.88523585,1
PTK7,0.8852216,1
SFRP1,0.8852051,1
RIN3,0.8851863,1
ESRRA,0.8850759,1
COPS7A,0.885056,1
PDZRN4,0.885053,1
TACR1,0.88497823,1
NAGA,0.8849592,1
NISCH,0.8849117,1
ARHGAP17,0.88488525,1
UBXN6,0.8848837,1
TTC24,0.8848616,1
CRIM1,0.88482946,1
AMOT,0.88478243,1
EI24,0.88460284,1
PCSK6,0.88457006,1
GCNT1,0.88447624,1
NDUFB8,0.88445115,1
TIMM17A,0.8842571,1
PHLDA1,0.8841428,1
CDC26,0.88414085,1
NPC2,0.8841187,1
BRD1,0.8840552,1
ATP2B4,0.8840443,1
COX18,0.88390917,1
ATP5PD,0.8838797,1
NANOG,0.88375336,1
ADAM33,0.88368225,1
CAMK1D,0.8836788,1
ARHGAP45,0.88362396,1
STK16,0.88360906,1
SDCBP,0.88359183,1
DYM,0.8835255,1
ARHGEF10,0.8834336,1
SCAF8,0.88341707,1
DUSP3,0.8833463,1
AMOTL2,0.8832624,1
ATP1B3,0.8832408,1
HYAL4,0.883189,1
BAG6,0.8831682,1
TUBGCP3,0.8831585,1
RHAG,0.88313,1
WNT10A,0.88309485,1
CD151,0.8829874,1
HYAL2,0.8828813,1
SPRY3,0.8828127,1
COX11,0.8828002,1
RASGRP2,0.88266444,1
ARV1,0.88255244,1
CTDSP2,0.88243085,1
TIGAR,0.8823959,1
GET3,0.88237214,1
CCT6B,0.8823673,1
PRKAA1,0.88232726,1
UNC13A,0.8822672,1
BTN3A1,0.8822575,1
RABEPK,0.88221514,1
LTB4R,0.88214993,1
COPZ2,0.8820572,1
SNRPN,0.8819845,1
ASTN2,0.88195693,1
RPL32,0.8819543,1
GPX7,0.88192225,1
IGSF9,0.8818617,1
SRBD1,0.88181376,1
BRINP3,0.8817916,1
SIRT3,0.8817259,1
RAD54L2,0.88161045,1
STX1B,0.88155,1
CRIP1,0.88142926,1
AUTS2,0.88141805,1
COL6A6,0.8813945,1
TBX22,0.88124907,1
PIDD1,0.88123107,1
ZNF740,0.8812076,1
SPG7,0.88089544,1
APPL1,0.88087046,1
SENP7,0.88086754,1
E2F8,0.88082033,1
TMED6,0.88081026,1
PNPLA2,0.8806041,1
GULP1,0.88055515,1
NUP35,0.8805377,1
SCAP,0.8805197,1
IL36A,0.8804838,1
TMEM214,0.8803526,1
WNT9B,0.88031495,1
CHD9,0.8802441,1
KPTN,0.8802338,1
PRKACA,0.8802315,1
RNF144B,0.8801748,1
ASPA,0.88017136,1
PLA2G2A,0.8800746,1
SLCO2A1,0.8799648,1
BDP1,0.87996024,1
TOX4,0.8798428,1
PLGLB1,0.8795797,1
DPP6,0.87957096,1
EIF3B,0.8795183,1
SPNS1,0.87951297,1
RAB39A,0.87945706,1
GP6,0.87932706,1
DNAJC9,0.879137,1
MIOS,0.8791308,1
REXO1,0.87912583,1
GRB7,0.8790989,1
NGB,0.87906796,1
GSK3A,0.87906474,1
ADAP1,0.87894535,1
EPHB6,0.87880015,1
GLIPR2,0.8787922,1
NTSR1,0.8787768,1
GHITM,0.8787687,1
PTPRB,0.87857735,1
TIMM17B,0.87851393,1
NFIB,0.8783831,1
SLC50A1,0.8781923,1
RFX2,0.8781823,1
DR1,0.8781133,1
RNF138,0.8780188,1
RAB31,0.87800986,1
LY6E,0.87785065,1
LPAR2,0.87776005,1
SIRPG,0.87775975,1
CLN5,0.87770844,1
SELENOT,0.87762654,1
PCDH15,0.87759244,1
TAC1,0.8775219,1
TEAD1,0.8774872,1
PFKP,0.8773976,1
TUBE1,0.8773925,1
SRP9,0.8771267,1
RAB6A,0.8770899,1
ANKS1A,0.8770375,1
HK1,0.87696624,1
ARL5C,0.8769464,1
AHCY,0.87693465,1
DLG5,0.87691706,1
ATP2B1,0.87662363,1
NUDT12,0.8765866,1
RNF170,0.87652963,1
NUDCD2,0.8764427,1
ADAMTS7,0.8763908,1
UBQLN1,0.8762943,1
GLG1,0.87624264,1
COL12A1,0.8761866,1
KRT1,0.87611806,1
SPHK1,0.8760074,1
SCOC,0.87584174,1
HINT2,0.8757911,1
GARS1,0.8757779,1
RTF1,0.8757709,1
PPARA,0.87568885,1
TGM1,0.8756822,1
ZBTB14,0.8756789,1
PAPOLA,0.87567604,1
CNR1,0.8755252,1
GSTO1,0.87531084,1
TUBA3C,0.87512183,1
SLC43A3,0.8749254,1
RPL39L,0.87488335,1
DAB2IP,0.8748095,1
TBC1D2B,0.8747321,1
SKA1,0.8746908,1
ENO2,0.8746386,1
SRPX2,0.8745857,1
LSM3,0.87455773,1
SEMA5A,0.8745027,1
C9orf72,0.87449497,1
ADAMTS20,0.8744078,1
YIF1B,0.8743875,1
CXXC5,0.8743373,1
NEDD4L,0.87430197,1
RPS11,0.8742539,1
ATP13A3,0.8742319,1
IMPA1,0.8739671,1
MADCAM1,0.87386096,1
HORMAD2,0.8738145,1
PTGFRN,0.873665,1
PIP5K1A,0.87360185,1
DLK2,0.8735396,1
ADAMTS9,0.87350005,1
LRP1B,0.8734945,1
OGT,0.8734873,1
INPP4B,0.87345076,1
LNX2,0.87341785,1
OXR1,0.8733513,1
RPS15A,0.87326926,1
EXOC8,0.87321216,1
STOML2,0.87320936,1
CDC16,0.87316585,1
IFI27,0.8730743,1
LRRC8A,0.87307143,1
FRK,0.8730278,1
CDK12,0.87300146,1
CCNA1,0.8729743,1
SLC16A3,0.8729549,1
ACOX2,0.87291694,1
SLC6A14,0.8728881,1
PNPO,0.87288445,1
ATP13A1,0.8728573,1
IFNA8,0.8727417,1
LSM4,0.8727249,1
ATP5MC3,0.87261385,1
KIR2DL1,0.8725687,1
RAB40A,0.8725468,1
STARD3NL,0.87251675,1
CKAP2L,0.87248343,1
HMBOX1,0.87246966,1
GCSAM,0.8724144,1
TMEM41A,0.87229544,1
PROP1,0.8722511,1
PRKCH,0.8722454,1
TPK1,0.8721572,1
APOBEC3A,0.87206846,1
ULK3,0.8718942,1
RIMKLA,0.87185943,1
GRM5,0.8717645,1
NT5DC4,0.8717092,1
GIMAP6,0.8716994,1
OASL,0.87158597,1
EGLN3,0.87152964,1
SLC36A1,0.8715289,1
TIAL1,0.87147516,1
PIWIL4,0.8714344,1
KRT15,0.8714289,1
ZCCHC24,0.87136763,1
SLC36A2,0.8712294,1
KALRN,0.87108946,1
STAMBPL1,0.8710674,1
CENPX,0.8710348,1
ADAM28,0.871032,1
PIK3C2B,0.87094575,1
MAPK8IP2,0.8706518,1
NIPSNAP1,0.8706431,1
MYL10,0.8706308,1
SUB1,0.87062216,1
RBPJL,0.8706208,1
AMHR2,0.87049514,1
SRSF5,0.8704543,1
H2AJ,0.87042123,1
RPRD1B,0.87042075,1
EHD4,0.8704096,1
GRIK4,0.8704044,1
RPS23,0.87035257,1
NDUFB3,0.8703396,1
AIFM2,0.8702657,1
MAPT,0.8702324,1
SLC6A3,0.8700705,1
IFNK,0.87001437,1
CIC,0.86998206,1
PTPRD,0.86990607,1
HBA2,0.86989254,1
MED1,0.8698614,1
TUBB8,0.8698297,1
BTAF1,0.8698173,1
TMEM131,0.8697464,1
CAVIN3,0.8697005,1
DLG4,0.86922175,1
SCCPDH,0.86919516,1
RPS8,0.8691814,1
EPDR1,0.86917657,1
SRSF12,0.8691729,1
CERS4,0.869125,1
PPOX,0.8691165,1
LRRC31,0.8690794,1
HEPHL1,0.86906046,1
FAAP20,0.8689909,1
ARL6IP4,0.86894095,1
HYKK,0.8689027,1
AP1G2,0.8688501,1
PTMA,0.868833,1
SLIT3,0.868783,1
CLCN5,0.8687449,1
CSNK2A2,0.8686299,1
RBM23,0.8685753,1
WDR45B,0.86851585,1
LPGAT1,0.86843735,1
ETF1,0.8684243,1
NELFB,0.8684151,1
L1CAM,0.8683268,1
OXA1L,0.8682098,1
TTC38,0.8682029,1
ETV5,0.868179,1
DNAJB7,0.8681739,1
HAUS6,0.86771095,1
BCAS2,0.86767644,1
APOBEC3B,0.86764944,1
TRIM44,0.8676406,1
ABCC5,0.86757636,1
IDH3G,0.86751133,1
UBE2J2,0.8673294,1
GAS7,0.86724144,1
MGP,0.86722434,1
YTHDC2,0.86717296,1
ATXN1L,0.86712754,1
ABCF1,0.8670833,1
PHEX,0.8670787,1
TICRR,0.86694103,1
TARBP1,0.8668493,1
MAML1,0.86670023,1
PYGB,0.86666065,1
YKT6,0.86659837,1
CMA1,0.86659235,1
PROCR,0.8665427,1
IL20,0.86653686,1
SLC36A4,0.8664041,1
UQCC2,0.86634016,1
FGF10,0.8662071,1
FAF2,0.86617,1
SLC31A2,0.8660893,1
KPNA3,0.8659225,1
PPM1E,0.86584145,1
LPAR6,0.86571217,1
CBX8,0.86566377,1
LOC112694756,0.865635,1
PADI4,0.86558247,1
GLDC,0.865564,1
GFUS,0.86520296,1
CDC42EP2,0.8650867,1
DUSP4,0.86504173,1
RPS12,0.8649855,1
SMC1B,0.8649147,1
GRN,0.8647088,1
IGFBP1,0.86464405,1
ODF3B,0.86463076,1
TSSK4,0.86460626,1
CYTL1,0.86448693,1
NTS,0.8644674,1
LTC4S,0.86443394,1
ZMYND11,0.86441517,1
NAALADL1,0.86433,1
PXDN,0.86425024,1
KLF12,0.86424,1
AP2A2,0.8641094,1
USP44,0.8640578,1
CDH10,0.8639789,1
NELFE,0.8639083,1
SEC23IP,0.86390406,1
CNTN3,0.8638487,1
NNT,0.8637066,1
CDK5RAP3,0.86358696,1
NOP53,0.86357415,1
SCN9A,0.8635563,1
ARFGEF1,0.86352205,1
LRRC25,0.8634982,1
RHBDD2,0.8634519,1
GFER,0.8634409,1
HPGD,0.86334974,1
PITPNA,0.86330974,1
UBQLN4,0.8632549,1
G0S2,0.8631104,1
CTR9,0.8629095,1
SCUBE2,0.862864,1
RNF13,0.86279124,1
TM9SF1,0.8626643,1
MEPCE,0.8625996,1
BCS1L,0.862486,1
MLLT1,0.8624545,1
SRPK1,0.86237997,1
NSMAF,0.86232907,1
PDZRN3,0.8622814,1
SNAP25,0.8622786,1
TCL1A,0.8622518,1
RAP2A,0.86222726,1
SLC26A11,0.86187804,1
TPD52L2,0.8618087,1
BRMS1L,0.86176693,1
GSTM3,0.86174875,1
CLDN4,0.861748,1
CLUL1,0.8616892,1
FUNDC1,0.8615959,1
PGPEP1,0.86154467,1
GSTA4,0.86146444,1
SLX4IP,0.86140144,1
PRSS16,0.86134136,1
NMRK2,0.8613071,1
DCP2,0.8612828,1
OAZ1,0.86116904,1
FBP2,0.8611681,1
ANGPTL4,0.8609921,1
LHX9,0.86079496,1
CDH18,0.8607671,1
PI4K2A,0.8607297,1
B3GLCT,0.86070955,1
NEFL,0.8606561,1
ACOT7,0.8606341,1
ATF5,0.8605587,1
RAE1,0.8605101,1
BCORL1,0.8605077,1
CENPV,0.86042124,1
NHLRC2,0.8604189,1
PLPP4,0.860388,1
RNF6,0.8603763,1
TAF2,0.86015445,1
FBN3,0.8599034,1
GSPT1,0.85990185,1
KLHL1,0.85986125,1
CWF19L1,0.85985655,1
HNMT,0.8598222,1
PRR11,0.8597639,1
ZNF217,0.859541,1
DST,0.8595366,1
HSPA4L,0.85935736,1
SLIRP,0.85932505,1
GRB10,0.8590442,1
FHOD1,0.8590195,1
HEXB,0.8589976,1
SHISA5,0.85891217,1
GRID2,0.8588066,1
ZFPM2,0.85867566,1
MAN2C1,0.85867184,1
RFFL,0.85863054,1
GAD1,0.8585659,1
NGEF,0.8585408,1
ANKRD40,0.85834926,1
RASSF2,0.85834223,1
KRT10,0.8583001,1
SYPL1,0.85829955,1
ARL9,0.85822123,1
RBP3,0.85806614,1
SETD7,0.85803837,1
APOO,0.85791796,1
FGF3,0.85789895,1
MYH4,0.85781544,1
NDUFB6,0.8577394,1
PARP10,0.85769045,1
GAA,0.85766965,1
ARHGEF4,0.8576026,1
SMG7,0.8574231,1
ESCO2,0.8574203,1
SLC30A7,0.8573137,1
SPECC1,0.8571757,1
ZNF281,0.8571322,1
KYNU,0.85713214,1
CD36,0.85710853,1
DNPEP,0.85706425,1
SDSL,0.8569733,1
CPT1B,0.8569239,1
GLI3,0.85678,1
MYL2,0.85673785,1
NAPA,0.8567351,1
PRELID3B,0.8567023,1
STXBP3,0.85665035,1
PATJ,0.8566361,1
NQO1,0.8565853,1
RTN4IP1,0.85639846,1
JMJD1C,0.85633814,1
NDUFB10,0.85627496,1
IGFBP6,0.8562455,1
EPHA1,0.8560802,1
COL11A1,0.85601395,1
CLPTM1,0.8560125,1
KLHL12,0.8559811,1
STC1,0.8559563,1
SYNPR,0.8559415,1
RGS19,0.855926,1
AKIRIN2,0.855876,1
ZYG11B,0.8556977,1
TAF3,0.85563093,1
MED14,0.8554615,1
CEP112,0.8554195,1
GABRA5,0.85539335,1
DNAJC1,0.8553621,1
DYRK2,0.8552381,1
SDE2,0.8551096,1
SLC45A4,0.8550382,1
LMO7,0.8548615,1
GK,0.85482454,1
ATXN1,0.8548103,1
GABPB2,0.8548007,1
SLC47A1,0.8546101,1
PTRH2,0.85457057,1
SLC16A8,0.85452205,1
NEURL1B,0.85448986,1
STEAP1,0.854432,1
CERS6,0.8543842,1
TMCO3,0.8543418,1
EARS2,0.85430354,1
DUSP23,0.8542659,1
SCUBE1,0.8542522,1
UAP1,0.85417086,1
ESR2,0.8540431,1
TRIM29,0.85399634,1
KDM4B,0.85396993,1
SPG11,0.85393584,1
ZNF501,0.85392123,1
SHQ1,0.8538442,1
APPBP2,0.85379285,1
GYPA,0.8537689,1
NRG1,0.8536789,1
WDR18,0.853678,1
PGAM1,0.85365134,1
TNNI3,0.8535627,1
MFN1,0.85343933,1
IL11RA,0.85332763,1
SCN10A,0.85328007,1
NEDD1,0.85299265,1
EVL,0.8529911,1
USP48,0.85297674,1
HAGH,0.85294497,1
ADAMTS17,0.85293245,1
NCAPH,0.85289365,1
RASL11A,0.8528699,1
ACTR2,0.8528052,1
MCTS1,0.8527787,1
RAI14,0.85272926,1
NEURL3,0.8527134,1
DMBX1,0.8526152,1
CDCA8,0.8525612,1
STK3,0.8525265,1
SFTPA1,0.8523806,1
UBL3,0.85234773,1
DGKG,0.852274,1
CA10,0.8522576,1
TMEM97,0.85219836,1
RPL15,0.8521631,1
DRG1,0.852147,1
TUBGCP6,0.8520616,1
FBXO8,0.85188276,1
RNF130,0.85172933,1
UBOX5,0.8517002,1
CDC14A,0.85164,1
UBE3B,0.8515947,1
ENDOV,0.85150546,1
ADGRG3,0.85144854,1
TSPO,0.85127676,1
TLL2,0.85112095,1
PDX1,0.8509339,1
DNAJC2,0.85049576,1
SCP2,0.8504849,1
PFN2,0.85043246,1
CDH9,0.8504048,1
ARID4A,0.85037565,1
TACC3,0.8502514,1
KCNQ1,0.85005623,1
TKFC,0.8499878,1
RIMKLB,0.8499417,1
PEAR1,0.8498983,1
GNPDA1,0.8496982,1
LUC7L,0.8496546,1
HOXB7,0.84960485,1
ALDH3B2,0.8494751,1
GOLGA3,0.8492605,1
GGCX,0.8492154,1
MAP4,0.84916526,1
HADH,0.8490322,1
SLC9A7,0.8489842,1
CREB3L1,0.8488033,1
DPY30,0.8487747,1
CDC27,0.8486843,1
OXCT1,0.84868056,1
UNC13C,0.84859204,1
CLEC16A,0.8484275,1
IGFBP4,0.84838855,1
HS1BP3,0.8482463,1
HPCAL4,0.8482463,1
MRPL36,0.84817886,1
CLEC3B,0.8479956,1
XDH,0.8479122,1
DNAJC22,0.84787697,1
FEZF2,0.8476674,1
PKD1,0.84763885,1
ITGA7,0.84749526,1
SPHK2,0.8473548,1
LONP2,0.8473516,1
FUBP3,0.84733886,1
EIF4H,0.8472858,1
SHPRH,0.847262,1
PEX19,0.8471041,1
RUNX1T1,0.84709466,1
ACTN3,0.84707934,1
SLC36A3,0.84693474,1
PROZ,0.84671384,1
MATN1,0.84639466,1
FLVCR2,0.8463884,1
CNTN2,0.84631413,1
MPND,0.84623027,1
PRKAA2,0.8462232,1
ELAVL3,0.84617853,1
KIF1C,0.846103,1
POMT2,0.84597254,1
PON2,0.8458787,1
RETREG1,0.84581614,1
SLC6A5,0.8457516,1
ARHGAP19,0.84574753,1
RFLNB,0.8456189,1
PLK4,0.84553486,1
SLC35D1,0.84547186,1
CYB5B,0.845367,1
AOAH,0.8452458,1
TMEM47,0.84515834,1
BTN3A2,0.8451178,1
INSR,0.84508485,1
KIDINS220,0.84487444,1
LTBP4,0.8447943,1
SPINK1,0.844664,1
MMD,0.8446249,1
THOC3,0.84447885,1
TM4SF19,0.8444623,1
CACTIN,0.8444608,1
KCNA4,0.84435314,1
BLOC1S1,0.84427506,1
NPTX1,0.8441956,1
CFC1,0.8441666,1
SFMBT2,0.8441206,1
PTPRT,0.84404707,1
PKN1,0.84402794,1
BDH2,0.84402037,1
ARSA,0.8440118,1
TSPAN4,0.8440093,1
USP43,0.84378344,1
ARID5A,0.8436979,1
AZI2,0.8436838,1
NUP133,0.8434749,1
PKD2,0.84338504,1
KCNH1,0.8432308,1
EMP1,0.84317344,1
SAE1,0.84310746,1
COX7A2,0.84309804,1
IL17RD,0.8430948,1
MAN1A1,0.8430792,1
PPRC1,0.84300894,1
SFRP5,0.8429931,1
RASGRF2,0.8429235,1
CRLF3,0.8428585,1
MTRF1L,0.84267855,1
SULF2,0.8425883,1
CIAO3,0.8425741,1
AMDHD1,0.84232,1
SLC25A19,0.84221256,1
TNRC6A,0.8421982,1
DCK,0.84218127,1
PRAME,0.8421691,1
TRRAP,0.8420396,1
EIF2B4,0.84193903,1
PHC3,0.84191036,1
ZDHHC18,0.84166896,1
UHRF2,0.8414407,1
ARSG,0.8413196,1
AARS2,0.84125984,1
ZWINT,0.841226,1
DNMBP,0.8412053,1
YIF1A,0.8411481,1
PARVA,0.8409664,1
ATPAF2,0.8408984,1
SS18L1,0.8408954,1
TMEM41B,0.8408024,1
EHMT1,0.84071493,1
SLC9A3R1,0.8406635,1
SLC23A2,0.840662,1
MARCHF5,0.84056646,1
LRRC32,0.8405513,1
MAN2A2,0.84052986,1
HIPK3,0.84041756,1
POLR1D,0.84021777,1
DEGS1,0.8402095,1
SYT1,0.8401862,1
CLEC4M,0.8399248,1
SLC30A2,0.8397955,1
GLS2,0.8397678,1
KIF3B,0.8397548,1
PMM1,0.8396568,1
SPOCK1,0.8396264,1
GPN2,0.8393547,1
TENT5A,0.8392899,1
MMS22L,0.83889085,1
CNTN4,0.8388771,1
BCL2L14,0.83843094,1
MRPS11,0.8383715,1
USP38,0.83816034,1
SOX18,0.8379694,1
NNMT,0.83795136,1
LRIG1,0.83790004,1
STXBP5,0.83762574,1
EIF2B2,0.8376023,1
DGKD,0.83755666,1
SLC38A10,0.8373424,1
GCSH,0.8372782,1
MSTN,0.83723783,1
BDKRB1,0.8372008,1
H1-2,0.83719814,1
PLA2R1,0.83718926,1
ALPG,0.837174,1
GDNF,0.83716774,1
FDXACB1,0.8371013,1
POLR2L,0.8370993,1
PHF13,0.83708954,1
SLC22A4,0.8370301,1
PAIP1,0.8369127,1
RPS10,0.8368691,1
RAB22A,0.8368486,1
ZBTB33,0.8367457,1
HACD3,0.83673567,1
KLC2,0.8367008,1
RGS20,0.8367008,1
PTS,0.83663785,1
TOM1L1,0.8365905,1
PODXL,0.83655256,1
HACE1,0.83650446,1
HPS5,0.83649105,1
MTCH1,0.8364495,1
FUCA2,0.83619153,1
HACD2,0.8361822,1
RAB5C,0.83607084,1
GNAL,0.836062,1
DGKH,0.8358399,1
EDNRB,0.8358119,1
KCND2,0.8357897,1
LECT2,0.8354654,1
ACER3,0.8354262,1
RPP40,0.8354254,1
ARRDC5,0.83541596,1
MYO5C,0.83514565,1
CIRBP,0.8350659,1
NUP210,0.8350321,1
MYLIP,0.8349498,1
FGD4,0.83492213,1
DIMT1,0.83489347,1
NUDCD1,0.83487046,1
COP1,0.83483857,1
HCAR2,0.8347433,1
ZBTB38,0.83468485,1
CENPK,0.8346727,1
CAMK1G,0.8346204,1
TTC39B,0.8345866,1
TXNDC11,0.8343208,1
TMED1,0.8341706,1
SLC9A1,0.83416414,1
MYO3B,0.834085,1
BCL9,0.83405936,1
RPS16,0.834018,1
BCAN,0.8340117,1
RELN,0.83398813,1
ANKRD12,0.833902,1
CACYBP,0.8338085,1
ASB3,0.8337156,1
RBBP6,0.8336273,1
VSNL1,0.8334951,1
DGAT2,0.83347374,1
SLC6A4,0.83336437,1
PLA2G6,0.8333602,1
STOX1,0.8333035,1
SERPINF1,0.8332476,1
TINAG,0.83320725,1
MED30,0.83315873,1
FGF12,0.8330406,1
TM9SF3,0.8330024,1
RASD2,0.8327043,1
CUX1,0.8326466,1
SLC2A14,0.832586,1
MRPL20,0.8325737,1
POLG2,0.8324681,1
TBCA,0.8323844,1
UBE2D4,0.8322864,1
RNASE2,0.8322727,1
TBX15,0.83221275,1
RANBP9,0.83220667,1
PCSK1,0.8321859,1
CETN2,0.83215415,1
A1BG,0.83213776,1
THOC2,0.8320168,1
LDB3,0.8319856,1
COG7,0.831889,1
PIP4K2B,0.8318628,1
MBOAT2,0.8317516,1
CES2,0.8315466,1
CTNNA2,0.8315203,1
NMNAT3,0.8313931,1
LST1,0.83135766,1
ACADSB,0.83134377,1
HES1,0.8313178,1
DSTYK,0.83128726,1
BMF,0.83117384,1
ORMDL3,0.83114016,1
DYNLL2,0.8309197,1
SNCA,0.8309084,1
CLIP3,0.83084404,1
MRPS7,0.83076847,1
ZGLP1,0.8305312,1
LTV1,0.83043176,1
YIPF6,0.8304232,1
TNPO1,0.8303748,1
EPS8,0.83033055,1
PPIG,0.8303151,1
SLC30A5,0.83029205,1
SOX2,0.8302583,1
COA3,0.83021665,1
RBBP5,0.8301258,1
BDH1,0.8300274,1
CA12,0.82994473,1
NME3,0.82981575,1
NKX3-2,0.8295208,1
KMO,0.8294284,1
RUSC2,0.82936996,1
MYDGF,0.82923394,1
RPUSD2,0.8291849,1
CCNG1,0.82903147,1
TSPAN6,0.8290113,1
ALG13,0.82892686,1
MAEA,0.8288859,1
GABRA1,0.8288823,1
ALDH2,0.8286977,1
PRKD1,0.8286703,1
ACADL,0.8286449,1
IDI2,0.8286294,1
RAB27B,0.82861465,1
VPS53,0.8285869,1
AQP2,0.8284964,1
FAAH,0.828486,1
UNCX,0.8284593,1
SORCS2,0.8284062,1
EVI5,0.82839847,1
GLUD2,0.8283259,1
GNPNAT1,0.82830423,1
CAB39,0.82830334,1
MYH7,0.82817566,1
PDPR,0.82816905,1
FGF8,0.82815963,1
ERC2,0.82814264,1
GATB,0.82791317,1
FOXN3,0.82776445,1
RGMA,0.82774615,1
SMTN,0.8276061,1
BCL2L2-PABPN1,0.8275133,1
STX2,0.82745415,1
SLC9A9,0.8274475,1
UCP3,0.8272942,1
NEXN,0.8272197,1
PDGFD,0.8271969,1
PTBP1,0.8271563,1
TP53INP2,0.82697964,1
NEK4,0.826888,1
AGPAT4,0.8268857,1
USP12,0.8268276,1
HOXA7,0.8268076,1
RTL10,0.826546,1
CAPZB,0.8263217,1
LAMA1,0.8262604,1
NUMBL,0.82622474,1
PCCB,0.82620955,1
RPL27,0.8261775,1
CLASP2,0.826142,1
LRRC59,0.826082,1
NCLN,0.8260815,1
LEPROTL1,0.8258732,1
TUBGCP5,0.8257501,1
BRAP,0.825656,1
PROX1,0.825566,1
PGLS,0.82550985,1
PREX2,0.8255,1
ALKBH1,0.8254801,1
TRIM13,0.8253592,1
TWF2,0.8253303,1
HHEX,0.8253038,1
FGD5,0.82526815,1
PAX8,0.8248756,1
CWC27,0.82482654,1
POLDIP2,0.8247958,1
PHF12,0.82466775,1
NDUFA12,0.82464796,1
KCNMA1,0.8246111,1
CCNH,0.8245724,1
ATP8A1,0.8245152,1
DHRS7,0.82446796,1
SLC39A10,0.8244179,1
GMEB1,0.8243631,1
PTPRE,0.824238,1
CYB5R1,0.8242348,1
PPIF,0.8242103,1
ATP2A3,0.8241195,1
CDCP1,0.82411516,1
NCOA6,0.82398456,1
GOLIM4,0.8238601,1
RSAD1,0.823779,1
SERP1,0.8235646,1
CYP51A1,0.8234462,1
DCAF13,0.82333225,1
KCNJ11,0.82329607,1
RER1,0.8232505,1
PPP2R1B,0.82323617,1
CIDEC,0.8232109,1
NDUFA11,0.82319456,1
MAPK11,0.8230985,1
NOSTRIN,0.82304484,1
NBL1,0.8229611,1
ISG20L2,0.82295674,1
PIGG,0.82293546,1
INVS,0.82288945,1
IRS4,0.82288635,1
ARHGEF12,0.8228385,1
PTPRG,0.8228141,1
PAWR,0.82277906,1
CDK18,0.8227682,1
SLC17A8,0.82256913,1
IMPA2,0.82255155,1
IFITM5,0.82245296,1
RELCH,0.82234645,1
PRELID1,0.8221502,1
S100A10,0.822077,1
NDRG1,0.8219937,1
FOXJ2,0.82196033,1
SHROOM3,0.82187456,1
PPEF2,0.82177573,1
SLC35D2,0.8216806,1
SEMA6C,0.82152385,1
ATE1,0.8214728,1
LMO4,0.8214653,1
CLCA1,0.8214283,1
CDR2,0.82132745,1
CDKN2AIP,0.82114387,1
PLIN1,0.8210583,1
RHD,0.8209721,1
SLK,0.82094693,1
RUFY3,0.8209368,1
MGRN1,0.82088894,1
ALX1,0.8208797,1
STYK1,0.82077646,1
FNBP4,0.82074285,1
SNRNP40,0.820723,1
ZDHHC17,0.8206993,1
RBM28,0.82063705,1
MRPL39,0.820627,1
DHX16,0.82057285,1
MICALL1,0.82053137,1
CACNA1C,0.8204741,1
SMCR8,0.82045424,1
ELOVL7,0.820198,1
SMDT1,0.8201956,1
NAIP,0.8201369,1
PFN1,0.82008994,1
ADM,0.8200518,1
NFIX,0.8199373,1
ANKEF1,0.8199129,1
CRPPA,0.8198885,1
AFM,0.8198665,1
KIRREL3,0.81967974,1
MVD,0.81964105,1
CBX2,0.819604,1
NEURL4,0.8196014,1
MAGI3,0.8194839,1
DMAP1,0.81947184,1
GOLGA1,0.8193759,1
ARAP2,0.81937355,1
TRIM8,0.8193145,1
NEK3,0.81918013,1
TMEM129,0.81916994,1
MBP,0.81888413,1
FGGY,0.81887966,1
KCNQ5,0.81881285,1
COX15,0.8182784,1
PLBD1,0.8182725,1
PNPLA6,0.8181997,1
POLDIP3,0.8180651,1
TPM1,0.81790996,1
ACAT1,0.8178614,1
FAH,0.8178545,1
PLEC,0.81781125,1
QTRT1,0.8176561,1
ARHGAP21,0.8175561,1
TSPAN3,0.8175199,1
PIGQ,0.81750745,1
AZU1,0.81742156,1
KIF15,0.81727886,1
VIPAS39,0.81707996,1
ZNF318,0.81705266,1
PPP1R12A,0.8168276,1
DCTD,0.81670576,1
MIF,0.81668925,1
AMD1,0.8165244,1
SPRY4,0.816441,1
CHMP4C,0.8163162,1
MRRF,0.8161289,1
SLC4A7,0.8159877,1
BCAR3,0.8158736,1
TET1,0.81585217,1
ELP1,0.81574446,1
BPGM,0.81572074,1
GPR158,0.81571007,1
RABGAP1L,0.815661,1
LYVE1,0.8156032,1
NWD1,0.8153369,1
NFATC2IP,0.8152359,1
TRIM17,0.8152356,1
CBLN1,0.81519145,1
FABP4,0.81519014,1
NSD3,0.81515956,1
STK17A,0.81513953,1
EIF3C,0.81506544,1
FNDC3A,0.8149463,1
MMADHC,0.81485546,1
RAB1B,0.8147347,1
ESS2,0.814387,1
WDR11,0.81412184,1
STX8,0.81405807,1
RNF139,0.8136467,1
ANK2,0.81351626,1
TM9SF4,0.8134523,1
AAMP,0.81337774,1
OPRM1,0.8133353,1
KAT6B,0.81327105,1
CNR2,0.8132427,1
NUP62,0.8131957,1
UCP1,0.8131696,1
CACNA1G,0.8131288,1
KNSTRN,0.8130786,1
DDX5,0.8130119,1
SLC39A13,0.8127487,1
DMTF1,0.81256694,1
TBC1D30,0.8125568,1
WTIP,0.81234837,1
PTX3,0.8123447,1
NELFA,0.81233937,1
SAV1,0.81221414,1
SLC22A2,0.8121668,1
HOXA3,0.8118342,1
RPL10A,0.8115629,1
LDHD,0.81140554,1
RHOT1,0.81130105,1
QPRT,0.81122667,1
NDRG3,0.8111817,1
MSMB,0.81100553,1
AK3,0.81090504,1
HSPA13,0.81064737,1
PALS1,0.8106414,1
RANBP3,0.81051075,1
SAAL1,0.810471,1
YWHAZ,0.8104593,1
THRAP3,0.8104387,1
GALNT3,0.8102278,1
GPSM1,0.81021917,1
PEF1,0.81017,1
PRPF31,0.8101536,1
CALU,0.8100911,1
BCAS3,0.8099524,1
SCYL1,0.8098252,1
LHX2,0.809819,1
UBE2G2,0.80970216,1
GHDC,0.80968815,1
NCOA4,0.809499,1
GLP1R,0.809458,1
VANGL2,0.80924153,1
MMP12,0.8091935,1
VGLL4,0.8091484,1
RASGRF1,0.80909175,1
RAB20,0.80908793,1
DHX57,0.80900896,1
TFB2M,0.80900085,1
ZWILCH,0.8089302,1
PRRC2A,0.80888784,1
NOXO1,0.8087337,1
NUAK1,0.8084191,1
CCDC80,0.80809075,1
EXOC3L4,0.8080644,1
KPNA5,0.80776495,1
ETAA1,0.80775994,1
LIMS1,0.8074982,1
KIF2C,0.8074484,1
REXO4,0.8074425,1
USP39,0.8073809,1
NRXN3,0.80728334,1
PPP1R3B,0.8070807,1
NME9,0.8070702,1
EXT2,0.80698055,1
TCF15,0.80688757,1
PTPN18,0.8068302,1
GPC4,0.8067854,1
CHURC1,0.80678123,1
CENPS,0.80672437,1
IFNA14,0.8066175,1
SERPINB3,0.8064708,1
SLC30A3,0.80637765,1
BRSK2,0.80635107,1
KCNA5,0.80621994,1
SPSB1,0.80618197,1
GP5,0.80602425,1
SLC25A12,0.80593574,1
RRBP1,0.8059248,1
RBM12B,0.80579317,1
CLYBL,0.8055338,1
ATAD1,0.80552703,1
ENO3,0.805474,1
BYSL,0.80545706,1
CABP4,0.8054527,1
TRIM9,0.80529505,1
KLF9,0.8052744,1
GLTP,0.80521005,1
BIN1,0.8052081,1
PDLIM2,0.8051004,1
CLK1,0.8050477,1
DENND2D,0.80503035,1
AQP3,0.8050121,1
MTX2,0.8050095,1
ARHGEF28,0.80500346,1
KIF20B,0.804993,1
COQ10B,0.8049368,1
RBKS,0.80488706,1
SLC3A1,0.804731,1
MARS2,0.80457073,1
CRELD1,0.80432284,1
PHLPP2,0.8042585,1
REPS2,0.80414265,1
PLEKHF2,0.80398613,1
HDAC10,0.8039328,1
ABCC8,0.8037521,1
SLC38A4,0.8032821,1
SMU1,0.8032652,1
FGFRL1,0.80323887,1
RIMS1,0.8030963,1
PI4KB,0.8029422,1
SNX27,0.8028368,1
GAD2,0.8027891,1
ELMO3,0.80259836,1
RAP1GAP,0.80258393,1
PARD3B,0.8025296,1
RUFY4,0.8022727,1
KIAA2013,0.8022044,1
KLHDC4,0.8021691,1
PJA2,0.8019685,1
AKR1E2,0.8019628,1
ATP9B,0.8019571,1
CDAN1,0.8019229,1
RPL24,0.8018912,1
HS6ST2,0.80186033,1
RAD21L1,0.80174094,1
SCAF11,0.8017263,1
DMRT3,0.80157137,1
RAPGEF2,0.80154985,1
POLE3,0.801534,1
XYLT2,0.80153024,1
NKAIN2,0.80151623,1
CACNA1E,0.80146223,1
WDR43,0.8014049,1
CYP20A1,0.8012589,1
PCNP,0.8012504,1
ERAS,0.8012029,1
GNPDA2,0.80115694,1
APBB1,0.80112094,1
RPL18A,0.80111814,1
NLE1,0.8009987,1
SUGT1,0.8008859,1
YEATS2,0.80083746,1
ZNF131,0.8006145,1
MBOAT1,0.800583,1
LGR4,0.80057496,1
SLC26A7,0.8005702,1
PLK2,0.8004599,1
DLG3,0.80030787,1
PSD,0.8003071,1
COL5A3,0.80029345,1
RENBP,0.80012906,1
HBS1L,0.80002284,1
DYNC1LI1,0.79997206,1
PPP1R13B,0.7998514,1
CELA3B,0.7997059,1
ANAPC1,0.7996777,1
CCDC88B,0.7996191,1
TES,0.79947585,1
MPI,0.7990079,1
HOXA11,0.7989706,1
ACHE,0.7989168,1
VPS51,0.798907,1
ITIH1,0.7987947,1
ASB2,0.7987596,1
PGAM4,0.7987039,1
MARCHF1,0.7986944,1
MTARC1,0.7986747,1
DCLK3,0.7986739,1
TP53BP2,0.7985722,1
WIPF3,0.79855466,1
EBF4,0.7984813,1
CYP1B1,0.7984697,1
TRPC5,0.7984211,1
SFXN2,0.79839176,1
SH3PXD2B,0.7983196,1
IL31,0.7983163,1
SLC22A5,0.7982105,1
MAP3K21,0.7982091,1
RBM34,0.7982023,1
PPIA,0.798093,1
MCPH1,0.7980889,1
GIMAP4,0.79805225,1
RPS3A,0.797921,1
RBM10,0.7973351,1
SH3BP5,0.7972121,1
ANKRD1,0.79721117,1
LPAR3,0.79709584,1
MAP7D3,0.7970927,1
MTBP,0.79705936,1
PPIC,0.7969897,1
PEA15,0.7969681,1
SLFN11,0.7969367,1
NR1H2,0.7969081,1
BICRA,0.7968787,1
GTF3C3,0.79678875,1
NCOA1,0.7966793,1
SHPK,0.7963676,1
OXT,0.7963254,1
TSNARE1,0.7961685,1
SGPP1,0.7961345,1
STK10,0.7960992,1
P3H2,0.796013,1
PGS1,0.7959709,1
TM6SF2,0.79592454,1
FEM1A,0.79591733,1
CDCA2,0.79578346,1
PMCH,0.7955847,1
NR4A3,0.7955719,1
ENTPD7,0.79556525,1
TCEA1,0.79545957,1
MDFI,0.79543483,1
NAPB,0.795424,1
HOXC13,0.7953582,1
LTN1,0.7953558,1
IPO8,0.7952922,1
SCAMP2,0.79521716,1
TMLHE,0.7952121,1
TNFRSF19,0.7950927,1
NOP2,0.795073,1
RNF157,0.7950129,1
TELO2,0.79475045,1
MCEMP1,0.7947415,1
MINDY4,0.794399,1
NPL,0.79437816,1
ARFGAP2,0.79429287,1
GEMIN2,0.7942768,1
MAP3K12,0.7940578,1
ALLC,0.7938317,1
EPHX2,0.79380095,1
AEBP1,0.79371953,1
MST1R,0.7936578,1
LTO1,0.7936132,1
ZBTB10,0.7935423,1
CSTA,0.79347163,1
SLC35A1,0.7933835,1
GNMT,0.7933619,1
GTF3C1,0.79330015,1
CTNNA3,0.7930429,1
PTPN4,0.7930426,1
SGSH,0.7929888,1
WNT10B,0.79280543,1
CENPA,0.7927207,1
TIMD4,0.7926989,1
PDE7B,0.7926601,1
ZNF44,0.79264754,1
GLI1,0.79264104,1
ETFA,0.7926279,1
COMMD10,0.7925935,1
PHF5A,0.79254365,1
SEC62,0.7924268,1
ADGRB3,0.79234266,1
RABL2A,0.792135,1
ATF6B,0.79207444,1
TRAPPC8,0.791918,1
DIRAS2,0.79189,1
GABRA4,0.79182017,1
DEAF1,0.79177016,1
SLC12A3,0.7916133,1
ETFB,0.79149085,1
DENR,0.7912972,1
HIGD1A,0.79111135,1
MGAT5B,0.7910787,1
NDUFA5,0.79102206,1
HSPBP1,0.7908851,1
GNAZ,0.7905925,1
WAPL,0.79052573,1
SLC6A12,0.7903907,1
ADIPOR2,0.7902217,1
TAF1L,0.79006994,1
AGO4,0.78990024,1
TPH1,0.7897214,1
KIF4B,0.78971756,1
C1orf112,0.7896324,1
NSFL1C,0.78937703,1
SLC6A15,0.789233,1
TBC1D2,0.7892142,1
PDP2,0.7891245,1
TSHR,0.78905636,1
SLC2A8,0.7890432,1
MELTF,0.78882796,1
CYRIA,0.7887286,1
SLC2A12,0.7887031,1
PCLO,0.78864884,1
RNF20,0.7886474,1
DCHS1,0.78859365,1
CDKN1C,0.78833026,1
NEDD4,0.78826874,1
INCENP,0.78818905,1
KPNA6,0.78806555,1
RBM8A,0.78806096,1
NXN,0.78795403,1
AAR2,0.78793883,1
ALKBH2,0.78765553,1
AHNAK2,0.78753996,1
CLDN2,0.7873611,1
MYH11,0.7873303,1
PILRB,0.78728807,1
FABP1,0.7872764,1
CAMKV,0.7872303,1
UHMK1,0.78717554,1
SLC39A1,0.7870941,1
ELOVL5,0.78699875,1
AHR,0.78698313,1
CDK5R2,0.7869699,1
SARS1,0.7868433,1
SLC25A17,0.7867994,1
PLGLB2,0.78678066,1
PAFAH1B2,0.7866896,1
ADAMTS8,0.78666186,1
BASP1,0.78665376,1
MED21,0.78658205,1
WWTR1,0.78657806,1
SCN5A,0.7865436,1
CHMP2A,0.7865399,1
PPP2CA,0.78651255,1
RERGL,0.7864366,1
MYBBP1A,0.7863713,1
VWC2,0.7863568,1
XRN1,0.78620666,1
MYH1,0.7861628,1
PLIN2,0.7861483,1
SCGB1A1,0.7858817,1
SSH2,0.7858789,1
P2RY12,0.7858546,1
MEP1B,0.7858147,1
UBD,0.7857157,1
GYS1,0.7855377,1
HTATSF1,0.7852835,1
SESN3,0.7851928,1
SEPTIN6,0.7851869,1
ABHD4,0.7851232,1
TATDN2,0.78510904,1
NMRK1,0.7849435,1
PAFAH1B1,0.78485084,1
CHI3L2,0.7846162,1
ZCRB1,0.784563,1
DECR2,0.7845005,1
TRIM68,0.7844976,1
ASB8,0.78446364,1
KLRF1,0.78445554,1
UPF2,0.7842662,1
ACOT13,0.7842245,1
DMP1,0.78396696,1
NLRP11,0.78374606,1
ARPC5L,0.7836438,1
UBAP2,0.783612,1
RCCD1,0.7834056,1
SLC7A1,0.7833702,1
KIF14,0.7833671,1
PURA,0.7833633,1
PTGER2,0.78336227,1
FMNL2,0.78326935,1
GET4,0.7832299,1
GPS2,0.78320616,1
C1GALT1,0.78306127,1
AGFG2,0.78283787,1
CHCHD2,0.7828114,1
KIF21B,0.7827934,1
ECE1,0.7823977,1
CADPS,0.78235525,1
ANXA8L1,0.78230935,1
FLNB,0.7823033,1
ZSCAN26,0.78209364,1
SUN3,0.78199726,1
UGGT2,0.781978,1
NUP43,0.78189534,1
TRIB3,0.78187495,1
DDI1,0.7818558,1
KLK15,0.78171784,1
PRPF3,0.7816941,1
ADH1B,0.78168607,1
MS4A14,0.78168595,1
SESTD1,0.78156906,1
MYEF2,0.78140396,1
SMPDL3A,0.7813419,1
TBL3,0.7811819,1
NEUROD6,0.7811055,1
GRID1,0.78103775,1
USP30,0.7810216,1
MICALL2,0.7809121,1
RAP2C,0.7808828,1
SIN3B,0.78087914,1
ARL14,0.7807275,1
PDCL,0.78058946,1
USP34,0.78055215,1
LCOR,0.7802972,1
PDE6B,0.78028715,1
MANF,0.7802171,1
IGDCC3,0.78018135,1
DHX30,0.779993,1
PIGV,0.7797416,1
DLL3,0.7796633,1
KIF7,0.77957785,1
DAZAP1,0.7793545,1
AGBL4,0.7792806,1
CCHCR1,0.77925545,1
PPP2CB,0.7791965,1
TTC28,0.7789596,1
SERPINA9,0.7788914,1
RALGDS,0.7788401,1
RNF135,0.7787127,1
UAP1L1,0.77858335,1
ATP1B4,0.77853537,1
EIF4A2,0.7784465,1
GPR15,0.77834976,1
NTAN1,0.77822983,1
MOGAT1,0.77821416,1
TTN,0.77819204,1
AP4E1,0.77802074,1
CDK10,0.77790564,1
UBL4A,0.7778073,1
DFFB,0.77776504,1
GPD2,0.7775212,1
SPEF2,0.7773906,1
BEND3,0.7772369,1
NOP58,0.7771316,1
SATB2,0.77704084,1
SLC35F5,0.777021,1
SLC30A4,0.77699196,1
LOC400499,0.7769855,1
CHD5,0.77694434,1
PSD3,0.77679646,1
ERG28,0.7767766,1
PEX3,0.7766339,1
STAP2,0.77658284,1
WNT16,0.7765152,1
RPL35,0.7763703,1
LSM1,0.7762761,1
LIPA,0.7761835,1
TRIM56,0.77607346,1
NARF,0.7759156,1
DEPDC5,0.7759121,1
SOX10,0.7758607,1
SC5D,0.7757017,1
AMIGO2,0.7756221,1
FZD6,0.77560705,1
EBI3,0.7755918,1
GID4,0.77521366,1
NTRK2,0.77520216,1
RBFOX3,0.77515227,1
GOLT1A,0.77495635,1
RIC1,0.77463317,1
UBAP1,0.774515,1
OVOL1,0.7744588,1
TIMM23,0.7744346,1
NOL11,0.77442735,1
SYTL1,0.7744169,1
MUSK,0.7740788,1
SLC12A1,0.7740431,1
AGO2,0.7740288,1
NMD3,0.7739821,1
INSM1,0.77397335,1
CSTF3,0.7739328,1
SPTLC2,0.77377516,1
CAMTA2,0.7736667,1
TXNDC17,0.77365786,1
IPO5,0.7735902,1
SEC31B,0.7734819,1
TRIM11,0.7733185,1
TNNT2,0.77330786,1
ERC1,0.7731026,1
USP33,0.77292204,1
MCHR1,0.77286893,1
PABPC4,0.772816,1
LMO1,0.7728134,1
CNPY3,0.7725791,1
MALSU1,0.7725273,1
TRAPPC4,0.7724504,1
CCDC12,0.7724361,1
NCAPG2,0.77237064,1
KNL1,0.7723478,1
H2AC21,0.77230716,1
HMGCS2,0.7721537,1
RAB9B,0.772101,1
KCNIP3,0.77203923,1
SYT2,0.7720052,1
PEX10,0.7719977,1
MYG1,0.7718928,1
CAB39L,0.77186054,1
PIP4K2A,0.7717175,1
FAM98A,0.77161074,1
CREB5,0.7714168,1
GPRASP2,0.7713105,1
PEX16,0.77130353,1
CIZ1,0.77101445,1
MIPEP,0.7710095,1
NOS1,0.7709462,1
PEX5,0.77089655,1
FCRL1,0.7708794,1
MAST2,0.77080417,1
HEATR6,0.77079123,1
C1QTNF3,0.7707432,1
INHBE,0.77073944,1
RNF169,0.7705715,1
TSC1,0.77047217,1
RASA2,0.7704564,1
METTL14,0.77042085,1
AIFM1,0.7704013,1
NCAPH2,0.77031684,1
VPS13D,0.7702005,1
PPP3R2,0.77017415,1
ATCAY,0.77010196,1
DQX1,0.7699863,1
CBFA2T2,0.76998574,1
CD164,0.769849,1
POM121,0.7697254,1
BUD31,0.7697125,1
PCYT1A,0.76970184,1
ALDH1A1,0.7696904,1
HELZ,0.7696612,1
BTBD1,0.76959586,1
SENP6,0.76933724,1
H2AC14,0.76930934,1
DPYS,0.7691903,1
SPTBN4,0.7691129,1
ANK3,0.769062,1
ICA1L,0.7689121,1
MPLKIP,0.7688707,1
EPHX1,0.7687446,1
HOXD13,0.7687324,1
DUOX2,0.7686241,1
PSMG1,0.76859885,1
POP1,0.768453,1
SNX20,0.76841617,1
TRIM69,0.76836175,1
GYG2,0.768209,1
SNF8,0.7681437,1
PKN2,0.7680876,1
PPT1,0.76805097,1
SH2B2,0.76804817,1
CRYZL1,0.7680314,1
COL4A6,0.7679803,1
ACSS1,0.7678595,1
TGM5,0.767787,1
NIF3L1,0.76777834,1
RASSF1,0.7677415,1
HNRNPCL3,0.7675122,1
ARHGEF16,0.7673212,1
CORO2A,0.76718354,1
ZFP36L1,0.7671714,1
GNE,0.76712286,1
TEAD2,0.7670533,1
SEMA6A,0.76697683,1
GALC,0.76691973,1
CA8,0.76682806,1
SNX8,0.76665986,1
ENC1,0.7663378,1
PITPNM1,0.76625144,1
ENO4,0.7661454,1
APPL2,0.76602656,1
GDA,0.76599574,1
INAVA,0.7655986,1
WDR59,0.76528853,1
B4GALNT2,0.76521784,1
PI3,0.76511955,1
HBE1,0.76497704,1
MSLN,0.76489943,1
GRIA2,0.76475716,1
TJP2,0.76463693,1
ABCB5,0.7646036,1
MMP27,0.76436365,1
CNNM1,0.7642464,1
DPY19L3,0.76418334,1
VPS35,0.7641074,1
CHST3,0.7639222,1
ALDH3B1,0.7638526,1
USP40,0.7637874,1
PSKH1,0.7635113,1
TSC22D2,0.76341736,1
H4C6,0.76336324,1
TSSK2,0.76330215,1
CCDC59,0.76309353,1
PPIB,0.76304317,1
LYPLA2,0.76293546,1
COL21A1,0.76292783,1
BRMS1,0.762815,1
SST,0.7628146,1
ZMYM2,0.7627502,1
TMPRSS15,0.76273763,1
MAL2,0.7625982,1
OBSCN,0.76258975,1
NR2F2,0.76255685,1
DYNLL1,0.7623977,1
PRPS1L1,0.7623943,1
KIAA0319,0.7623862,1
SERTAD2,0.7623584,1
HSPA2,0.76230603,1
SERPIND1,0.7622679,1
NEK6,0.76226187,1
PRDM16,0.76219934,1
COL9A1,0.76204914,1
TUBB4A,0.7619914,1
CLASRP,0.7619818,1
MKNK1,0.76197386,1
ALDH9A1,0.7619351,1
NLRP6,0.7618856,1
SUMO3,0.76179653,1
CPNE3,0.76172334,1
STARD13,0.7615973,1
USP27X,0.7615957,1
RASEF,0.761554,1
CPSF4,0.7614506,1
NMRAL1,0.76142144,1
CALN1,0.7608831,1
BTBD2,0.76087356,1
GBA2,0.76083905,1
MUC16,0.76077914,1
ITPKA,0.76053566,1
ZZEF1,0.7604371,1
RGS13,0.76035327,1
UNC79,0.760345,1
CAMTA1,0.7603315,1
MYH8,0.7600689,1
SMO,0.7600455,1
AGO1,0.7599741,1
MICAL1,0.7599382,1
ASL,0.75990444,1
SFMBT1,0.7598626,1
ADAL,0.75973636,1
STK33,0.75965947,1
TESC,0.7595208,1
PDE11A,0.7595082,1
TARBP2,0.759379,1
CSPG5,0.759239,1
CASR,0.75921285,1
CEP43,0.75921065,1
ZNF326,0.75917494,1
PCYOX1,0.7591012,1
RHEBL1,0.7587969,1
NECAP1,0.7587135,1
NME1,0.7587101,1
MTIF3,0.75863254,1
NIPA2,0.75822026,1
NR2E1,0.7579454,1
BLOC1S6,0.75791895,1
TYR,0.75782186,1
METRNL,0.7577694,1
TFDP2,0.7577152,1
PPFIA3,0.75767225,1
CIP2A,0.75767213,1
SFTPB,0.75739455,1
RANBP17,0.7573634,1
PPP4R1,0.757332,1
HCAR3,0.75725514,1
LUC7L3,0.7571054,1
UBE2H,0.75705194,1
INTS6,0.75699115,1
PCMT1,0.7569219,1
ATP10B,0.7569008,1
AMPD2,0.75681645,1
CACNA1H,0.7567805,1
NDUFB11,0.75667554,1
LEPR,0.75655025,1
SLC15A2,0.75633353,1
PACSIN1,0.7561295,1
HTRA4,0.7559839,1
CALM1,0.75584245,1
CLIP2,0.7558329,1
CSNK1D,0.7558233,1
TSNAX,0.7557085,1
AGGF1,0.75567883,1
FOXS1,0.7554629,1
IZUMO1R,0.7553998,1
CYP1A1,0.7552602,1
ATP10D,0.7552121,1
PPP1R16B,0.7551896,1
CDK3,0.7550214,1
NEUROG3,0.7549721,1
ZNF385A,0.75487995,1
MN1,0.7547038,1
ITGA8,0.75420374,1
ASIP,0.75397325,1
FOXE1,0.7538972,1
CILP2,0.75343263,1
TFF2,0.7534178,1
HSPA12B,0.7534144,1
ST8SIA2,0.7533821,1
CTH,0.75337356,1
PRAF2,0.7533523,1
GCFC2,0.75329196,1
RASA1,0.75323796,1
SH3PXD2A,0.7532007,1
ARHGEF11,0.75319284,1
EMD,0.7530841,1
WAC,0.7530653,1
CR1L,0.7529582,1
SCD5,0.75290614,1
CDK13,0.7527886,1
EPC2,0.7527344,1
PTER,0.752716,1
SRP14,0.7526604,1
SLC35F6,0.752648,1
ALG12,0.7523818,1
ATP13A4,0.7523094,1
CDH13,0.75228864,1
HOXA10,0.75215745,1
MMP23B,0.7521475,1
PPL,0.7521428,1
FMC1-LUC7L2,0.7520748,1
FNDC3B,0.75206923,1
ZNF35,0.7519937,1
AUP1,0.75185364,1
DHDH,0.7518089,1
MARK1,0.7515716,1
IMPDH1,0.75146157,1
CREBRF,0.7514375,1
PALS2,0.7512919,1
RBM15B,0.75127316,1
ANGPTL2,0.7512304,1
AGMO,0.7511688,1
CSNK1A1L,0.7506574,1
NR2F1,0.750569,1
BAIAP2L1,0.7504634,1
TP53RK,0.7504464,1
MTRFR,0.75039935,1
RABL3,0.75034595,1
RSRC2,0.75014955,1
SLC5A8,0.7500139,1
PAEP,0.74978167,1
PGM2,0.74975806,1
ENOSF1,0.7496288,1
SLC25A36,0.7496141,1
CENPC,0.7493405,1
TP53AIP1,0.7491842,1
THEMIS,0.74917954,1
CTRB1,0.7489762,1
SLCO2B1,0.74897057,1
CEP97,0.7489159,1
FGD2,0.7488229,1
NKTR,0.74867374,1
MTMR9,0.74860656,1
MTIF2,0.7485789,1
FEZ1,0.7484703,1
RPS10-NUDT3,0.7484042,1
GNAI3,0.74823743,1
CHDH,0.7481484,1
RNF185,0.7480721,1
SLC39A5,0.7477918,1
KTN1,0.7477801,1
CRYZ,0.7477759,1
UQCRFS1,0.7477393,1
PICK1,0.74773777,1
FBLN7,0.7476281,1
RPAIN,0.74749416,1
GPAA1,0.74745834,1
PAPSS2,0.74711406,1
NDUFS4,0.74709326,1
EPB41L1,0.7470886,1
MYOC,0.7470651,1
KHDRBS2,0.74701816,1
XYLT1,0.7469698,1
SBF2,0.74693966,1
KLHDC2,0.74664265,1
XRN2,0.7465986,1
SNX29,0.74651986,1
SLC7A2,0.74649405,1
C1GALT1C1,0.74647814,1
COX5B,0.7464073,1
DSP,0.74617845,1
PCF11,0.7461621,1
ACSS2,0.745876,1
RBSN,0.74578804,1
AGO3,0.7457698,1
BAG2,0.74568534,1
BAHD1,0.74556583,1
SLCO4A1,0.745467,1
DOCK5,0.745077,1
SF3A3,0.7447869,1
WDR33,0.74474126,1
FCRL3,0.7442222,1
GABRD,0.7440144,1
MEGF6,0.74397886,1
AMBP,0.7438535,1
MCMDC2,0.7438289,1
FBLIM1,0.7437894,1
PLEKHO1,0.743596,1
PTCHD4,0.7434205,1
ITPKC,0.74314874,1
ZHX2,0.743003,1
HSDL1,0.7429063,1
MYCT1,0.7428996,1
ARRDC2,0.7428893,1
IK,0.7428644,1
PDK4,0.7427451,1
TAT,0.7426658,1
SAMD4A,0.7426265,1
MEP1A,0.7425793,1
H1-0,0.74254197,1
CEP350,0.74235016,1
ZBTB7C,0.74227434,1
S100A12,0.7421844,1
UPP1,0.74210167,1
NCOA5,0.74209386,1
LTK,0.74204344,1
MAGED2,0.7419668,1
NUAK2,0.74187386,1
RBM17,0.74182224,1
EHHADH,0.74179876,1
CREBL2,0.741777,1
LDHAL6B,0.7417263,1
CSMD3,0.7416552,1
CNOT9,0.74162155,1
PCGF2,0.74132776,1
HUS1B,0.74125993,1
LAYN,0.74122167,1
HCRT,0.74116296,1
TINAGL1,0.74093336,1
PTPN23,0.7404745,1
JAM3,0.7404619,1
MOGAT2,0.7404574,1
RAX2,0.74022126,1
CXCL6,0.74020857,1
ATP1A2,0.7401116,1
FCRL5,0.74009943,1
ZCCHC8,0.74007607,1
LONRF1,0.74006027,1
ATP2C1,0.7400185,1
RAB23,0.7396772,1
MRPL17,0.73958796,1
CNTLN,0.7394404,1
NUDT5,0.7391839,1
HRG,0.73918027,1
COL24A1,0.73909026,1
RIT1,0.7390197,1
DPEP1,0.7388581,1
SCAMP1,0.7388366,1
ZNF711,0.7387637,1
ARSI,0.7385585,1
B4GALT2,0.7385496,1
GSTK1,0.7383414,1
PRPF6,0.73812675,1
GRAMD4,0.7381101,1
GTF2H3,0.73809993,1
SIGLEC7,0.73803246,1
AADAC,0.737828,1
SGSM1,0.73779446,1
ECPAS,0.7376528,1
SLC25A42,0.7376302,1
EPHA10,0.7373712,1
CIAO2A,0.73735505,1
NDUFS5,0.7373233,1
LRRC17,0.7371938,1
POU3F3,0.73706824,1
GDAP1,0.73704463,1
RPL30,0.73700005,1
MYLK2,0.73674387,1
AQP5,0.736536,1
ANGPTL7,0.73642665,1
CAPN6,0.7363937,1
APMAP,0.73637456,1
MKRN2,0.7363643,1
VBP1,0.73635876,1
ABHD17A,0.73635733,1
ZIC5,0.7363487,1
PCDH11X,0.7363292,1
KCNQ3,0.73622054,1
FAM20B,0.7362187,1
SLC12A9,0.73613286,1
CSRP1,0.7360613,1
CAVIN2,0.7359107,1
LRCH2,0.73563915,1
USP35,0.73561394,1
TCN1,0.73549336,1
CBLN4,0.7354606,1
AK5,0.7353929,1
APH1A,0.7353574,1
THAP1,0.73527914,1
RPE,0.73507637,1
MPP2,0.7349213,1
DEGS2,0.7348358,1
ZNRF4,0.73477286,1
WDR45,0.7347125,1
HSF1,0.73465514,1
MFSD1,0.7345501,1
TAF5,0.7344534,1
SCD,0.7344533,1
RABGGTB,0.734431,1
ANG,0.73425555,1
CCL23,0.73422086,1
AEBP2,0.73401415,1
EPN3,0.7338871,1
CPEB3,0.73370916,1
ACSL3,0.73355323,1
NOC2L,0.7335231,1
SRGAP2C,0.73350835,1
CYP4V2,0.7333185,1
NAB2,0.73326564,1
GALNT2,0.733264,1
ART1,0.7331137,1
KIR2DL4,0.7330933,1
RRAGD,0.73295623,1
DIAPH2,0.7329281,1
CIT,0.7327338,1
GSE1,0.73258895,1
MRI1,0.73248315,1
TACC2,0.732422,1
BHLHE41,0.73232055,1
SLC44A4,0.7322949,1
TG,0.7321632,1
ST7,0.7321216,1
HNF1B,0.7321067,1
REXO2,0.73204637,1
STS,0.7320073,1
APLP2,0.7316735,1
ACADVL,0.73156804,1
HOXC8,0.7315635,1
ITGB1BP1,0.7315458,1
RAB33A,0.73149765,1
TRPV5,0.73140216,1
SRA1,0.73122555,1
MYL1,0.7312112,1
TRIB2,0.73119384,1
NFXL1,0.73114514,1
GIPC1,0.731133,1
CRTAP,0.73111427,1
GTF2H4,0.73097956,1
NDST1,0.73094636,1
AP4S1,0.730803,1
RBM15,0.73075885,1
DKK4,0.7306314,1
STX1A,0.7305699,1
STK36,0.7304871,1
TTLL7,0.7304438,1
NLN,0.73037297,1
GP9,0.7302977,1
CYP27B1,0.7301657,1
SYN1,0.7300638,1
RGS3,0.73004603,1
FOXJ1,0.7299668,1
SYAP1,0.7299115,1
INPP1,0.7296669,1
SLC34A2,0.72944176,1
CHCHD4,0.729372,1
RNPS1,0.72933966,1
AGTPBP1,0.7292324,1
ARHGAP12,0.72908485,1
QSOX2,0.7290171,1
MCOLN2,0.72884893,1
MRPS34,0.72881323,1
PRLR,0.72874755,1
GRIPAP1,0.72871256,1
TAF1D,0.72870785,1
EXOSC6,0.7281917,1
HTR2C,0.7279259,1
ASH1L,0.727892,1
ARHGAP39,0.72779584,1
C12orf57,0.7277044,1
MAOA,0.7275855,1
ZW10,0.72757566,1
RDH13,0.7273351,1
ADAMDEC1,0.727261,1
PTGS1,0.72720325,1
PRNP,0.72717655,1
SLC44A3,0.72713846,1
SOX8,0.72682506,1
EMC3,0.72679245,1
KLHL2,0.72663563,1
POLR3K,0.72659135,1
FAR1,0.7265786,1
CEP72,0.72654396,1
CLASP1,0.726455,1
MTRF1,0.72634894,1
RILPL2,0.72631216,1
CLEC9A,0.72602564,1
KCNC4,0.72601724,1
DTX3L,0.7259033,1
PPIE,0.7258045,1
PAXX,0.72565687,1
ARID4B,0.72565615,1
EXOSC10,0.72565556,1
ATAD3B,0.72558445,1
ESX1,0.72552234,1
HYPK,0.7251771,1
MAN1A2,0.7250064,1
TMEM140,0.7250029,1
AGMAT,0.72494024,1
NEU4,0.7249123,1
LIN54,0.72475225,1
DUS3L,0.72473305,1
SLC25A16,0.7246703,1
MYH3,0.72459894,1
CREB3L4,0.72445464,1
PPCS,0.72429806,1
DCT,0.72379875,1
FBXO25,0.72364944,1
WEE1,0.7235326,1
FGF19,0.7234657,1
PDE12,0.7234399,1
BBC3,0.72336984,1
CSNK2A1,0.72322655,1
MEDAG,0.7232078,1
KCNAB1,0.72319615,1
TRIM47,0.7231274,1
ISOC2,0.72297806,1
GAS1,0.7227673,1
ITGBL1,0.7227355,1
HDC,0.7227339,1
CHST8,0.72257704,1
PAX9,0.7224688,1
RRAGB,0.72236747,1
DNAH10,0.7223155,1
HOOK1,0.7222675,1
PCDH10,0.7222146,1
NOS1AP,0.72220904,1
ULBP3,0.72197,1
MUC13,0.72194535,1
DCAF11,0.7219338,1
SAA2,0.7219035,1
NUCB2,0.72175443,1
PXDC1,0.7217397,1
MAP2,0.7216795,1
SLC27A6,0.7216724,1
RFX4,0.7215067,1
JAZF1,0.7214275,1
PFDN5,0.7213417,1
BAZ1A,0.7213363,1
GRIP2,0.7209961,1
BCKDK,0.72096854,1
KIF3A,0.72090554,1
TSPAN15,0.7208997,1
CMIP,0.72066146,1
ILVBL,0.7203951,1
CNOT7,0.7202684,1
BET1L,0.7201431,1
HMGN5,0.72013944,1
VPS37A,0.7200673,1
TMED3,0.72006595,1
IDO1,0.71986324,1
TBR1,0.7198463,1
PGM5,0.7197849,1
RARB,0.71954733,1
TAMALIN,0.71945226,1
HADHA,0.7194344,1
TNXB,0.71939576,1
MADD,0.71929693,1
TMEM230,0.71916723,1
ELL,0.71913916,1
IL1RAPL2,0.71880376,1
PBX3,0.71872616,1
MFAP1,0.71859306,1
PIEZO1,0.7183755,1
CETN1,0.7183662,1
DNAJC24,0.718202,1
LINS1,0.7178926,1
PBLD,0.71784306,1
CDC42BPG,0.7177388,1
MRM1,0.7176711,1
ATP5ME,0.7176166,1
AKR1B10,0.71757483,1
CHD2,0.7175455,1
NELL2,0.717541,1
SLC17A9,0.7175215,1
NXF1,0.7174411,1
S100A16,0.717333,1
KATNB1,0.7172834,1
CAPSL,0.7170526,1
KLF14,0.7170366,1
TLK1,0.71689326,1
RASAL2,0.71683234,1
SHROOM2,0.7167994,1
CHMP2B,0.7167148,1
CEL,0.716576,1
RALYL,0.7162115,1
DOCK4,0.7158218,1
SOD3,0.71573275,1
RNF113A,0.71565914,1
DPP8,0.71553123,1
ERMAP,0.71550035,1
SAC3D1,0.7154862,1
TRMT6,0.7154766,1
NSUN4,0.71546966,1
KDM1B,0.71523815,1
CCNG2,0.7152177,1
SGMS2,0.7151716,1
TOR1A,0.71494377,1
TUBA3E,0.7148252,1
GRM1,0.714776,1
ETV7,0.7146031,1
SCN1A,0.7145395,1
PFDN6,0.7144358,1
MAP7D1,0.71423995,1
EPGN,0.7141775,1
URB2,0.7141599,1
NUP88,0.7140441,1
ERI3,0.71399814,1
TMEM74,0.7139478,1
MICAL3,0.71379447,1
ARHGEF19,0.7137105,1
PLEKHF1,0.713644,1
NR1I2,0.71363544,1
CREB3L2,0.71343386,1
CALML5,0.7133265,1
DHTKD1,0.7132044,1
ITM2A,0.71292764,1
QRSL1,0.7128702,1
ALPP,0.71265477,1
KIF17,0.7126277,1
BZW2,0.712438,1
SLC25A48,0.71214837,1
RBM41,0.71213704,1
RAB3GAP1,0.7121234,1
H2BC1,0.7121125,1
NUP160,0.7120349,1
TRIM7,0.7120044,1
VEZF1,0.711941,1
GLRB,0.711874,1
CTHRC1,0.7118153,1
IGSF8,0.7117685,1
NDUFA8,0.71156496,1
CHRD,0.71114415,1
DPH2,0.71109664,1
ZNF750,0.7109666,1
SH3D19,0.7108843,1
EPB41L2,0.7108303,1
NIPSNAP2,0.71080756,1
PARD6G,0.7104868,1
NEK1,0.710432,1
EFNA1,0.7103448,1
HECTD3,0.71000683,1
PDHA2,0.7099062,1
SLC6A20,0.7098932,1
TMTC3,0.70965225,1
AACS,0.7092498,1
SLC28A1,0.7091802,1
SLC6A9,0.7089946,1
NAALADL2,0.708915,1
CHP1,0.7088333,1
UGCG,0.70881015,1
CORO7,0.70876443,1
CLEC12B,0.7086685,1
H2BC15,0.708313,1
LRAT,0.7082938,1
SFN,0.7082249,1
RNH1,0.70811886,1
ARHGEF2,0.70796204,1
STK17B,0.7076552,1
ARHGEF37,0.7076104,1
GAST,0.7075226,1
BHMT,0.7073977,1
ARSK,0.70726067,1
MBNL2,0.7072098,1
USP49,0.7071249,1
SLC38A9,0.7069689,1
TMEM59,0.706942,1
KLK1,0.7067026,1
FMN1,0.70662224,1
DIDO1,0.7065833,1
SQOR,0.7064209,1
PPP4R3B,0.70627964,1
DISP2,0.706244,1
PRSS53,0.70623714,1
KLHL4,0.7060345,1
ANKRD11,0.7060304,1
MPPED1,0.7060111,1
RRN3,0.7059952,1
REM2,0.70592123,1
AHRR,0.70589775,1
CYB5A,0.705771,1
FABP5,0.7057271,1
SNX17,0.70538706,1
JMJD7-PLA2G4B,0.7053062,1
MARCHF7,0.7050332,1
ALG14,0.70484084,1
KLHL22,0.704694,1
ANKRD49,0.7044579,1
PPFIA4,0.7044273,1
SMYD1,0.7044229,1
MSRA,0.70432746,1
DNAJC12,0.70429176,1
GAS2L1,0.7042744,1
RNF149,0.7039867,1
FASTK,0.70389444,1
PPTC7,0.7038675,1
ZFYVE27,0.703538,1
RPL29,0.70345366,1
ACBD6,0.7032617,1
NDUFC2,0.70317256,1
CES5A,0.7030513,1
USP45,0.7029719,1
TSPAN14,0.7029617,1
BRI3BP,0.7028912,1
ART3,0.70275956,1
GMPR,0.7026734,1
CMSS1,0.70266783,1
RADIL,0.702659,1
ADGRG2,0.7025888,1
RGPD2,0.70232296,1
PLAAT1,0.70230114,1
XPR1,0.7021147,1
CDK16,0.70209527,1
UNC45A,0.7020582,1
ABCA3,0.70205736,1
KCNC3,0.7020357,1
DNAJC13,0.7018213,1
NELL1,0.7017677,1
TMEM176B,0.7017677,1
MOB1A,0.70172966,1
COQ8B,0.7016234,1
CD99,0.7015592,1
SLC9A3R2,0.70128554,1
COQ6,0.70116603,1
GPAM,0.70098925,1
RXRA,0.70094484,1
CPAMD8,0.70072997,1
TTF1,0.70004576,1
STK25,0.7000153,1
RPL23,0.69987255,1
ELAVL2,0.6998231,1
MCEE,0.69976497,1
ATP8B4,0.6997568,1
SMN2,0.69974893,1
ZER1,0.69967234,1
RNFT1,0.6996451,1
APIP,0.6994692,1
ECT2L,0.6993242,1
RMND5A,0.69928455,1
RAPGEF5,0.6992488,1
IL37,0.69890213,1
SLC39A8,0.6987013,1
CUL9,0.6986834,1
ABCB8,0.6986522,1
LRCH3,0.69831663,1
POU1F1,0.6982913,1
PCDH20,0.69826895,1
RFX6,0.6981072,1
PLIN4,0.6978686,1
PLPP1,0.6974692,1
PSMD13,0.6974548,1
RBFOX2,0.6972825,1
CHAC2,0.6972748,1
KDM5B,0.6971748,1
GOLGA5,0.69693106,1
SPAG4,0.69686544,1
DENND1B,0.69682455,1
NUDT4,0.6967011,1
TFCP2L1,0.6966642,1
NRCAM,0.6965963,1
BIK,0.6964748,1
POU4F2,0.6963606,1
TMUB1,0.6963042,1
OSBPL3,0.69598556,1
WASHC4,0.6955966,1
SLC37A3,0.69557935,1
KLK11,0.69538116,1
ANTXR1,0.6951641,1
ELL2,0.6951224,1
RPS2,0.69512135,1
MEGF8,0.6950112,1
GORAB,0.6949321,1
MPP7,0.69492626,1
LRSAM1,0.694888,1
GCH1,0.69486904,1
ARHGAP31,0.69450355,1
DAPL1,0.69445026,1
YWHAB,0.6942794,1
REG3G,0.69425434,1
ZNF143,0.6942097,1
ATP2B2,0.69412756,1
CHKB,0.694126,1
DNAJC18,0.6940834,1
NKX2-4,0.6939236,1
LOXL4,0.6938001,1
HPDL,0.6937811,1
DDI2,0.69370466,1
GRHL1,0.6935151,1
CDK5R1,0.69349104,1
FSTL4,0.69338006,1
CRLS1,0.6932151,1
FGF14,0.6931949,1
ZC3H12C,0.69314945,1
YIPF1,0.6929205,1
PSIP1,0.6927584,1
ACKR1,0.69249576,1
ADAM29,0.69244087,1
HERC3,0.6923428,1
SMAP2,0.6923367,1
ZDHHC4,0.6923145,1
TPM2,0.6923064,1
NOX5,0.69229686,1
ZNF71,0.6922814,1
PMF1,0.69221383,1
ROBO2,0.6921905,1
NOCT,0.69216406,1
ATP2A1,0.6921016,1
RPL21,0.69200635,1
ORM2,0.6918349,1
MED8,0.6918337,1
RASL12,0.69176537,1
ADPGK,0.69171953,1
DYNC1I2,0.69166386,1
GOT2,0.6916632,1
GRIN2B,0.69163287,1
ABLIM3,0.6914983,1
MUC4,0.69149435,1
ZNF763,0.69135666,1
ATP1A3,0.69130754,1
FMNL3,0.69117093,1
RPAP2,0.6910867,1
DNAJC5,0.690851,1
ADGRG5,0.6907935,1
MRPS26,0.6906789,1
EIF4G3,0.6906428,1
SMARCD3,0.6905964,1
TSPAN32,0.6905609,1
RNFT2,0.69049305,1
TARS2,0.69048256,1
RRAGC,0.6904123,1
CTDSPL2,0.6899628,1
NAT8,0.6899526,1
MDN1,0.6899048,1
POU3F1,0.68987566,1
TBX20,0.6897618,1
CTDSP1,0.6896353,1
DNAJB12,0.6896158,1
LRIF1,0.6895068,1
ACTR3C,0.68948525,1
GREB1,0.6894701,1
H2BC5,0.6894265,1
APOBEC3F,0.6893711,1
DYNC1I1,0.68932194,1
SAA4,0.68930286,1
ADGRG6,0.6892564,1
RPLP2,0.6892314,1
NFU1,0.6892257,1
MFSD3,0.68883383,1
BTBD6,0.6884213,1
ARHGDIG,0.6883952,1
BTN2A2,0.68801504,1
SLC18A3,0.6879678,1
PPARD,0.6879576,1
ARHGEF25,0.6873617,1
IFT88,0.68727624,1
TMX3,0.6870771,1
RYBP,0.6870626,1
DNAJC7,0.687019,1
LSM2,0.68693393,1
ASIC1,0.6868296,1
SYNGAP1,0.68662566,1
ZNF746,0.6865765,1
DDX49,0.6865721,1
KLHDC1,0.68628633,1
SSUH2,0.68628114,1
CEACAM1,0.6862307,1
STX19,0.6862104,1
YEATS4,0.6861715,1
SLC8A1,0.6861334,1
ZC3H13,0.6860689,1
EPS8L3,0.6859537,1
DDX20,0.68592525,1
MRPL19,0.68584925,1
BNC2,0.6856672,1
RAB6B,0.68554175,1
GPC6,0.6852234,1
OTX1,0.68511486,1
TRIM65,0.6850489,1
REEP1,0.68498594,1
CASZ1,0.6849808,1
KRT20,0.6847905,1
ATG2B,0.6845074,1
RGS7,0.6843735,1
ZMAT5,0.6843707,1
ECI1,0.6839811,1
MMP19,0.68391865,1
AFAP1,0.6838696,1
ATP8B2,0.6836251,1
KCND3,0.68361217,1
KRT9,0.6836032,1
FTSJ3,0.6835654,1
LCORL,0.6834822,1
L3MBTL1,0.6834618,1
CSN3,0.6833971,1
MTA1,0.68337977,1
MRTO4,0.6832456,1
EEPD1,0.68320364,1
ARL5A,0.68314844,1
SPINK2,0.68296266,1
STAG1,0.6827768,1
TRPA1,0.68270797,1
ZNF618,0.682628,1
RAB5B,0.68262005,1
MRPL55,0.6824576,1
ATP11C,0.682342,1
NPAT,0.68224806,1
FBXL5,0.68216527,1
SCML2,0.6820294,1
COL9A2,0.68187785,1
HBG1,0.68169665,1
ETNK2,0.6812931,1
KAT6A,0.68127066,1
IL1RL2,0.6812448,1
TRMT10C,0.68122494,1
GPD1L,0.68108255,1
TOR3A,0.6810218,1
CHN1,0.6809381,1
DCTN3,0.68088686,1
GLCCI1,0.68081677,1
ATP1B1,0.68071795,1
MAP1S,0.6806801,1
CLEC17A,0.6805685,1
PURB,0.6804784,1
YJU2,0.6804287,1
FAM13A,0.68038666,1
PUS10,0.6797972,1
ARHGAP22,0.6797733,1
TMEM115,0.6796219,1
ABRAXAS2,0.679543,1
ZNF263,0.679488,1
ADGRB2,0.6794415,1
STEAP4,0.67932576,1
PSME4,0.6789546,1
SLC10A7,0.67875725,1
CREBZF,0.6786783,1
CELSR2,0.6786433,1
MYL5,0.6785477,1
MYO18B,0.67853,1
SEZ6L,0.6783205,1
HJV,0.6780418,1
NR1H3,0.6779911,1
NMUR1,0.6779834,1
SPPL2B,0.67787445,1
B4GALT5,0.6778586,1
RCN3,0.6777314,1
ADAM23,0.6775838,1
SPRED2,0.67748123,1
ZFP37,0.67742234,1
CEBPZ,0.67737156,1
TECPR1,0.67723894,1
MXD4,0.6770507,1
ARAP1,0.67704535,1
PDAP1,0.6769984,1
RAB3GAP2,0.676984,1
NSMCE4A,0.6767672,1
ENPP5,0.6766245,1
SLC44A2,0.6764612,1
CABLES1,0.67636496,1
CYB5D1,0.67634445,1
GNG5,0.67621255,1
RSF1,0.6762069,1
IRX6,0.6759254,1
CENPU,0.6758762,1
DDX56,0.6758659,1
DUSP26,0.6758587,1
FAIM2,0.6758357,1
DUSP11,0.6757939,1
CAV3,0.6757829,1
GUCA1B,0.67567056,1
PTPRM,0.6753745,1
RNGTT,0.67506546,1
PCSK2,0.6750566,1
CAMK1,0.6750547,1
VKORC1,0.674977,1
KDM8,0.67493916,1
DPYSL5,0.674853,1
TTYH3,0.6747303,1
MMP16,0.6746799,1
HMCN1,0.6746724,1
SLC25A26,0.6746536,1
FGF9,0.67456174,1
KIF2A,0.67450184,1
STARD4,0.67444474,1
APOC4,0.67431694,1
OTX2,0.6742946,1
PRRX2,0.67421085,1
ESRRB,0.6742089,1
SLC5A2,0.6740609,1
DMAC2L,0.6739752,1
LILRA2,0.67390317,1
TMIGD2,0.673838,1
MRS2,0.6738022,1
ST3GAL4,0.6737659,1
SIDT1,0.6737296,1
DMRTA1,0.6736325,1
ALDH1L2,0.673494,1
TRAPPC3,0.67325056,1
TCEA2,0.6731849,1
SPATS2L,0.67311,1
EFCAB11,0.67292964,1
CAMK2D,0.67285305,1
ATRNL1,0.67262304,1
TGS1,0.6725743,1
GRK5,0.6725276,1
REST,0.67249024,1
DHX37,0.6724567,1
NECTIN1,0.6720361,1
HOPX,0.6718036,1
WDR26,0.6717693,1
CREM,0.67166656,1
ACER2,0.6716157,1
SACM1L,0.6715379,1
DOP1A,0.6712072,1
IGFBP2,0.6708981,1
CSRNP3,0.6708873,1
TUSC2,0.6708723,1
PDXP,0.6706378,1
DCLK2,0.6705919,1
CSNK1G1,0.6703623,1
SLC1A2,0.67002285,1
STK39,0.6699419,1
KCNH2,0.66984487,1
TUBB1,0.6698249,1
DNAJC11,0.6695333,1
JUP,0.6695065,1
LRFN2,0.66943574,1
NPHP4,0.66934043,1
FLRT1,0.66933453,1
ABCA12,0.6693171,1
RASGRP4,0.6692739,1
EIF1B,0.669257,1
FUT11,0.6692388,1
ECH1,0.6687699,1
WDR37,0.6687132,1
FOXI2,0.6686903,1
TMEM241,0.6686719,1
ANKRD16,0.66855943,1
GIMAP1,0.668481,1
TRIB1,0.66833556,1
ZNRD2,0.66832906,1
MED31,0.6682856,1
CDH22,0.6681126,1
SLC8A2,0.66786426,1
NUDT16,0.66777974,1
POLR2C,0.66769624,1
NAP1L3,0.66742456,1
CMTR1,0.6671184,1
DDIAS,0.66681963,1
PTPRU,0.66662854,1
EEF1D,0.66628575,1
RPL39,0.6661779,1
CABP1,0.6661684,1
GATM,0.66615844,1
MED7,0.6660594,1
ENY2,0.66599613,1
SYP,0.6658476,1
OPLAH,0.6657152,1
IRAK1BP1,0.66567016,1
FNTA,0.66527086,1
NDC1,0.6651888,1
ECHS1,0.6650526,1
IRS2,0.66504806,1
SEPTIN2,0.66500276,1
CNTN5,0.6649411,1
NAA35,0.6649017,1
POMC,0.66488874,1
RNF19A,0.6646617,1
TRIM45,0.6646265,1
MRPS6,0.6645058,1
ZFAND2B,0.6645051,1
USP29,0.66428185,1
RPL36,0.66416514,1
PPP5C,0.66394436,1
NVL,0.66387504,1
SLC49A4,0.66378224,1
SERPINA11,0.66365415,1
CERS5,0.66362166,1
CIR1,0.6636013,1
GATAD2B,0.6635054,1
KLHL20,0.6633532,1
CEP290,0.6633531,1
LMF1,0.6631596,1
ABHD1,0.6624421,1
OXER1,0.662311,1
TOMM34,0.66228133,1
SP4,0.6620911,1
ZNF366,0.66191554,1
HAS2,0.66178536,1
BICD2,0.66173315,1
COG1,0.6615111,1
MTMR6,0.6614859,1
FAM210A,0.6612476,1
CA5B,0.66117764,1
PHRF1,0.6611758,1
SLC32A1,0.6610934,1
ARHGAP6,0.660867,1
ANKRD37,0.6607097,1
TSHZ3,0.66065806,1
ASB7,0.660386,1
PDE1A,0.66031426,1
CAMK2A,0.6603133,1
DHCR24,0.66022086,1
YIPF3,0.66018003,1
HSD17B10,0.6600588,1
NME2,0.6599313,1
SPOCK2,0.6597887,1
BTBD9,0.65978163,1
TMOD1,0.6596949,1
RPP30,0.6595083,1
RHBDD1,0.6593979,1
PACRG,0.65936565,1
LGALS1,0.6592387,1
TGM3,0.6590834,1
OBSL1,0.65906596,1
SLC25A24,0.65895647,1
ARHGAP24,0.6589263,1
CCN3,0.6589017,1
GK5,0.65886796,1
PPFIA2,0.6587219,1
DHFR2,0.65863955,1
SDR16C5,0.65855455,1
MLLT10,0.6582032,1
FTO,0.65815264,1
TBL2,0.6581149,1
NTN1,0.6580623,1
ANGPTL1,0.65774524,1
APH1B,0.65757024,1
ILKAP,0.65748245,1
PRCC,0.6574366,1
SMPDL3B,0.6572127,1
SLC9C2,0.65711945,1
SRI,0.6570989,1
MRPL54,0.6570589,1
SERINC1,0.657036,1
MYO1H,0.656713,1
CASS4,0.65662706,1
EYA4,0.65646756,1
GMFB,0.6563893,1
PRODH2,0.6562784,1
DPEP3,0.65626645,1
PTPRH,0.65612686,1
TBCE,0.6560798,1
MID2,0.65572375,1
POLR2H,0.6556261,1
TTPA,0.6556217,1
GPRC5A,0.65551436,1
PHF1,0.65541893,1
GPCPD1,0.65541655,1
WBP11,0.6554153,1
MZT2B,0.6552662,1
KLB,0.6552129,1
VAMP5,0.6550364,1
EFCAB7,0.6549014,1
CDC20B,0.6548993,1
FBXL12,0.6548548,1
CCKBR,0.65483564,1
S1PR5,0.65479213,1
SLC35B1,0.6547262,1
PNOC,0.65458715,1
SPECC1L,0.6545084,1
ISL1,0.65439546,1
SSH3,0.65428317,1
ZNF83,0.6540831,1
CSN1S1,0.65389913,1
LRP12,0.65386033,1
TGFBRAP1,0.6536884,1
KCTD20,0.65364146,1
NDUFB5,0.6532957,1
TNRC6B,0.6532403,1
RAB3C,0.6530205,1
AASDHPPT,0.6529988,1
MCAT,0.65294915,1
TADA3,0.65291584,1
BAZ2B,0.6529086,1
RNF220,0.6528481,1
QSOX1,0.65277827,1
ISYNA1,0.6525873,1
HDDC3,0.6523338,1
KANK2,0.6523318,1
NCS1,0.6522379,1
SKI,0.6521068,1
SQLE,0.65202385,1
FBXL20,0.6519681,1
SLC4A4,0.6519386,1
RNLS,0.65189403,1
CCDC186,0.6513977,1
LMCD1,0.6513671,1
PPFIBP1,0.65123725,1
LMF2,0.6511839,1
DGKI,0.6510442,1
OLFM1,0.65099835,1
SMYD3,0.6508676,1
ALDH4A1,0.6508595,1
RS1,0.6508417,1
RPL34,0.65061146,1
PAXBP1,0.6505568,1
STYX,0.65049195,1
CCN4,0.6504648,1
NXPH1,0.6504139,1
ZNF335,0.6503979,1
VASN,0.65033495,1
HS3ST1,0.6503347,1
MTMR4,0.65020823,1
MOCOS,0.6501779,1
RNF186,0.6501182,1
TNKS1BP1,0.65006787,1
SNAP47,0.65006554,1
SUFU,0.6499246,1
HMGCR,0.6498306,1
AGBL2,0.64981127,1
FFAR2,0.6496613,1
RPS24,0.64952344,1
MTERF1,0.64948046,1
TROAP,0.6493913,1
L1TD1,0.64921445,1
APBB2,0.64919317,1
APC2,0.64919114,1
PHF21B,0.64895535,1
CSNK2B,0.6489235,1
FCAMR,0.64891577,1
SULF1,0.6488967,1
KIR2DL3,0.6488395,1
SRRM3,0.64880604,1
CHRAC1,0.6485663,1
HPS4,0.64848006,1
LPCAT1,0.6484328,1
MED25,0.648395,1
CDH20,0.64836097,1
PTCHD1,0.64825565,1
CAPNS1,0.648045,1
CLSTN1,0.64799994,1
DDAH1,0.6479145,1
ALOXE3,0.6478184,1
MFAP5,0.6477572,1
CDKAL1,0.647591,1
NCAM2,0.64734733,1
SH3RF1,0.6473352,1
FN3K,0.6472702,1
HSD3B7,0.647228,1
PHF2,0.6472064,1
FOXRED2,0.6471383,1
MLXIP,0.64685285,1
WDR38,0.6468263,1
CNIH2,0.6467937,1
ELF5,0.64656967,1
MEMO1,0.6464278,1
SYF2,0.6463753,1
UNC13B,0.6460996,1
RBM12,0.6459265,1
SPIRE1,0.64590544,1
PIP4K2C,0.64583236,1
KIF21A,0.6458085,1
TANGO2,0.6456771,1
PLP1,0.64561284,1
RAI1,0.6455283,1
TEP1,0.6452956,1
PIH1D1,0.64473057,1
NR2C1,0.6446313,1
MSI1,0.6446003,1
CABP7,0.64449054,1
GSDMD,0.6444666,1
BLZF1,0.64446616,1
HAND2,0.64445263,1
GINS3,0.64442974,1
CNOT6,0.6443674,1
KLK5,0.6443413,1
SLC45A2,0.64423335,1
SAMD3,0.644075,1
RAB17,0.64400876,1
NOG,0.64399993,1
TPO,0.64391226,1
YLPM1,0.6437976,1
ADAM7,0.64375144,1
PHETA1,0.64359933,1
MICAL2,0.64344466,1
CHP2,0.642825,1
L3MBTL4,0.64277154,1
HASPIN,0.6425429,1
DNASE1L1,0.6424808,1
PXDNL,0.6424479,1
ALG3,0.64233494,1
RGS5,0.64232206,1
SEMA4D,0.6422057,1
TRDMT1,0.6422028,1
IDS,0.6419837,1
PIGO,0.6416483,1
PEBP1,0.64164376,1
PTCH2,0.64157414,1
PIGS,0.6415109,1
ZFYVE21,0.6415087,1
WDR90,0.64137316,1
BRD8,0.64107436,1
NAP1L4,0.6409899,1
MXD1,0.640953,1
UBE2QL1,0.6407901,1
MGA,0.64063114,1
SLC25A18,0.6405991,1
VWCE,0.6403717,1
CYB561A3,0.6403049,1
ANO10,0.64024806,1
WWC3,0.6402389,1
CGRRF1,0.6401284,1
WDTC1,0.6401221,1
LDLRAP1,0.63995624,1
TMTC4,0.63990444,1
MRPL11,0.6397667,1
SLC25A27,0.63965595,1
PRMT3,0.63964725,1
TRPV1,0.63962513,1
GLIS2,0.6396094,1
EEFSEC,0.6394666,1
DNAJB5,0.63942105,1
ZNF106,0.63928545,1
NCAN,0.6392253,1
CHRNA4,0.6391739,1
SCRN1,0.63911426,1
HMCES,0.6390559,1
TNIK,0.63900614,1
NOL9,0.63895094,1
TENT4A,0.63885814,1
ANP32E,0.6387242,1
CLEC4G,0.6384321,1
RABGGTA,0.6383655,1
NME1-NME2,0.63831365,1
MOCS3,0.63803655,1
MYL7,0.6379902,1
PROS1,0.63797617,1
CELF2,0.6379618,1
BANP,0.6378774,1
GTF2H5,0.63769484,1
MIB2,0.6376767,1
DLGAP1,0.63764113,1
LBP,0.63763994,1
GLRA1,0.63735366,1
GJA1,0.6373461,1
CYBRD1,0.63717926,1
KLHDC10,0.6371112,1
ANKRD13A,0.6369748,1
PAAF1,0.63696647,1
SDAD1,0.63682944,1
FRMD4A,0.6368143,1
HSF2,0.6365531,1
FAM3B,0.63640016,1
DNAAF11,0.6362674,1
CIB4,0.6361521,1
RNF24,0.63609326,1
NUP62CL,0.6360584,1
EMID1,0.6360067,1
DUOXA2,0.6359769,1
LLGL1,0.6358901,1
SAT1,0.6358884,1
FFAR4,0.63565093,1
GNAT3,0.6353861,1
MCRS1,0.6352738,1
ANKRD13D,0.63518375,1
SOST,0.6348741,1
TUFT1,0.6348664,1
ARHGAP42,0.6347742,1
ADGRG1,0.6347377,1
DISC1,0.6346405,1
TRIP6,0.6345476,1
YTHDC1,0.63450855,1
HSD17B12,0.6344494,1
NAGPA,0.63426185,1
TACR3,0.6342204,1
RPP38,0.63418144,1
EXOSC9,0.6337122,1
IQGAP2,0.6337073,1
RYR3,0.6331796,1
SLC25A47,0.63285094,1
ATP5MK,0.6327457,1
TACR2,0.63265246,1
DYRK1A,0.63265026,1
SERPINB7,0.63262224,1
ALAS1,0.6325206,1
AFF1,0.6324809,1
ALOX12,0.6323327,1
COX7C,0.63223886,1
RSL24D1,0.6320332,1
SLC37A2,0.6315271,1
NUCB1,0.63140136,1
DUS2,0.6313046,1
NTNG1,0.6309951,1
NOSIP,0.6309077,1
LRP10,0.630832,1
SORCS3,0.63057625,1
DSC3,0.6304502,1
SFI1,0.63030463,1
KLK6,0.6302942,1
RCBTB1,0.63026863,1
RANBP10,0.6302518,1
PDE3B,0.630097,1
TEX264,0.62997353,1
MACROH2A2,0.6299226,1
CCNJL,0.62984794,1
TRMT11,0.629825,1
JAML,0.62979996,1
HFM1,0.6293742,1
THRB,0.6292629,1
ADH5,0.62910724,1
CPTP,0.62874496,1
FARP1,0.62827575,1
WIPF2,0.62810665,1
IFNA16,0.6281059,1
DEPTOR,0.6279093,1
NEXMIF,0.6279059,1
ZBTB41,0.62773645,1
TPTE,0.6276614,1
TRIM32,0.6274519,1
IRF2BP1,0.6272089,1
PRKAG3,0.62716496,1
EMC1,0.6270579,1
NDUFB4,0.62661546,1
POGZ,0.6264927,1
IP6K1,0.62645227,1
PIP4P1,0.6263919,1
IFT80,0.6262315,1
CENPI,0.626163,1
SMOC1,0.62615025,1
ELAVL4,0.6261161,1
TSPAN8,0.62610745,1
WDR82,0.62585306,1
LIPF,0.62584627,1
SLC9A8,0.62566704,1
PDZD2,0.6255057,1
CHIC2,0.6255008,1
ALS2,0.6252496,1
PTDSS2,0.6250805,1
NAA10,0.6250601,1
MIA3,0.62502956,1
LAMB4,0.62468827,1
FGF4,0.6246294,1
SLC12A5,0.6245494,1
PCDH19,0.62430865,1
CAV2,0.6242987,1
TMEM184B,0.62425196,1
DUS1L,0.6241839,1
IMP3,0.62407166,1
ETFDH,0.6240219,1
RAB11FIP4,0.624015,1
CHMP6,0.6239958,1
SEPTIN10,0.6239839,1
RCC1L,0.62384826,1
MON1B,0.6238264,1
CCSER1,0.6236166,1
SLC35A4,0.6236071,1
SLC17A7,0.623607,1
ROR2,0.62342757,1
KCNK9,0.6232223,1
ADIPOR1,0.62322146,1
CDK5,0.6231992,1
KLHL21,0.6231555,1
H2AC13,0.6229711,1
TANC2,0.62293357,1
YWHAQ,0.6229146,1
MBD5,0.6228819,1
CISD1,0.6227674,1
GDPD5,0.62241524,1
TPD52,0.6223439,1
CELA2B,0.6222727,1
MYL3,0.6222324,1
RAB18,0.6222201,1
CEACAM3,0.62213504,1
ABCF3,0.6220765,1
SGK1,0.6218155,1
RABEP2,0.6217722,1
ASNSD1,0.62153554,1
SLC13A4,0.62150866,1
CLCA4,0.6214975,1
CIB2,0.6214363,1
NIBAN3,0.62120575,1
SLC25A31,0.62119603,1
SLC26A6,0.62112975,1
NAPSA,0.62098116,1
SLC1A6,0.620911,1
PHLPP1,0.6208972,1
KCNIP1,0.62056106,1
PPP3CC,0.6205305,1
HMCN2,0.6204876,1
CRX,0.62047964,1
SLC6A6,0.62044585,1
SERPINB6,0.62040776,1
MRTFB,0.62032664,1
COL27A1,0.62030786,1
ADCY3,0.61992204,1
TBC1D17,0.6197478,1
BAZ2A,0.6197405,1
IMMP2L,0.6197393,1
SIT1,0.6195413,1
SCARA3,0.61949056,1
RASA3,0.6194854,1
USP24,0.61947775,1
ND4,0.61918294,1
RILPL1,0.61910427,1
HNF1A,0.61892134,1
MPPE1,0.61865145,1
RIMS4,0.61856854,1
MRPL9,0.61843973,1
ZFP64,0.6184111,1
RAB11FIP3,0.6180693,1
FILIP1L,0.6179624,1
RGS2,0.6178669,1
RFLNA,0.61778706,1
GM2A,0.6177497,1
PRSS3,0.6177408,1
OPHN1,0.6177372,1
KIAA1549,0.6177292,1
SKA3,0.61764485,1
EFR3B,0.61763066,1
SEMA4B,0.6175443,1
MAPKAPK5,0.61739105,1
WDR75,0.6172824,1
ANGPTL6,0.6172351,1
RP1,0.61716557,1
OPCML,0.61709094,1
ZIC3,0.61707664,1
IYD,0.61700284,1
POLR2J2,0.6169484,1
LAMP3,0.6167539,1
SUCNR1,0.61663777,1
GRK2,0.61620224,1
TREML1,0.61610395,1
TBCD,0.616034,1
CACNA1D,0.61594874,1
ATP11A,0.6159124,1
BAG5,0.61549425,1
MEGF11,0.6154863,1
RPS6KC1,0.61544293,1
PES1,0.61541384,1
ABCA13,0.61537045,1
TMEM64,0.6151973,1
CENPM,0.6151763,1
NDUFS3,0.6151716,1
GMEB2,0.61512923,1
LILRA5,0.6151284,1
MND1,0.6150775,1
INO80E,0.6150149,1
DGCR6,0.6149947,1
SLC13A3,0.6149463,1
TMEM167A,0.61488307,1
GLIS3,0.6148603,1
ZNF703,0.61462164,1
VPREB3,0.61453176,1
BRPF1,0.6145039,1
SENP8,0.61413753,1
GRM7,0.61413366,1
CHRM1,0.61392254,1
ZFYVE16,0.61391056,1
CHPF2,0.61381537,1
SRGAP3,0.6137664,1
TBRG1,0.61370856,1
RSU1,0.6137047,1
GRK1,0.6136899,1
MACROD2,0.6136108,1
ATP5MG,0.61355335,1
NOX3,0.6133056,1
SVIL,0.61319184,1
SLC47A2,0.61307955,1
BAALC,0.61282194,1
MMP24,0.6126412,1
CAST,0.61257696,1
AP3S2,0.61257267,1
MECP2,0.61242336,1
TIMM13,0.61238927,1
DUSP6,0.6123438,1
TOM1L2,0.6122794,1
CLCN4,0.61208963,1
RAB28,0.61202353,1
CBX6,0.61197776,1
TGM7,0.6118373,1
SLC7A8,0.61178064,1
SCN11A,0.6115695,1
PJA1,0.611512,1
HTR5A,0.6112951,1
AP3S1,0.6111645,1
RPUSD1,0.6111491,1
ANKRD52,0.6109222,1
EMC7,0.6108692,1
KIF27,0.6104268,1
CCP110,0.6103591,1
CCNO,0.610241,1
CPE,0.61022604,1
TRAPPC11,0.6101957,1
PPARGC1B,0.61000705,1
MYF5,0.6099913,1
ZFP36L2,0.6099307,1
ZKSCAN3,0.6097579,1
COMMD4,0.60972166,1
KIF26A,0.60961264,1
NUDT21,0.6096013,1
STIM2,0.6095947,1
PIGP,0.6094041,1
XKR4,0.6091947,1
KLC1,0.60916024,1
NAA20,0.6090723,1
KRIT1,0.60894597,1
PZP,0.60891974,1
MRPS14,0.60888666,1
IPO4,0.60869056,1
STON2,0.6086076,1
MAX,0.60814345,1
RAB4B,0.6080549,1
CDH23,0.60803336,1
LHX1,0.60789376,1
MCCC1,0.607759,1
ATP2C2,0.607729,1
SLC5A5,0.6077237,1
PRKAG2,0.6075501,1
RRP9,0.6075346,1
VWA1,0.60743755,1
PRKCG,0.6071322,1
MXD3,0.60711443,1
ZBTB12,0.60624164,1
CCR10,0.6061055,1
TPT1,0.60600734,1
TLX1,0.6059764,1
GRIK2,0.6058663,1
KDM3A,0.6056248,1
ANKRD27,0.6052247,1
PGAP6,0.6052128,1
ANKRD45,0.6052105,1
CDK5RAP2,0.6050601,1
FAHD1,0.60491896,1
CDK19,0.6047065,1
NT5C1A,0.60465825,1
SUV39H2,0.60460275,1
CTRB2,0.6045669,1
LRRN1,0.60441524,1
SIX6,0.6042932,1
MAP1A,0.6039779,1
MYLK3,0.6034496,1
KCNC2,0.60322267,1
HNRNPLL,0.6031129,1
PAK1IP1,0.6030785,1
NLRP7,0.6030621,1
RHOT2,0.60303605,1
SETDB2,0.6030137,1
ZCCHC9,0.60299915,1
PDIA5,0.60259515,1
COX4I2,0.6025917,1
MYBPH,0.6025261,1
LILRA6,0.6024186,1
CLPTM1L,0.6023759,1
COX3,0.6023414,1
UTS2,0.6022875,1
HIBADH,0.60216993,1
ARSJ,0.60209745,1
CIBAR2,0.6020755,1
ZNF541,0.60203034,1
VIRMA,0.6020288,1
ASTN1,0.6019608,1
NWD2,0.6019002,1
FSTL5,0.6018528,1
INTS11,0.6017001,1
TBC1D4,0.6016878,1
SLC29A2,0.6016139,1
DEUP1,0.6015699,1
FAM91A1,0.6013935,1
AKR1B15,0.60128856,1
PCSK4,0.60123384,1
TNN,0.60120547,1
IFITM2,0.6010842,1
EAPP,0.60080045,1
SYT9,0.60072553,1
RCVRN,0.60024965,1
DPT,0.60014725,1
GCNT3,0.60007167,1
BHLHA15,0.6000659,1
STARD8,0.5999966,1
SLC30A6,0.5998649,1
TSPAN9,0.5997232,1
COPS7B,0.5995165,1
ARMC8,0.59949195,1
TRMT2B,0.5993474,1
L2HGDH,0.59900874,1
MASTL,0.5987185,1
CHGA,0.59869516,1
RTKN,0.5986527,1
AGBL5,0.59853345,1
DAGLB,0.5985066,1
UQCC1,0.5984292,1
MEGF10,0.5983753,1
SSBP4,0.5982702,1
BDNF,0.5982144,1
GTPBP10,0.5981322,1
ADGRB1,0.5978824,1
MARCHF2,0.5976839,1
SREK1,0.5974887,1
GTF3C2,0.59741884,1
GPATCH8,0.59726566,1
INPP5A,0.5970514,1
NIBAN1,0.5968138,1
CNDP1,0.5965281,1
DMD,0.59651995,1
SPTBN2,0.59618986,1
ABCA5,0.59615135,1
GSTZ1,0.5961415,1
SLCO3A1,0.5960612,1
RHBDL3,0.5958801,1
YIPF4,0.59587854,1
BAHCC1,0.59551394,1
TMEM116,0.5954042,1
SIX5,0.5953845,1
ZNF503,0.59529155,1
MMEL1,0.595281,1
PM20D1,0.59528005,1
KIF18B,0.59506214,1
DTD2,0.59501624,1
ZC3H7A,0.59491533,1
PPP1CA,0.5947427,1
CDK17,0.5946782,1
DNAH2,0.59465086,1
ADGRF1,0.5943318,1
CSH2,0.5942897,1
YBEY,0.5940903,1
RCBTB2,0.594076,1
BCL6B,0.5940138,1
G6PC1,0.593974,1
EIF3G,0.59394306,1
LIMCH1,0.5936875,1
MTF2,0.59363157,1
FZD8,0.5935773,1
THNSL1,0.5933771,1
ATXN10,0.5933142,1
WFIKKN1,0.59323305,1
RAB3IL1,0.59322655,1
SCML4,0.593212,1
RIPK4,0.5931506,1
ARSB,0.5931504,1
TSEN2,0.5931034,1
SLC43A2,0.5930308,1
DUOXA1,0.59290135,1
NT5C,0.5926208,1
CSAD,0.5925985,1
SYNE2,0.59243095,1
NCALD,0.5923473,1
OSBPL11,0.5923076,1
CD101,0.5922779,1
UQCR10,0.5922066,1
METTL7A,0.5921579,1
PVALB,0.59212744,1
MRPS2,0.59210056,1
CDH15,0.5918656,1
ZSCAN1,0.59175116,1
HLCS,0.5916068,1
CNIH3,0.5915786,1
LEKR1,0.59131926,1
LRIG3,0.59110194,1
ADD2,0.59107345,1
ZNF384,0.59102434,1
MYEOV,0.5908947,1
SPIC,0.59077775,1
RDM1,0.5906265,1
NLRP8,0.59057766,1
GAB1,0.5905771,1
EXOSC7,0.590517,1
ICMT,0.5899098,1
YTHDF1,0.58983356,1
CDS1,0.5897908,1
TMCC3,0.58908975,1
AURKC,0.5888152,1
FZD5,0.5887342,1
LPAR1,0.5886329,1
KCTD3,0.58858776,1
DSEL,0.5882062,1
TSSK3,0.588105,1
ACTR3B,0.5878548,1
CAMK4,0.58768064,1
H2BC11,0.58737767,1
SNAI3,0.5873132,1
ADGRL4,0.58730483,1
SLC6A7,0.58728987,1
RARG,0.5871958,1
GAPVD1,0.58716214,1
SLIT2,0.5869143,1
CUTC,0.586908,1
NDE1,0.58663213,1
SUSD2,0.5864598,1
CHST2,0.5862857,1
GLRA2,0.5861901,1
BTG4,0.5861855,1
PTPRZ1,0.58606184,1
FBXO4,0.5860159,1
NSF,0.5859699,1
FGF23,0.58595437,1
SAP30BP,0.5858919,1
SLC7A6,0.5858472,1
FLRT2,0.5857115,1
CEP152,0.5856378,1
ATF7-NPFF,0.5855998,1
MID1,0.58551717,1
DNM1,0.5852303,1
SLC30A8,0.585156,1
TKTL1,0.58509624,1
THBS3,0.5849737,1
KLHDC3,0.584723,1
SCAI,0.5846092,1
DEXI,0.58457685,1
YWHAE,0.58443856,1
EML6,0.5843389,1
FCRL2,0.5840945,1
SCO2,0.58406085,1
SLC29A4,0.5840484,1
FSTL3,0.58389294,1
CORO7-PAM16,0.58375615,1
EFNB1,0.58374,1
MIDEAS,0.5836844,1
DDX54,0.5833875,1
STK26,0.5833107,1
SLC41A1,0.5833001,1
MMP20,0.5831843,1
PHLDB2,0.5828112,1
TP53I13,0.5827843,1
ICAM5,0.582753,1
GON4L,0.5827112,1
AADAT,0.5826473,1
TPCN1,0.5826202,1
MAGI2,0.58239233,1
RNF128,0.5823219,1
RARRES1,0.5820242,1
DDX4,0.5816898,1
TAF4,0.5815736,1
SPPL2C,0.58148164,1
SERINC2,0.581442,1
MFSD4A,0.5814069,1
STRBP,0.58140653,1
S100A2,0.58136624,1
NTSR2,0.58129865,1
PITPNM2,0.58106524,1
PANK4,0.58099073,1
OSBPL5,0.5809717,1
MUC5AC,0.5806185,1
BRDT,0.58057606,1
RNF38,0.5804182,1
DBI,0.58011305,1
SALL2,0.57976264,1
BCAP31,0.57976186,1
SLC19A2,0.5797482,1
AGTRAP,0.57973886,1
SPATA5,0.57966524,1
DNAH5,0.57914984,1
BPTF,0.5790329,1
ELP2,0.57897496,1
CCDC8,0.5786538,1
DDAH2,0.57821494,1
SCMH1,0.5780655,1
AIG1,0.57783574,1
AVP,0.57771593,1
CATSPER1,0.5775718,1
COL15A1,0.57749087,1
WNT7B,0.5774743,1
MCMBP,0.5774085,1
MRM3,0.5773332,1
HSD11B2,0.5773117,1
SEC22C,0.57724917,1
LIME1,0.576903,1
LY6K,0.5767843,1
DPY19L1,0.5760635,1
SRD5A2,0.57592326,1
ZNF395,0.57561886,1
NRG3,0.57561725,1
GTF2E1,0.57538116,1
SERTAD1,0.5753208,1
EMP3,0.57524,1
TMEM79,0.5752027,1
GNG11,0.5751726,1
SERPINB10,0.57512134,1
USP37,0.5750809,1
ISCA2,0.5748909,1
NDUFA1,0.57480496,1
TMF1,0.57469004,1
OCM2,0.57467604,1
NAALAD2,0.57463485,1
DHPS,0.57462054,1
ASCC2,0.5746024,1
ZNF202,0.5745167,1
FABP3,0.57440317,1
CRY2,0.5742805,1
UBFD1,0.5742767,1
SAMD8,0.5742577,1
FCRL6,0.5740925,1
TM4SF5,0.5740432,1
CNTRL,0.5739637,1
TET3,0.57392806,1
REEP2,0.5739029,1
ALG2,0.573762,1
ESYT1,0.5736587,1
RALGPS2,0.5733451,1
ADAMTS19,0.5732862,1
PLPP5,0.5729486,1
TLDC2,0.5726763,1
TAOK1,0.57264125,1
KCNB1,0.57262975,1
XPO7,0.57257575,1
SH3BP4,0.5725532,1
SLIT1,0.57246757,1
TUT1,0.57244253,1
CDHR5,0.5722343,1
RUFY1,0.57221186,1
EPB41,0.57216513,1
TBXA2R,0.5715266,1
MEX3C,0.5714453,1
TAPT1,0.5713522,1
TMEM87B,0.57130736,1
MXRA5,0.57128453,1
RBM27,0.57073456,1
NANOS2,0.5706403,1
TRPM6,0.5704719,1
GNG3,0.5704212,1
GRK6,0.570414,1
HNRNPH2,0.57029617,1
GPR55,0.5701009,1
ADAMTS12,0.57007146,1
RNF181,0.57006294,1
ATAD2B,0.57003087,1
SLC1A1,0.5698278,1
PHLDA2,0.569708,1
PRMT2,0.5696668,1
PRDM5,0.5696606,1
CHCHD10,0.5694302,1
TMEM68,0.569391,1
YJU2B,0.56916314,1
SFT2D1,0.56911093,1
LHPP,0.569105,1
COMMD1,0.56890494,1
CDV3,0.5688517,1
YPEL5,0.56854975,1
GAMT,0.56851417,1
PEAK1,0.5683591,1
RUFY2,0.56824034,1
AKAP11,0.5680813,1
LILRB5,0.5679375,1
NLGN1,0.56782496,1
PPP1R7,0.56781036,1
CTDNEP1,0.567753,1
PRSS58,0.56755817,1
TAOK3,0.56754076,1
CCDC90B,0.5673854,1
CXADR,0.56719106,1
GMPPB,0.5671191,1
PTCD1,0.5671181,1
PCGF5,0.5670891,1
CARM1,0.5670126,1
ERMN,0.56685597,1
SLC26A8,0.5668384,1
RCAN3,0.56683016,1
ERCC8,0.5667503,1
SMPD3,0.5667195,1
PRR12,0.5666925,1
NLGN2,0.56667274,1
NCBP1,0.56659275,1
RIMS3,0.56636226,1
LGALS9B,0.5662485,1
GNL2,0.5660447,1
CLMN,0.56602216,1
STARD9,0.56582445,1
PABPC1,0.56579125,1
POLR1F,0.56571645,1
RIT2,0.5656137,1
SLC16A6,0.5654629,1
DDX10,0.56533635,1
JMY,0.5650188,1
PDE6A,0.5650165,1
TPST2,0.56475854,1
NEMF,0.5647574,1
ADHFE1,0.56457263,1
LGALS2,0.5643865,1
BTNL2,0.56433254,1
ROBO1,0.5641942,1
CENPP,0.5639601,1
TNPO2,0.5639024,1
SUPT4H1,0.5637667,1
IFITM3,0.56368977,1
MTF1,0.5636431,1
NANOS1,0.56362057,1
TECR,0.56351465,1
VWA7,0.56351024,1
PGK2,0.5634304,1
SLC35B2,0.56321543,1
SHTN1,0.563058,1
H2BC3,0.562786,1
AIF1L,0.56261075,1
CDO1,0.56241256,1
RBPMS,0.5622817,1
DSCAM,0.56218576,1
HIPK4,0.56209,1
FZD7,0.56206477,1
DOP1B,0.5617832,1
FN3KRP,0.56145835,1
CELF3,0.5614094,1
ATP9A,0.5613194,1
TRPC6,0.56122404,1
RCOR3,0.56075025,1
TBC1D15,0.56074154,1
GGT1,0.5606529,1
NDUFC2-KCTD14,0.5606337,1
NKX2-2,0.5604374,1
PPP4C,0.5604016,1
SRSF7,0.5603787,1
ABCC3,0.56033885,1
MARK4,0.560325,1
DYNLRB1,0.56015885,1
ZNF597,0.5598532,1
DDX19A,0.55984575,1
DENND1A,0.55983084,1
ND2,0.55981505,1
ADCY7,0.5597526,1
RNF112,0.5597337,1
WWC1,0.55938756,1
DSG4,0.5593341,1
TRIM71,0.5593234,1
EIF5,0.55927426,1
KCNAB2,0.5591398,1
FRRS1,0.55895174,1
RBMS3,0.5589449,1
YIPF2,0.558714,1
ARSD,0.5586494,1
SAFB2,0.5585779,1
AQP8,0.55793035,1
NOL8,0.5578964,1
VAPA,0.55774057,1
SPART,0.55771977,1
CNOT8,0.5576359,1
LARGE1,0.5575915,1
PCBP3,0.5575844,1
CCDC124,0.55745935,1
FGF18,0.5574264,1
CAMK2N2,0.5573717,1
LRFN5,0.55723345,1
CCNB3,0.5571205,1
GNG2,0.5570905,1
FBXO9,0.556941,1
SNX30,0.55690867,1
MED19,0.55659705,1
KIR3DL3,0.5563962,1
DIS3L2,0.5562915,1
SIGLEC14,0.5561894,1
RLIM,0.55617875,1
PRRT2,0.5560475,1
SORBS2,0.55588156,1
RHCE,0.55564874,1
PLEK2,0.55540025,1
ZFAND5,0.5553721,1
BAIAP2L2,0.55536425,1
PPHLN1,0.55512565,1
WDR46,0.5551232,1
PPM1B,0.55508435,1
GNAS,0.5549102,1
RPL14,0.5549097,1
CDH8,0.5548567,1
IFRD2,0.5546932,1
KIF22,0.5546626,1
PDC,0.5546198,1
DOCK11,0.5545923,1
YIPF5,0.5543719,1
ZIC1,0.5542259,1
HMG20B,0.55396044,1
CLTRN,0.553561,1
CKLF,0.5534449,1
NDUFB1,0.5533317,1
PIP5KL1,0.5532052,1
H2AC6,0.55299574,1
MRPS15,0.55268,1
MGAT4C,0.55263275,1
SLC4A3,0.55248266,1
VPS4B,0.5524756,1
FHOD3,0.552459,1
AGPAT1,0.55223465,1
ARHGAP27,0.55218947,1
CIB3,0.55211455,1
FASTKD5,0.5519784,1
CBR3,0.55189794,1
SARNP,0.5516819,1
TTBK1,0.55156004,1
KDM7A,0.55128366,1
ATAD3C,0.5511592,1
GPR176,0.5510298,1
ZC3H6,0.55099654,1
TSPAN16,0.5509663,1
POU2F2,0.55096465,1
CNTNAP3B,0.5505751,1
LRCH1,0.5504653,1
PLPP2,0.55040675,1
ARL10,0.5503222,1
XCL2,0.55030155,1
SZRD1,0.55025357,1
MYO7B,0.55021125,1
TMEM94,0.5501456,1
DALRD3,0.55014414,1
ALMS1,0.55012566,1
ARX,0.55004406,1
SLC66A3,0.5500424,1
MRPS33,0.54980206,1
AUH,0.5496017,1
ANO1,0.54954857,1
WIF1,0.5494158,1
APOF,0.5488809,1
BOLL,0.5487886,1
SAMD4B,0.5487083,1
DNASE2B,0.54858655,1
NME7,0.5483144,1
FNTB,0.54820603,1
DSC1,0.5478057,1
EPS8L1,0.5477478,1
ZNF532,0.5476944,1
PEG3,0.5475614,1
TRNAU1AP,0.547305,1
CBX7,0.5472896,1
ICA1,0.5471351,1
BTN2A1,0.54677516,1
MIGA1,0.54669464,1
FBXW8,0.54666525,1
DPYSL3,0.54645056,1
FOXD3,0.54644334,1
SLU7,0.54641134,1
MTPN,0.5461995,1
SLC39A6,0.5461524,1
HAP1,0.5458442,1
CDHR3,0.54577243,1
ARHGEF18,0.5457139,1
CSGALNACT1,0.54571277,1
ARHGAP23,0.5456756,1
SULT1C2,0.5455601,1
ADNP,0.54536897,1
DYRK4,0.54535764,1
PDK2,0.5453036,1
TC2N,0.5452824,1
CCK,0.54512334,1
SEPSECS,0.5449683,1
FST,0.5449407,1
PDLIM1,0.54463005,1
CPXM1,0.54454535,1
MYH15,0.5445313,1
PPP4R3A,0.5443802,1
CSRP3,0.54429543,1
MRPS23,0.544233,1
NDUFA10,0.5442131,1
GPR37,0.5441405,1
GCM1,0.5439974,1
CNIH4,0.5439707,1
PHKA2,0.5439058,1
CLDN8,0.5437832,1
RNF123,0.54357,1
CCDC22,0.54351324,1
TRIM41,0.54340476,1
HOXC6,0.5430023,1
SCN3A,0.5427435,1
SINHCAF,0.54268867,1
KSR2,0.5425926,1
TEX101,0.54255706,1
CDCA3,0.5424887,1
GTF2H2,0.5424204,1
DYNC1LI2,0.5423599,1
C1QTNF12,0.54228723,1
MAP4K5,0.5422261,1
PCYOX1L,0.5422073,1
WARS2,0.5421668,1
DAZL,0.5421084,1
RCAN2,0.54207534,1
CHRM2,0.5419505,1
CHCHD3,0.54182714,1
AP5M1,0.54151833,1
ARL17A,0.54117626,1
NQO2,0.54113984,1
NIFK,0.5409156,1
ZDHHC8,0.5408201,1
ATP5MC2,0.5405826,1
SNX16,0.54054445,1
KCNB2,0.5404178,1
DUSP21,0.54040426,1
CYB561,0.54022753,1
GPR34,0.5400556,1
FCSK,0.53995925,1
FZD9,0.5399151,1
DHRS4,0.53965795,1
VPS25,0.53958774,1
ATP6V1C2,0.5395078,1
CLCN1,0.5394463,1
B3GNT5,0.53914833,1
STK38,0.5389943,1
OLR1,0.5388408,1
GOT1,0.5388065,1
PGLYRP1,0.5387449,1
YWHAG,0.5384014,1
NHLRC1,0.5381959,1
GYPC,0.53767884,1
MAP1B,0.5376432,1
BEX3,0.53708017,1
PCYT1B,0.53707176,1
TMEM50B,0.53701,1
SLC14A1,0.53681177,1
PFDN2,0.5367391,1
PHC1,0.5364672,1
DOK5,0.5364089,1
F2RL3,0.536291,1
MAPK4,0.53620076,1
ZC2HC1A,0.53610456,1
LSG1,0.5360392,1
PRKG1,0.53593427,1
ADORA1,0.53589857,1
MLPH,0.53582054,1
GNA11,0.5357171,1
FRAS1,0.535642,1
PDE2A,0.535522,1
SEC16B,0.5354612,1
PLGRKT,0.53487134,1
GNGT1,0.53485566,1
STK40,0.5345859,1
IPO9,0.53453064,1
PIGW,0.53451973,1
KCNIP2,0.53450674,1
EIF3CL,0.5344558,1
INPP5J,0.5343547,1
PARP8,0.5337436,1
ZFYVE19,0.53367877,1
CNOT3,0.53364944,1
DACH1,0.5332017,1
MOB1B,0.53310895,1
CDADC1,0.53310287,1
DUSP19,0.5330465,1
RNASE1,0.5328584,1
OSBPL1A,0.53282565,1
PEX6,0.53276145,1
ALDH1B1,0.532755,1
ALPK3,0.53272146,1
JAKMIP1,0.5325831,1
EML1,0.5325589,1
LETM1,0.53254616,1
PHF23,0.5325069,1
ZBTB8OS,0.53207797,1
HAPLN3,0.5318689,1
MLYCD,0.5317915,1
POC1A,0.5314818,1
TBC1D16,0.5314701,1
LRRC15,0.53142995,1
COG8,0.53138036,1
HEATR5B,0.5311275,1
FAR2,0.53105044,1
SMAP1,0.5309666,1
SNX4,0.5309261,1
CLDN3,0.53088707,1
EXOSC8,0.530876,1
FJX1,0.5307985,1
NYX,0.5306489,1
EQTN,0.53059787,1
PYROXD2,0.5300503,1
MARCHF6,0.5299855,1
PFDN4,0.52971536,1
H2AC7,0.5295418,1
DAP3,0.5293068,1
FAM136A,0.5292508,1
HERPUD2,0.52923614,1
PHC2,0.52904457,1
RTTN,0.5290285,1
FLG,0.5290201,1
CANT1,0.5289804,1
BOK,0.5288737,1
LRRC3B,0.5286712,1
GPX6,0.52860343,1
MPHOSPH8,0.5285673,1
BTN3A3,0.52837646,1
SLC8A3,0.5282361,1
RRP12,0.5281723,1
PTBP3,0.5278944,1
FLRT3,0.52769357,1
THOC7,0.52766937,1
TMTC2,0.5275428,1
ATP13A5,0.5272254,1
ARHGEF39,0.5270076,1
RAPGEF4,0.52664524,1
CDH6,0.5266311,1
LPCAT2,0.5261656,1
ERP29,0.52592325,1
ATP4B,0.5258594,1
PGRMC1,0.52573144,1
DNLZ,0.525664,1
MTERF3,0.5256463,1
MINDY3,0.52545285,1
KCNH5,0.52502954,1
EDC3,0.5248891,1
MPDZ,0.52472776,1
SH2D4B,0.5245416,1
DYTN,0.52439535,1
RAB34,0.52433217,1
EXOG,0.5233649,1
SMYD5,0.52329904,1
POU4F1,0.52287173,1
CTCFL,0.5228271,1
ZDHHC16,0.52270436,1
GLI2,0.52262,1
SH3GLB1,0.52258223,1
COQ5,0.52256423,1
OSBPL6,0.5225178,1
SARS2,0.52250975,1
DNAL4,0.52244306,1
PLCZ1,0.52225876,1
CAMK2G,0.5220963,1
SCX,0.5220856,1
MEF2D,0.5220792,1
P2RY2,0.52200526,1
COMMD9,0.5219026,1
APOBEC3D,0.5218914,1
PQBP1,0.521884,1
PCID2,0.5218531,1
COL13A1,0.52180976,1
LONRF3,0.5217173,1
CNN2,0.5213135,1
CLIC6,0.5212122,1
RAB29,0.5211177,1
ARHGAP26,0.52105033,1
SNAPC3,0.5209296,1
NADK2,0.5208601,1
PI4KA,0.5207707,1
RTKN2,0.5206357,1
NOP16,0.5206329,1
STAG3,0.52053386,1
AKTIP,0.5201285,1
ABR,0.5200661,1
FAM168A,0.51966876,1
VSX2,0.5195955,1
SLC13A5,0.5194107,1
MTHFSD,0.51938444,1
DSC2,0.5192815,1
DOK6,0.5191696,1
TAF1B,0.51916635,1
MYL4,0.51892275,1
NFYB,0.51888514,1
ELAPOR2,0.5187432,1
CRY1,0.5184341,1
MOSPD2,0.5183704,1
IFFO1,0.5182505,1
HMGN3,0.5181332,1
KCNH4,0.5180463,1
H2BC14,0.5180115,1
MAP9,0.5177669,1
SCIMP,0.5174804,1
ACER1,0.5172982,1
DUSP13,0.51702464,1
LIF,0.5168798,1
PLPPR4,0.5167554,1
ZBTB17,0.5161569,1
QPCT,0.5161307,1
KCNJ9,0.51606894,1
ZCCHC2,0.51579577,1
GALNT13,0.5155307,1
PLP2,0.5155003,1
PDE7A,0.5154414,1
PSCA,0.5150226,1
CNNM2,0.51458335,1
GK2,0.5143026,1
TCF19,0.51425815,1
CERT1,0.51417744,1
MIB1,0.5141688,1
ADARB1,0.5140956,1
COMMD8,0.51367056,1
PRICKLE4,0.51354915,1
MFF,0.5135248,1
BSCL2,0.51336557,1
TBL1XR1,0.5129197,1
KLHL31,0.51287615,1
CBR1,0.51275104,1
TRMT61B,0.51265377,1
VAPB,0.51264554,1
SLC9A4,0.5125941,1
PCNT,0.5123992,1
ATF7IP,0.51224965,1
INPP4A,0.5122092,1
KIAA1614,0.51204246,1
ANKDD1B,0.5119989,1
LINGO3,0.5116853,1
ADCK5,0.51166517,1
SLC35F2,0.51164895,1
ADAMTSL4,0.5116204,1
SGCE,0.51161635,1
WDR24,0.51150346,1
FABP2,0.51147825,1
KLHL3,0.5111142,1
FAM117A,0.51085955,1
TRIM10,0.5108299,1
MOB2,0.5106379,1
SLC5A7,0.5102988,1
TBC1D22A,0.509898,1
TENT4B,0.5098812,1
FIBCD1,0.509858,1
TMEM106B,0.50980276,1
ACAD9,0.50955814,1
RBP4,0.509521,1
DNAI4,0.5094751,1
ZC3HC1,0.50945896,1
SETD5,0.5094482,1
WASHC5,0.509176,1
FGFBP1,0.5091716,1
IGSF3,0.5091045,1
CTDSPL,0.5089895,1
FBXO22,0.50883645,1
CYP46A1,0.5088037,1
PLEKHG2,0.508787,1
GNA13,0.50877595,1
TTI1,0.50849503,1
BST1,0.5083507,1
MIS12,0.50796443,1
STEAP2,0.5079114,1
GCDH,0.5078817,1
TSSC4,0.50787044,1
TXNDC8,0.5076481,1
WDR97,0.5075843,1
ADGRA1,0.50746167,1
ATP2A2,0.5073757,1
DMWD,0.5072536,1
CSN2,0.507085,1
HAPLN1,0.50704527,1
PLD6,0.5067593,1
EFNB3,0.5062583,1
CAMSAP2,0.5062477,1
USH2A,0.5061945,1
H2BC17,0.50588876,1
FOLR3,0.5058237,1
SGTA,0.5058077,1
CCDC6,0.5055379,1
UBXN7,0.5055305,1
HKDC1,0.5054131,1
NACA2,0.5052817,1
SLC18A1,0.5051772,1
PLCXD1,0.50488853,1
PCBD2,0.50456625,1
ROBO4,0.50454676,1
SEMA3C,0.5045398,1
ME1,0.5042832,1
RAX,0.5041186,1
GOSR1,0.503953,1
CLIC3,0.5036139,1
TBC1D5,0.50336254,1
DISP3,0.5032945,1
CALR3,0.5031604,1
SORBS3,0.502963,1
DCAF10,0.5029295,1
USP22,0.5028989,1
ADGRD1,0.5027038,1
SIPA1L1,0.5025819,1
RDH12,0.5024744,1
SPTSSB,0.5023126,1
TLCD3A,0.50214934,1
VPS37C,0.5021053,1
ADGRG4,0.50207454,1
ATP6V1G1,0.5018595,1
CELSR1,0.501823,1
PALM2AKAP2,0.5015664,1
TMEM132A,0.50127745,1
DGCR2,0.50106597,1
NT5M,0.5009767,1
UNC119B,0.50085473,1
WDR5B,0.5007201,1
PHF14,0.5005642,1
IER5,0.5004357,1
DNAH9,0.5003941,1
ZNF2,0.5002935,1
PGM2L1,0.5001572,1
GPHN,0.50015646,1
TRIM58,0.50010854,1
PLA2G5,0.5000634,1
DXO,0.50002533,1
DNPH1,0.49991953,1
DNER,0.49986592,1
PARVB,0.4997518,1
NES,0.4997287,1
PIGU,0.4995264,1
SLC26A9,0.499303,1
LAMC3,0.4991863,1
GUCY2D,0.49914458,1
SLC66A1,0.4990586,1
TRIM54,0.4989744,1
CHCHD1,0.4989691,1
NEGR1,0.4988041,1
UBTF,0.49872544,1
SGSM3,0.49860296,1
SHC2,0.49859318,1
PPIL4,0.49843487,1
FGF21,0.498348,1
RAPGEF3,0.49821302,1
LRRTM2,0.49818277,1
IVD,0.49798417,1
GPX5,0.49766964,1
MACIR,0.4975678,1
HEBP2,0.4972538,1
CENPH,0.49692342,1
LONRF2,0.49687102,1
TSPAN7,0.49677417,1
METTL7B,0.4966992,1
HEATR1,0.49653545,1
LRCH4,0.4964463,1
GSTM2,0.49638268,1
PLAAT4,0.49629238,1
OSGIN1,0.49626374,1
ADGRL1,0.49610618,1
SIGLEC8,0.49604687,1
TRIM6,0.4960141,1
CENPW,0.49580276,1
CPSF7,0.49578097,1
ZNF521,0.49572664,1
POLR1G,0.49563578,1
ZNHIT1,0.49545318,1
SRPK3,0.49531704,1
TCL1B,0.49523556,1
TFAP2B,0.49517125,1
KLHL5,0.49507266,1
GPATCH4,0.49482208,1
COMP,0.49465844,1
TMEM165,0.49461144,1
RARRES2,0.49440634,1
LGI1,0.4937362,1
ZBTB22,0.4936011,1
TOR1B,0.4935157,1
PIEZO2,0.49327135,1
PNPLA8,0.49323595,1
SERPINA10,0.49304023,1
SPP2,0.49300915,1
CETN3,0.4928697,1
HOXC4,0.49281198,1
SLC1A3,0.492679,1
PRAM1,0.4926546,1
OGDHL,0.4922408,1
PCDH18,0.49223974,1
HSDL2,0.49223322,1
ASB1,0.49216846,1
CUX2,0.49213395,1
PPP4R2,0.4921239,1
EPYC,0.49205866,1
KATNAL1,0.4918714,1
SLC24A4,0.49183747,1
LRRTM1,0.49172175,1
EMB,0.4914919,1
NAB1,0.4914527,1
ZNF331,0.49127448,1
UBE2Q1,0.49127412,1
PPP6R3,0.49100325,1
IRX3,0.49095848,1
VPS4A,0.49076414,1
GRIP1,0.4906949,1
XPO5,0.490608,1
TENM3,0.49040294,1
KLF16,0.49039933,1
MMAB,0.49037686,1
GTF2F2,0.49028537,1
ZNF592,0.49025178,1
UGT8,0.49024686,1
AMH,0.49010134,1
ST14,0.48959905,1
BCKDHA,0.48959237,1
HMGCL,0.48934612,1
NME5,0.4891999,1
PIGC,0.4891998,1
DHX29,0.48887658,1
CLDN5,0.48876277,1
PPIP5K2,0.48864534,1
H2AC12,0.48855564,1
MINK1,0.48848236,1
KLF15,0.4884498,1
ONECUT2,0.48831847,1
LIMS3,0.48831242,1
BTBD7,0.48818517,1
FOXJ3,0.4881056,1
DLC1,0.488,1
WDR41,0.48790926,1
ATP5MF-PTCD1,0.48770064,1
ZMAT4,0.4873351,1
MTFR1,0.48732647,1
CARHSP1,0.4870808,1
MICOS13,0.48699048,1
ESRP1,0.48695758,1
NIP7,0.486718,1
DDX42,0.4867076,1
ZNF142,0.4866686,1
GLMN,0.486495,1
KIF3C,0.48643214,1
HMX1,0.48640326,1
CHST15,0.48638478,1
UBQLN3,0.48611656,1
TSSK1B,0.48596537,1
ADRA1D,0.48590165,1
TBX4,0.48574835,1
ZNF362,0.48571366,1
CAP2,0.48536578,1
C1QTNF7,0.4849579,1
NOL3,0.48482317,1
KDM4C,0.4843531,1
HAS1,0.48432177,1
BOLA1,0.4841831,1
ACP3,0.48416936,1
DEPDC1,0.4836791,1
HOXB8,0.48365253,1
DNAJC25-GNG10,0.48357263,1
AFF2,0.4833684,1
PELO,0.48294863,1
LIMS2,0.48283044,1
ARL2BP,0.482701,1
SEMA5B,0.48261094,1
ADCYAP1,0.48248035,1
RAB36,0.48240632,1
SNED1,0.4822264,1
MACROH2A1,0.4820455,1
SLC35D3,0.48182997,1
WDR77,0.48173025,1
TEAD3,0.48162228,1
FHL1,0.48128286,1
NT5DC2,0.48120284,1
FAM83D,0.48093605,1
CYP7A1,0.4808462,1
PSKH2,0.4807958,1
OPA3,0.48061317,1
CCNDBP1,0.48060796,1
SERPINA12,0.4805759,1
ACOT8,0.48051986,1
ACTN2,0.4804322,1
ATP1B2,0.48041925,1
B3GALNT1,0.48018208,1
ALDH5A1,0.47997501,1
REG4,0.47959793,1
GAB3,0.4795419,1
GRINA,0.4794448,1
PTPN21,0.47941402,1
SIX2,0.47935814,1
GABRB1,0.4793462,1
TMEM126A,0.47929952,1
CDK14,0.47926992,1
RETN,0.47923735,1
IGSF9B,0.47915694,1
FTCD,0.47915512,1
PENK,0.47912496,1
KCTD10,0.47903654,1
MARCHF8,0.4784455,1
CHM,0.47820678,1
SSX2IP,0.47817233,1
CAMKK2,0.47805604,1
PRAP1,0.47802815,1
NDUFA4,0.4778025,1
SETMAR,0.47707477,1
CLIC2,0.47691572,1
GSTO2,0.47688553,1
HIKESHI,0.47664443,1
TMEFF2,0.47657228,1
NCOA7,0.47654694,1
NRG2,0.47637948,1
NOXA1,0.4763221,1
CLIC1,0.47621828,1
TMEM209,0.47604302,1
BSPRY,0.47603464,1
DDX24,0.47599864,1
WDFY1,0.47598013,1
NIPAL2,0.47590473,1
ALPK2,0.47567528,1
TMOD3,0.4755292,1
RPLP1,0.47528872,1
TEKT3,0.4751274,1
ELF2,0.4750796,1
HGSNAT,0.4750558,1
MVP,0.4749527,1
HSPBAP1,0.47466767,1
ATP8B3,0.47464818,1
NFATC4,0.4741149,1
GLA,0.47399703,1
HTRA3,0.47395718,1
CCT8L2,0.4737324,1
MSRB3,0.473669,1
UBXN4,0.47360072,1
TXNL4B,0.473369,1
PHIP,0.47322512,1
NDUFB2,0.4731839,1
CACNA1F,0.473073,1
H2AC4,0.47302818,1
GSDMB,0.47298875,1
SSR3,0.47293314,1
NEU3,0.4728343,1
BAD,0.47264832,1
PPP2R5D,0.47245544,1
GLT6D1,0.4724208,1
FOXN4,0.47236148,1
PGA3,0.47220257,1
TENM1,0.47198722,1
EYS,0.4717828,1
DCAF15,0.47173718,1
PRKX,0.47173035,1
PHF20,0.4716335,1
CD99L2,0.47158635,1
USPL1,0.4715434,1
ARHGAP33,0.47130877,1
APOBEC4,0.4713004,1
PCBP4,0.47081453,1
PCDH9,0.47051007,1
TRAPPC1,0.47043696,1
DDX31,0.47040772,1
GABRA6,0.47029677,1
TKTL2,0.4698659,1
ABCD1,0.4698221,1
CNBP,0.46980232,1
YWHAH,0.46978486,1
ADH4,0.46967712,1
CELSR3,0.46964577,1
HOGA1,0.46960208,1
ADAMTS10,0.46940225,1
PGAP3,0.46929634,1
PKNOX1,0.46917328,1
BPNT2,0.46908018,1
TOGARAM1,0.4690356,1
SLC35C2,0.4690333,1
ADCY8,0.46883303,1
ZDHHC14,0.46882066,1
IFT27,0.46875852,1
AKR1C1,0.4686182,1
HOXD10,0.46861282,1
HOXB4,0.46858978,1
MXRA8,0.46855617,1
PLCH2,0.46850744,1
MARVELD1,0.46850675,1
PER1,0.4684517,1
SLC5A6,0.46844932,1
CPN2,0.46839762,1
DHRS2,0.46820715,1
MYT1,0.4681826,1
DRD4,0.46805754,1
MAS1,0.46798706,1
POLR2J3,0.46782744,1
IWS1,0.46780103,1
GNRH1,0.46776545,1
MACROD1,0.46744537,1
LRRC2,0.46741775,1
FAM120C,0.4673161,1
ADGRA2,0.46730202,1
KLF8,0.4672813,1
DYSF,0.46727467,1
C1QL1,0.46709886,1
PTBP2,0.4670086,1
PHKB,0.4664259,1
THOC5,0.46641162,1
TMCC1,0.46620265,1
SLC24A2,0.46619976,1
CENPJ,0.46597764,1
TBC1D14,0.46587113,1
SNRNP25,0.46583033,1
SLC35A5,0.4658167,1
KCNH7,0.4657938,1
CMTM3,0.46563262,1
HERC1,0.4655495,1
TIAM2,0.4654349,1
RASSF7,0.46534526,1
NRK,0.4650587,1
CNPPD1,0.46503076,1
GDE1,0.46501365,1
TIGD5,0.46493375,1
LRIT1,0.4646297,1
IL36G,0.4644279,1
KANK4,0.46408784,1
FCGBP,0.46407035,1
ELP3,0.46392936,1
CDKL1,0.46370438,1
PPP1R12B,0.46361178,1
SIRPB1,0.4635839,1
PRKAG1,0.46351007,1
SCGN,0.4635098,1
JPH3,0.46308577,1
PANX1,0.46281934,1
GNB3,0.46279094,1
SCN3B,0.46278104,1
PRG4,0.46250036,1
INTS8,0.46233162,1
GARRE1,0.46225128,1
HUNK,0.46216774,1
WDR72,0.46204826,1
ACBD7,0.46199512,1
PTGFR,0.46178737,1
SMPD4,0.46159112,1
SERPINA7,0.46108267,1
YY1AP1,0.46104446,1
GOLPH3L,0.46101907,1
RRS1,0.4610098,1
UROC1,0.46098062,1
FAAH2,0.45995682,1
RHO,0.4599307,1
SRR,0.45981932,1
HSD3B1,0.45967868,1
BACE2,0.4594338,1
SLC9A6,0.45938188,1
ANKLE1,0.45920128,1
TMEM9,0.45909703,1
LMX1A,0.45891082,1
USP6,0.45882252,1
IGF2BP2,0.45868027,1
CMBL,0.45865083,1
DMGDH,0.4583803,1
MIGA2,0.45814264,1
TSC22D3,0.4581161,1
PKMYT1,0.45810375,1
GSTM4,0.45808607,1
SLC16A7,0.45789826,1
PPP2R3C,0.45774937,1
SLC10A2,0.45774627,1
BORCS5,0.4576912,1
FITM2,0.4576663,1
CDH16,0.45746964,1
RETNLB,0.45727623,1
CLIC4,0.45720306,1
SIK3,0.4571068,1
MTM1,0.45703477,1
VWDE,0.4570116,1
CYP17A1,0.4568914,1
PCMTD2,0.4568251,1
TUBA8,0.4568194,1
ACTR3,0.45677203,1
DCUN1D4,0.4565533,1
SPATA13,0.45653376,1
LRP4,0.45653322,1
CLK4,0.45643586,1
MED28,0.4559529,1
ACOT4,0.4559047,1
VPS13A,0.45588946,1
OVCA2,0.4558053,1
CSGALNACT2,0.45554104,1
PRDM14,0.45535588,1
UQCR11,0.4553374,1
ELOVL1,0.45528403,1
CHAD,0.4552425,1
TUBA3D,0.45524162,1
LDHAL6A,0.45510074,1
SENP5,0.45509976,1
ATPAF1,0.45493296,1
MCF2L,0.4546391,1
SEMA6D,0.4544443,1
SMOX,0.45432928,1
MPST,0.454289,1
NPPB,0.4542595,1
LMO3,0.4542216,1
COLGALT1,0.45399052,1
SLC35A2,0.45381546,1
GRAPL,0.4536526,1
ACSM3,0.45348397,1
ENPP7,0.45335984,1
CRYM,0.45296425,1
ECEL1,0.45287055,1
AGR2,0.4527845,1
SNX11,0.4525799,1
COBL,0.45235214,1
ZDHHC5,0.45231766,1
TM4SF1,0.452187,1
KLHL38,0.45217872,1
MYT1L,0.45202932,1
SCO1,0.45192984,1
TMEM203,0.45178756,1
DCXR,0.45168194,1
CLOCK,0.45139787,1
STRIP1,0.45137906,1
SLC28A2,0.4512396,1
ALKBH4,0.45116514,1
SH3TC1,0.45104554,1
OVOL2,0.45099482,1
TTC19,0.45086792,1
RGS8,0.4507492,1
TMPRSS11D,0.4506958,1
DNAAF4,0.45064956,1
DRD1,0.45060888,1
PROC,0.45054457,1
SLC12A6,0.45051128,1
MAMLD1,0.45038325,1
PTPRN,0.45036033,1
WDR17,0.45033413,1
MPPED2,0.45031193,1
WLS,0.44995835,1
STX16,0.4498382,1
MON1A,0.4496849,1
EML4,0.44967625,1
SLC4A9,0.4496732,1
TMEM176A,0.44955185,1
DUSP29,0.4494478,1
TRIM40,0.44942763,1
TBC1D1,0.44936916,1
H1-5,0.44932407,1
SEMA3F,0.44922468,1
GUCY1A1,0.44914585,1
ACYP1,0.44893658,1
EMG1,0.4489142,1
BAIAP3,0.44874546,1
NMT2,0.44869405,1
MYL6B,0.448541,1
RTCA,0.4485236,1
B3GAT1,0.44822916,1
SPTLC3,0.44819474,1
NACC2,0.44809443,1
SPAG16,0.4479215,1
ITPR2,0.44786432,1
BCL9L,0.44786116,1
RSPO4,0.4478258,1
ADAT3,0.4469944,1
MRPS30,0.4469404,1
EN2,0.4466294,1
PLVAP,0.44658247,1
SENP2,0.4463146,1
ACBD5,0.4460338,1
MRPS10,0.44601133,1
RPS26,0.445968,1
MPP3,0.44570023,1
SBF1,0.44519603,1
TMEM160,0.44506046,1
TRIM31,0.44500908,1
ATP5IF1,0.44496357,1
HOOK2,0.44490796,1
F11R,0.44475633,1
KCTD2,0.4447095,1
FHL3,0.444671,1
AVIL,0.44456184,1
HESX1,0.4444002,1
RPRD1A,0.44428682,1
CDK2AP1,0.44423375,1
C7orf50,0.44409463,1
SHANK2,0.44408593,1
ADCYAP1R1,0.4438851,1
BRF2,0.44378167,1
TPM3,0.4437199,1
HORMAD1,0.44363308,1
ANKRD46,0.44334486,1
LRGUK,0.44318774,1
DNAJC5G,0.44313028,1
UNC80,0.44311216,1
ADD3,0.44307932,1
B4GALT3,0.44307795,1
RRP8,0.44275555,1
TRIM24,0.44274786,1
CUTA,0.44264117,1
SLMAP,0.44248146,1
AQP4,0.44240147,1
SELENOP,0.44224373,1
NAXE,0.44221407,1
HHLA2,0.44209474,1
CIDEA,0.44188926,1
RADX,0.44187286,1
CHST1,0.44145203,1
CRISP2,0.44144472,1
HIPK1,0.44142503,1
OPA1,0.44141516,1
COX6A1,0.44133273,1
PHPT1,0.44132638,1
METTL3,0.44130552,1
DNAAF2,0.4412001,1
BRINP1,0.44109374,1
GNG12,0.4410422,1
ACSL4,0.4409493,1
NR0B1,0.44084358,1
REEP6,0.44080976,1
VGLL3,0.4407876,1
PDLIM5,0.44076762,1
CTNNBIP1,0.44075084,1
OSCP1,0.44073087,1
SYMPK,0.44068813,1
CENPQ,0.44049916,1
MGAM2,0.44046807,1
LALBA,0.44039747,1
POGLUT1,0.44026294,1
EIF2D,0.44004214,1
CELA3A,0.44001696,1
LEO1,0.4399299,1
PSAP,0.4397667,1
TBC1D13,0.43967643,1
LETMD1,0.4395636,1
HIF3A,0.43951237,1
PTPRF,0.43944192,1
ABCC9,0.4393605,1
PIGB,0.43932414,1
DENND5B,0.43889567,1
PHKA1,0.43885788,1
ABHD16B,0.43878856,1
SEPTIN11,0.43874326,1
ADGRL2,0.43824038,1
CAMP,0.4381749,1
AKAP13,0.4381708,1
PNRC1,0.43814588,1
AQP7,0.43797368,1
PDLIM3,0.4378804,1
MSRB2,0.43772858,1
NUDT13,0.43742168,1
PROK2,0.43725348,1
EFHD2,0.43703222,1
DMBT1,0.43693626,1
CPPED1,0.43685102,1
TBCK,0.43678755,1
CDKL2,0.43653843,1
SPAG5,0.43651426,1
CEP164,0.43649244,1
RIPOR2,0.43622434,1
SLC25A45,0.43620515,1
MBNL3,0.43616182,1
KLHDC7B,0.43612587,1
AGXT2,0.436025,1
RNF39,0.4360183,1
ERMP1,0.4359223,1
DDHD1,0.43556708,1
TLK2,0.4353399,1
BRWD1,0.43531224,1
ARNT2,0.43512186,1
TPST1,0.43497697,1
FIGN,0.43497628,1
GLT8D2,0.43484262,1
ARHGAP11A,0.43456113,1
LHFPL3,0.43447423,1
USP46,0.43433306,1
TSHZ2,0.43387082,1
CAPN15,0.43367207,1
BOD1L1,0.4335969,1
SOX11,0.43329474,1
ASB5,0.4332392,1
GEMIN6,0.43317917,1
CLBA1,0.4330196,1
KERA,0.43301764,1
FMOD,0.43296883,1
ADCY9,0.4329002,1
CCNI,0.43276882,1
MFSD10,0.43245608,1
HINFP,0.43239975,1
CACNA2D3,0.43210623,1
DUX4,0.43206912,1
CAPZA2,0.4319294,1
PMVK,0.43186513,1
ENAM,0.43157482,1
DUSP15,0.4314485,1
GDF3,0.43103254,1
AQP1,0.43095574,1
KCNJ2,0.43087107,1
PHLDB1,0.4304448,1
MXRA7,0.43012804,1
SLC24A3,0.43006435,1
ATP10A,0.4299379,1
LTB4R2,0.4297287,1
PPP1R14B,0.42962137,1
CHKA,0.42958933,1
OCSTAMP,0.42951086,1
ITGAD,0.4294346,1
WDR44,0.4293981,1
BTG1,0.42925915,1
RINT1,0.4292192,1
PCGF1,0.4291943,1
EXOSC2,0.42915252,1
PLCD3,0.42863762,1
THTPA,0.4286281,1
FBXW5,0.4283768,1
ORMDL2,0.4283678,1
MEGF9,0.42825696,1
GRK7,0.42794034,1
NEURL1,0.4278136,1
IL1RAPL1,0.4277684,1
FNDC1,0.42745894,1
PF4V1,0.42744073,1
NEBL,0.4267422,1
GALNTL6,0.42671436,1
SNRK,0.42656192,1
ZBTB1,0.4265558,1
NOC3L,0.4264972,1
PRSS36,0.42637625,1
ENTPD5,0.42625317,1
PTGES3,0.42623723,1
SEZ6L2,0.42600012,1
GKN1,0.42592815,1
TRHR,0.4258105,1
SLC39A9,0.42580166,1
CHODL,0.42573667,1
PDE4D,0.42509654,1
STRN,0.42505816,1
SELENOF,0.42480615,1
TMEM119,0.42478645,1
LLGL2,0.4246963,1
CAMK2N1,0.424587,1
BPNT1,0.42456767,1
CFAP52,0.42430738,1
PLCD4,0.42422885,1
GLI4,0.4239491,1
RAB11FIP2,0.4239477,1
NECTIN4,0.42393985,1
MALRD1,0.42386135,1
B3GNT2,0.4238417,1
PI16,0.4236704,1
SLPI,0.4234624,1
ESRRG,0.42340982,1
STK19,0.4232457,1
MOXD1,0.4232087,1
CLN6,0.42319378,1
PPP2R3A,0.42313015,1
SNX22,0.4230415,1
TPPP,0.42288435,1
AMN,0.4225925,1
ENTPD3,0.4225891,1
FAM50A,0.42257202,1
MSC,0.4225151,1
ING3,0.4222974,1
TATDN3,0.42216,1
PLBD2,0.42215553,1
MEST,0.42208678,1
MRPL24,0.42200845,1
EFHD1,0.4216994,1
MYOCD,0.42169803,1
CRYAB,0.4216661,1
TMEM135,0.42161682,1
NFASC,0.4215424,1
NUP50,0.42147794,1
SYS1,0.42123404,1
SGO1,0.4212166,1
FKBP5,0.4212042,1
ANKRD6,0.4208339,1
COL22A1,0.42073467,1
CAMSAP3,0.42035463,1
SOX15,0.41950372,1
NUDT2,0.41948,1
KATNA1,0.41944563,1
PLA1A,0.41932583,1
SLC7A9,0.4191309,1
CDHR1,0.41911238,1
SLC8B1,0.41910458,1
AHCYL2,0.41902938,1
KCNK3,0.41896066,1
PRPF38B,0.41888854,1
DSCAML1,0.41863793,1
GPR143,0.41860098,1
GNAQ,0.41851652,1
RTN4R,0.41821933,1
RAB11FIP5,0.41804618,1
BCAS1,0.4177838,1
HOXC12,0.41762757,1
MS4A2,0.4175658,1
MAP6,0.41751975,1
TSPOAP1,0.417007,1
SLC45A1,0.41685557,1
FILIP1,0.41613036,1
NIPAL4,0.41606882,1
SCRT1,0.41606387,1
MYH6,0.41605788,1
MBNL1,0.4160283,1
PDE4B,0.41599387,1
DCP1A,0.41590676,1
ZRANB1,0.4158182,1
CC2D1A,0.4155065,1
SH3D21,0.41524372,1
PTGDS,0.41522875,1
PDZD11,0.41487885,1
ABTB1,0.4147469,1
LZTFL1,0.41468975,1
RNF44,0.41421783,1
COQ4,0.41398802,1
FEM1B,0.4136169,1
VENTX,0.4135534,1
CA13,0.41350228,1
MIER3,0.4134848,1
SLITRK3,0.41346318,1
GSTA1,0.41338193,1
C8orf33,0.413243,1
DRP2,0.4131132,1
MLX,0.41295815,1
DNAJC8,0.4128234,1
PRDM15,0.41270763,1
SHANK1,0.41258925,1
SYNM,0.41239953,1
DENND4A,0.41224363,1
CPNE8,0.41219908,1
HAAO,0.41215497,1
PHKG2,0.41175577,1
ALDH1A2,0.41162986,1
ATP8A2,0.4115863,1
RIN1,0.41154367,1
MECR,0.4114581,1
INSC,0.41138172,1
ZNF410,0.4112154,1
AK7,0.41111708,1
PVRIG,0.41080362,1
EIF4G2,0.41028908,1
IBA57,0.41022193,1
BRWD3,0.41020396,1
ZBTB18,0.410199,1
RPUSD4,0.41004333,1
CPNE9,0.41003102,1
CAMKMT,0.4099643,1
H2AC11,0.40978044,1
BNC1,0.4096398,1
EIF3K,0.4096223,1
CHST11,0.40961596,1
HEATR3,0.409608,1
MED24,0.4093033,1
OGN,0.40913326,1
RAET1G,0.4091061,1
RASSF4,0.40908736,1
TNNT3,0.40885824,1
NSG1,0.40880936,1
CDC42EP3,0.40877265,1
ISOC1,0.40875,1
GNG4,0.4086092,1
SYDE1,0.4085872,1
UTP3,0.40842202,1
MYADM,0.40785262,1
GNAI2,0.40782276,1
REXO5,0.40773457,1
GPM6B,0.4076503,1
MIPOL1,0.40763015,1
TMEM199,0.40756053,1
USE1,0.40747666,1
ALG10,0.40719673,1
RTF2,0.40705776,1
FMR1,0.40675935,1
GCKR,0.4067582,1
KIF2B,0.40672803,1
GCGR,0.4066893,1
RPE65,0.40650186,1
MRGBP,0.40646863,1
AGER,0.40640867,1
FZD3,0.40608853,1
CCDC47,0.40583408,1
DYRK1B,0.40583298,1
ATP1A1,0.40579948,1
HEMK1,0.40577227,1
ANAPC15,0.4054932,1
CBLIF,0.405266,1
ASXL3,0.40511346,1
ETNPPL,0.40510815,1
CDX4,0.40508506,1
ARPP21,0.40479848,1
SIAE,0.40440148,1
FZD2,0.40440014,1
ST3GAL6,0.40421432,1
GRIN2A,0.4040412,1
DCAF7,0.40380517,1
KCNF1,0.40374562,1
WDR20,0.40361398,1
ALDH1L1,0.40360194,1
NUDT9,0.40359572,1
NCAPD3,0.40318918,1
YRDC,0.40313885,1
UNC45B,0.40313706,1
PTGDR2,0.40276736,1
S100A7,0.40248606,1
RHPN2,0.4022935,1
ASB11,0.4018118,1
SLC6A18,0.40179205,1
TSFM,0.40158254,1
KANSL1,0.40150812,1
RABGAP1,0.4014965,1
BCAM,0.40116945,1
FOXI3,0.40109214,1
SFTPD,0.40105942,1
ARPC4-TTLL3,0.40095466,1
NETO1,0.40088576,1
TRPC3,0.40079856,1
DNHD1,0.4007931,1
GNB2,0.40053523,1
AKR1C3,0.40041986,1
ERLIN1,0.4003836,1
SLC12A8,0.40034032,1
EXTL2,0.40033612,1
HPF1,0.4002914,1
ACTA1,0.40019587,1
LACTB2,0.40012157,1
INO80B,0.39994302,1
RPAP1,0.3999018,1
ZC3H12D,0.39985734,1
UQCRH,0.39980337,1
QPCTL,0.39964134,1
CPNE7,0.39944184,1
ALS2CL,0.39940393,1
IQCA1,0.39938167,1
ACOT11,0.39937574,1
NR5A1,0.3991486,1
SYT4,0.39907578,1
TENM4,0.39877534,1
KIF26B,0.3985592,1
DDC,0.3985427,1
MKRN3,0.39841187,1
DRAP1,0.3979744,1
ENTR1,0.39786795,1
KCNT1,0.3977421,1
SYN2,0.3976712,1
NYAP1,0.39761508,1
KCNMB1,0.39747852,1
EYA2,0.39744854,1
SCNN1G,0.3974323,1
HP1BP3,0.39717376,1
GAS2L2,0.39712355,1
GRIN1,0.39704266,1
SEMA3A,0.39702246,1
CYP3A4,0.39701658,1
TMEM71,0.39697364,1
H2AC17,0.3968806,1
MITD1,0.3968679,1
IVL,0.39681903,1
MORC3,0.3967405,1
MOS,0.3967092,1
GDPD1,0.39658383,1
GABRQ,0.39654803,1
PLSCR4,0.39651486,1
GUK1,0.39648998,1
POF1B,0.39642248,1
ODAM,0.3960452,1
ALG9,0.3960386,1
PI15,0.39583468,1
NRBF2,0.39552787,1
EPB41L5,0.39540556,1
TUBGCP4,0.39517313,1
CDH24,0.39510888,1
FBXW2,0.39509,1
FGFBP2,0.39502373,1
TRPM3,0.39468113,1
DNAL1,0.39464697,1
TIMM10,0.39454257,1
SNX32,0.39423874,1
FBXL6,0.39423397,1
TEX2,0.39410305,1
OTUD3,0.39401075,1
LIN9,0.39390987,1
ZNF593,0.39382356,1
WSB2,0.39374042,1
CDHR2,0.3933296,1
GNPAT,0.39293146,1
DGAT2L6,0.39290074,1
CALML3,0.39288256,1
PHTF2,0.39283273,1
PTX4,0.3926972,1
CNKSR1,0.39267626,1
TAF8,0.39253852,1
SEMA4G,0.39249343,1
ADGRL3,0.39247438,1
CCDC82,0.39241403,1
FAM110B,0.39230135,1
GRP,0.39218968,1
CELF4,0.39216632,1
NINL,0.39214,1
PRPH2,0.39187062,1
TMEM147,0.39174372,1
OSGEPL1,0.39162165,1
ZZZ3,0.39160165,1
WNT7A,0.39159307,1
ZPBP2,0.39155567,1
LIN7C,0.39151594,1
TTC7B,0.39143693,1
UTP6,0.3911414,1
RASL11B,0.39108437,1
PTPRN2,0.3910595,1
TRIM39,0.39086053,1
GNAI1,0.39051506,1
OTUD7A,0.390288,1
PNPLA7,0.3901188,1
PDXDC1,0.38998556,1
SCGB3A2,0.38997084,1
CA6,0.3899079,1
CYP7B1,0.38967627,1
DNAJC19,0.38944513,1
HECTD2,0.38944095,1
PRSS8,0.38933688,1
FRMD4B,0.38917252,1
PRSS12,0.38890952,1
SSC5D,0.38865802,1
SLC27A5,0.38859364,1
RABL6,0.38854697,1
SMTNL2,0.38836154,1
OSBPL10,0.3881186,1
UMOD,0.3880043,1
FAM135B,0.38794214,1
CRTAC1,0.38792127,1
GNA14,0.38778046,1
ZNF267,0.38770297,1
CSNK1G3,0.3876691,1
PPM1N,0.38758627,1
HOXB5,0.38757893,1
UVSSA,0.38754284,1
CSH1,0.3873598,1
SLC4A11,0.3872199,1
RD3,0.386789,1
ZNF292,0.38662532,1
PDIA2,0.38649592,1
BICC1,0.38648224,1
PDE10A,0.38647097,1
FREM2,0.38635978,1
CASKIN2,0.38623682,1
MESD,0.38620737,1
TRAPPC6B,0.3859392,1
PRKG2,0.38562772,1
INO80C,0.3854517,1
UFSP2,0.38544098,1
PLCH1,0.38521636,1
FRS3,0.38483036,1
CALCOCO1,0.38473797,1
KCNS3,0.38451362,1
MED6,0.38434976,1
SLC35G1,0.38427493,1
MS4A12,0.3842677,1
GRM8,0.38338786,1
MCOLN3,0.3828277,1
PGA5,0.3828064,1
TK2,0.38267797,1
DNAH8,0.38253066,1
AFF4,0.38232452,1
CRHR1,0.3819492,1
ZC3H3,0.3819431,1
MPV17L2,0.38191745,1
COX7A2L,0.3817447,1
NDUFA3,0.38147667,1
EBAG9,0.3814726,1
SHB,0.3814646,1
MC2R,0.38105932,1
HSPB11,0.38105094,1
DCTN6,0.3808892,1
PPP2R5E,0.38087073,1
OPRD1,0.3807382,1
KCTD17,0.3807191,1
CERKL,0.3805232,1
SLC44A5,0.38012317,1
H2AC15,0.3800982,1
LARP1,0.37999278,1
EBNA1BP2,0.3798987,1
EDC4,0.37986097,1
ASB13,0.3796682,1
PLEKHB1,0.3796025,1
UCK2,0.37954912,1
SLC46A2,0.37954226,1
ABCB9,0.37950352,1
ELOVL4,0.37950185,1
ALPK1,0.3794021,1
TMEM59L,0.37930512,1
DCAF12,0.37929726,1
EFNA3,0.37904504,1
SLC25A34,0.3789685,1
PLPPR2,0.37876123,1
FBXL14,0.37875286,1
MAGOH,0.37844002,1
GLE1,0.37803388,1
SHKBP1,0.37797603,1
PLXNA1,0.3779234,1
ANKAR,0.3779147,1
CREG2,0.37779063,1
LRRC56,0.3776976,1
HES6,0.37758207,1
GRIK1,0.37757102,1
UTP11,0.3775693,1
ND6,0.37750474,1
SOX3,0.37739322,1
CRISP3,0.37732443,1
POLR2G,0.37714118,1
SEL1L3,0.37699816,1
ZNF77,0.37683088,1
KCNV1,0.3766676,1
ATF1,0.3762569,1
PPP1R10,0.37620652,1
PBXIP1,0.376173,1
SLC25A30,0.37610808,1
ZNRF1,0.37608463,1
RGS12,0.37605286,1
SLC35F3,0.37597728,1
GDF10,0.37591022,1
SYBU,0.3756604,1
SLC16A14,0.37548056,1
MPP1,0.37537482,1
DYRK3,0.37533197,1
ZNF467,0.37524918,1
ADARB2,0.3751101,1
DESI1,0.37509334,1
SH3GLB2,0.3748189,1
PAPOLG,0.37481678,1
WSB1,0.3746078,1
PKP2,0.37440518,1
TRAK1,0.37424898,1
B4GALT7,0.37394926,1
MIX23,0.37394327,1
SLC4A10,0.37382618,1
TMED8,0.3737328,1
CDC42SE2,0.37367755,1
CISD3,0.3736261,1
EXOSC1,0.37362543,1
ECHDC2,0.37359318,1
AKR1A1,0.3733079,1
RAB19,0.37330067,1
DNAJC17,0.37307847,1
EML3,0.37301302,1
TMSB10,0.3728994,1
MED20,0.3726345,1
TMEM14C,0.3725565,1
SH3RF3,0.37247184,1
MRPL27,0.3721975,1
PDE4A,0.3721803,1
COMMD3,0.37210023,1
VSIG2,0.37195864,1
CEMIP,0.37168214,1
CA4,0.37146637,1
OSBPL8,0.3714198,1
TRMT2A,0.37128374,1
PGP,0.37117496,1
DMRTB1,0.37084416,1
SLC22A15,0.37054506,1
CTTNBP2,0.37051398,1
TRIM46,0.37037683,1
ZBTB4,0.3703434,1
ESYT2,0.37030923,1
PLEKHA8,0.3701501,1
DHRS11,0.36968106,1
MYF6,0.3696057,1
CLN8,0.3695697,1
B3GNT3,0.36945257,1
PEX11G,0.3692544,1
PPP1R9B,0.3690414,1
EPB41L3,0.36898154,1
SLC45A3,0.36876205,1
BMS1,0.36874428,1
ARMCX2,0.36867794,1
ENPP6,0.3685971,1
TRERF1,0.3684631,1
SMYD2,0.36826357,1
PPP1CC,0.36812392,1
WDR25,0.36805525,1
MFSD8,0.36800715,1
RASA4B,0.36798707,1
IMPG2,0.36781105,1
KLHL36,0.3676486,1
PPME1,0.36752743,1
RPS6KB2,0.367356,1
GFAP,0.3672419,1
SLC9A5,0.36721477,1
ADCY10,0.3670373,1
RSRC1,0.36702013,1
TAOK2,0.36697796,1
SCHIP1,0.3669523,1
TADA2B,0.36654523,1
PEX2,0.36653477,1
MRPL28,0.36650085,1
MT3,0.3664508,1
ARHGEF15,0.3663657,1
TSSK6,0.36627278,1
NUP42,0.3661727,1
SLC9A2,0.36610729,1
GFM2,0.36602923,1
LYAR,0.36601725,1
YTHDF2,0.3655487,1
HEYL,0.3654637,1
LIPJ,0.36544147,1
OGFR,0.3653806,1
AREL1,0.3653229,1
SUSD4,0.36522835,1
SALL1,0.36494943,1
CMAS,0.36483458,1
RBM5,0.36476484,1
SDR39U1,0.36473078,1
NR1D2,0.36462665,1
PADI1,0.36444047,1
AIFM3,0.3644347,1
DHX32,0.36441103,1
CLEC2B,0.36440706,1
NPM3,0.36429805,1
PHACTR3,0.36417532,1
CDH12,0.36378965,1
AGAP1,0.36355546,1
CELF5,0.36342633,1
RGS22,0.36337245,1
RIOK2,0.36334154,1
LEPROT,0.36327183,1
ELOA2,0.36326694,1
MAG,0.36324924,1
ACAA2,0.36319244,1
CYP2E1,0.36254674,1
HRH3,0.362445,1
P2RY6,0.36243835,1
PEX13,0.36239812,1
OPRK1,0.36229616,1
ACSL5,0.36228403,1
TEPSIN,0.36213893,1
SCAF1,0.36208513,1
TFPT,0.36181554,1
CFAP251,0.36159444,1
NECAB2,0.3609904,1
ADAMTS16,0.36098915,1
TOMM7,0.36091113,1
SIM2,0.36086878,1
H2BC13,0.3607974,1
TSHZ1,0.3607839,1
COX10,0.36065137,1
IFNA7,0.36035937,1
MPHOSPH6,0.3602909,1
SLITRK5,0.3601447,1
RGS7BP,0.35982996,1
CSTF2T,0.3596953,1
ZSWIM6,0.35954353,1
NPY4R,0.35936138,1
HECTD4,0.35928705,1
EPB41L4B,0.3592552,1
DCAF8,0.35922113,1
LDHC,0.3590195,1
MAB21L1,0.35883778,1
HSD11B1,0.3587525,1
WHRN,0.35860166,1
HECTD1,0.35838497,1
SV2A,0.3581837,1
KAT8,0.35802442,1
MED22,0.35801524,1
PHF20L1,0.3579812,1
PITPNB,0.35787088,1
PXMP4,0.35785377,1
SELENOS,0.35766587,1
ARHGEF26,0.35762462,1
PER3,0.35757798,1
HCFC2,0.35727066,1
ASB18,0.357073,1
ITPK1,0.35702208,1
FBXL3,0.35689396,1
AKAP12,0.3567442,1
CCNQ,0.3559877,1
TP53I11,0.3558839,1
PDE4DIP,0.35583383,1
SEPTIN3,0.35555628,1
NOTUM,0.35552788,1
SLC7A4,0.3553456,1
COX8A,0.3551571,1
CYP11A1,0.35506117,1
UTP20,0.3548546,1
EIF2A,0.3543322,1
ANO4,0.35427517,1
TUB,0.3541881,1
NOXRED1,0.3541207,1
UTP18,0.3537731,1
CARD18,0.35355645,1
FAM102A,0.35337904,1
NEU1,0.3532137,1
FARS2,0.35291567,1
KDM4A,0.35261652,1
PKP1,0.35227898,1
ZMYM3,0.35219023,1
MAP3K10,0.35217237,1
TBC1D21,0.35215592,1
KATNAL2,0.35212976,1
MAGEH1,0.35194212,1
GUCA1C,0.35183805,1
RXRB,0.35183755,1
NOL6,0.35168833,1
FKBP8,0.35165775,1
TH,0.35165742,1
EPPK1,0.35165504,1
USP32,0.35155836,1
SCARA5,0.3514901,1
FRMD7,0.35136762,1
OTUB2,0.3513206,1
PKP3,0.35107774,1
ZDHHC3,0.3509372,1
MKX,0.35085127,1
NEO1,0.35077447,1
MAP6D1,0.35052264,1
DENND4C,0.35048506,1
PHACTR2,0.35040075,1
H2AC16,0.35017884,1
SIGLEC11,0.35014692,1
FAM72A,0.34978947,1
ADIRF,0.34960496,1
NSUN3,0.34960324,1
LPAR5,0.34957495,1
THUMPD1,0.3493138,1
ZNF184,0.34916797,1
SOX7,0.3489297,1
DNAJC28,0.34876788,1
SEPHS1,0.34848034,1
PHF7,0.34847185,1
RAP1GDS1,0.3482973,1
PLXNA2,0.34826943,1
TESK1,0.34809756,1
SLC16A2,0.3480376,1
NPY,0.3479451,1
UBTFL1,0.34792903,1
CPZ,0.3478357,1
THSD7A,0.34761408,1
LHX6,0.34755942,1
LACTB,0.34736243,1
SIPA1L2,0.3473318,1
CHID1,0.34732231,1
RAP1GAP2,0.34731358,1
TSN,0.34730065,1
ADAMTSL5,0.34728527,1
SLC5A9,0.34727493,1
FOXR2,0.34725198,1
KCNH6,0.3471831,1
PRRC2C,0.34717813,1
EYA3,0.34689996,1
CEP170,0.34683362,1
ACBD4,0.34679604,1
ZNF451,0.34666526,1
PRELID3A,0.34660685,1
SCG5,0.34658456,1
ISX,0.3465329,1
CAPN9,0.34622777,1
RPL37,0.34618175,1
KLC4,0.34609634,1
RASA4,0.34602764,1
SLC16A4,0.3458139,1
PIR,0.3457511,1
HEXIM2,0.34567595,1
PITPNM3,0.34547076,1
VPS72,0.34544653,1
EGFLAM,0.34537965,1
CXorf65,0.34528255,1
PLEKHG3,0.3451923,1
LFNG,0.34515628,1
STYXL2,0.3450838,1
NEK10,0.34448546,1
DPY19L2,0.34436396,1
LUZP1,0.34390563,1
SUPT3H,0.34379643,1
CPNE5,0.34379217,1
ING2,0.34374925,1
YTHDF3,0.34372923,1
CNPY2,0.34365034,1
ADRB2,0.34350023,1
FOXD1,0.34336632,1
PRDM2,0.3428039,1
ADCY6,0.34267867,1
TSPAN17,0.3426173,1
ISM1,0.34249675,1
ITLN1,0.34245217,1
GNA12,0.34243438,1
IMPACT,0.34221002,1
ALDH16A1,0.34212652,1
VPS37B,0.3420487,1
TACC1,0.341919,1
GANC,0.34169358,1
FEV,0.3414673,1
NLGN4X,0.34140196,1
MRPS5,0.3413881,1
TBC1D10A,0.34123108,1
PSRC1,0.3410718,1
FNIP2,0.34092864,1
A1CF,0.34084222,1
CHMP4A,0.34057626,1
GTDC1,0.34052533,1
CNTNAP1,0.34047174,1
PTH1R,0.34044972,1
BLCAP,0.34031528,1
GPATCH1,0.3401905,1
LIN7B,0.3401876,1
LRRC1,0.33987668,1
RNF207,0.33984604,1
THEM4,0.3398106,1
TST,0.3396399,1
RSKR,0.3396152,1
DCPS,0.33941332,1
DDHD2,0.33932817,1
TSBP1,0.33929494,1
SNX15,0.3389231,1
TTYH1,0.33888054,1
DDX6,0.33870125,1
MAMDC4,0.33841875,1
BLOC1S5,0.3380577,1
ZNF408,0.3380511,1
ARR3,0.3380172,1
TLE6,0.33786547,1
H1-3,0.3378266,1
TUBB2A,0.33778825,1
PLEKHA3,0.3376697,1
RNF151,0.33754557,1
SLCO4C1,0.33752763,1
LHFPL5,0.33748516,1
APOLD1,0.33748046,1
CADM4,0.33747038,1
CCL18,0.3374246,1
SOX14,0.33740073,1
PFKFB2,0.3372815,1
FFAR3,0.33717108,1
PDCL3,0.33704072,1
RMC1,0.3369468,1
ALDH8A1,0.336934,1
ELOA,0.336926,1
HOXD3,0.33681673,1
USP36,0.33676556,1
ACSS3,0.33645868,1
EBF3,0.33637002,1
STX10,0.3363616,1
ARL17B,0.33632383,1
SLC4A5,0.33567706,1
KCNT2,0.33550164,1
ATXN7L1,0.3354983,1
GP1BB,0.33549657,1
H2AB1,0.33521345,1
LZTS2,0.33519262,1
MTMR14,0.33514488,1
NREP,0.3350581,1
CDH19,0.33505085,1
RPP21,0.33502516,1
ANKRD10,0.33496845,1
FOXRED1,0.33481535,1
ICE2,0.33475456,1
SLC35B3,0.33472455,1
ALDOC,0.3345891,1
CLEC2L,0.3345624,1
NOBOX,0.33452532,1
NTPCR,0.33435562,1
ME2,0.3343273,1
VRK3,0.33432382,1
NUP58,0.3343023,1
ARMC1,0.3340381,1
FOXD2,0.33401412,1
DTNB,0.33395183,1
NTM,0.33375737,1
PDE9A,0.33374593,1
WDR74,0.33374286,1
PPP2R5C,0.33365706,1
CADM2,0.33356804,1
SECTM1,0.33340082,1
MREG,0.33337033,1
TIMM22,0.33314407,1
GASK1B,0.33307484,1
CGREF1,0.33305728,1
CLDN7,0.33291736,1
NRSN1,0.3328638,1
MAP3K19,0.33285183,1
NKAPL,0.3326993,1
BRSK1,0.3326569,1
CCNY,0.33261022,1
TMEM30B,0.33259633,1
IPO13,0.3323867,1
ZDHHC9,0.33229995,1
QRFPR,0.33218086,1
SLF2,0.33205292,1
JPH1,0.33203956,1
SERTAD3,0.331961,1
KLHL18,0.33191916,1
TRPM1,0.3318527,1
SORBS1,0.33182287,1
LSAMP,0.3317255,1
DCST2,0.33170632,1
GPRIN1,0.33148867,1
CC2D1B,0.33129779,1
ZNF622,0.33120638,1
PUSL1,0.3310687,1
HHIP,0.33097863,1
CGNL1,0.3308914,1
STIL,0.3307627,1
RALGAPA1,0.33045787,1
PHOX2B,0.3303017,1
IER3IP1,0.32997254,1
SAP130,0.32989326,1
REG3A,0.329724,1
ABCA4,0.32964396,1
ADRB3,0.32956973,1
FKBPL,0.32952976,1
GUCY2C,0.32911614,1
SNCB,0.32901967,1
DOK4,0.3290129,1
WDR4,0.32895592,1
KXD1,0.3288723,1
EPS8L2,0.32831222,1
POLR1E,0.32826272,1
RGS14,0.32806408,1
NPRL2,0.3280188,1
EYA1,0.32798076,1
TRPC4,0.32780138,1
ARHGAP10,0.32751536,1
MLANA,0.3275127,1
FUT3,0.3275091,1
C2CD5,0.32744324,1
PECR,0.3274355,1
ME3,0.32739356,1
ZC3H8,0.32730556,1
MT1X,0.3270877,1
SPAG1,0.32668498,1
TDRD9,0.32646838,1
NCKAP5,0.32646307,1
BBS4,0.32635215,1
GNAO1,0.32631284,1
SEMA3D,0.3262592,1
MINPP1,0.32611254,1
RIC8A,0.326095,1
DNAH17,0.3258978,1
SLC22A17,0.32587838,1
TBC1D8B,0.32583812,0
PEX1,0.32578444,0
INTS5,0.32549536,0
KIFAP3,0.3254941,0
GNAT1,0.32528126,0
CLCC1,0.32521403,0
MTUS2,0.32499927,0
NIPAL1,0.32497022,0
OPALIN,0.32482347,0
LSM10,0.3247222,0
SLC4A8,0.32441202,0
SLC44A1,0.32428864,0
TAF1C,0.32426327,0
EGFL8,0.3240443,0
TTLL1,0.32402214,0
UBE2Q2,0.32380396,0
ARHGEF5,0.3235328,0
ABCG4,0.3235162,0
SIGLEC12,0.32347858,0
SLC22A18,0.32338834,0
GALNT15,0.32317293,0
GSG1L,0.3228121,0
FBF1,0.32250375,0
PLEKHO2,0.3222928,0
ST8SIA4,0.3220172,0
UBQLNL,0.32184172,0
LMOD1,0.32160673,0
RGS4,0.32129335,0
MRPS22,0.3209021,0
PHOSPHO1,0.320773,0
MRPL35,0.32074437,0
MNS1,0.32071352,0
DPH5,0.3207082,0
ZNF488,0.32066098,0
TMBIM6,0.31973195,0
PPIL3,0.31972846,0
ACSF2,0.31958994,0
IFI27L2,0.31935564,0
ALDH3A2,0.3191581,0
APOOL,0.31913418,0
ZNF24,0.3190622,0
GXYLT2,0.31896296,0
OTOF,0.31873885,0
MICU1,0.3187087,0
NEFH,0.31850505,0
S100B,0.3184717,0
TMEM43,0.31846428,0
PRRC1,0.31844634,0
AMIGO1,0.31838477,0
SCRN3,0.31828332,0
FRMD1,0.3178919,0
GRIN3A,0.317822,0
MARK3,0.31780082,0
ECI2,0.31773663,0
GOLGA7,0.31768277,0
CHSY1,0.3175399,0
OSBPL7,0.31683725,0
NPAS3,0.31682983,0
CNOT6L,0.316742,0
LAS1L,0.31652442,0
ZNF644,0.31651825,0
SLC5A3,0.3164352,0
AGRP,0.3164087,0
CENPL,0.31630886,0
KIFC2,0.31623873,0
TIGD6,0.31609908,0
RSPO3,0.31604633,0
FZD10,0.3160379,0
LRRCC1,0.3160365,0
LARP6,0.31603387,0
TPRG1,0.31587693,0
MS4A7,0.31584677,0
RORB,0.31542203,0
CACNG2,0.31537437,0
ADH1C,0.31526244,0
CCDC86,0.3152612,0
GPR35,0.3150739,0
CABP2,0.31504384,0
PGAP2,0.31502548,0
TRIM62,0.31475252,0
EFCAB6,0.31471857,0
GTF3C4,0.31455156,0
CROT,0.31452882,0
SLAIN2,0.3143257,0
SYNJ2BP,0.31418303,0
IFITM10,0.3140538,0
PDE1B,0.31404647,0
COQ10A,0.3139818,0
MZT1,0.31395087,0
GPR155,0.31391153,0
IPO11,0.3138247,0
APOBEC3C,0.3138084,0
KBTBD8,0.31378692,0
IFNL3,0.31360418,0
THYN1,0.31312087,0
MAMDC2,0.3130717,0
COG2,0.31306094,0
GALK1,0.31295383,0
SLC25A13,0.31286544,0
AKR7A2,0.31285772,0
URGCP,0.3127522,0
MFSD12,0.31274298,0
CSRP2,0.31267282,0
RP2,0.3126537,0
PEX11A,0.31265172,0
TDGF1,0.31240436,0
TNNC2,0.31236917,0
CEACAM8,0.3120015,0
WBP2,0.31191212,0
NAV2,0.3116534,0
SYT7,0.31141278,0
DHRS4L2,0.31138352,0
AVPI1,0.3113625,0
TPSB2,0.3113594,0
SLC28A3,0.31102684,0
PLAG1,0.31091982,0
KLK8,0.31073415,0
ZBTB20,0.31065932,0
GSTCD,0.31039515,0
LASP1,0.31027642,0
ANGEL1,0.31025803,0
ZNF219,0.31023127,0
LZTS1,0.3102221,0
ACTG2,0.31020668,0
GPR37L1,0.3099705,0
OXNAD1,0.30987006,0
GPR89A,0.30973583,0
MGST3,0.3094543,0
ADAMTS15,0.30941188,0
ALOX15,0.3092812,0
HS3ST2,0.30921572,0
NT5C1B,0.3090425,0
ZNF483,0.30886826,0
PLEKHA6,0.30879202,0
MRPL1,0.30866677,0
PNKD,0.30864775,0
TEX30,0.3085924,0
DIP2B,0.30856723,0
OLIG3,0.3083571,0
B3GAT3,0.30828205,0
NTNG2,0.30825555,0
KCNH8,0.3082089,0
RHBDL2,0.30818713,0
INSRR,0.3080665,0
A2ML1,0.30800438,0
TRAPPC6A,0.30798852,0
ADAM11,0.30798015,0
RUBCNL,0.30735424,0
NR5A2,0.30733624,0
COMTD1,0.3071958,0
COL23A1,0.3070768,0
ARHGAP28,0.3070353,0
SCN4A,0.30675387,0
XPO4,0.3067405,0
HABP4,0.30639502,0
FBXO44,0.30634192,0
CST6,0.30627012,0
GPR85,0.30619586,0
CECR2,0.30618668,0
UBL4B,0.30612692,0
RASSF8,0.30605963,0
NSUN5,0.30593497,0
SLC25A40,0.3059345,0
GPR83,0.30584943,0
RMDN1,0.30582657,0
KREMEN2,0.30573985,0
PLAGL1,0.3056874,0
SYCP3,0.3056346,0
NUDT17,0.30561703,0
PAF1,0.30559668,0
BBS9,0.3055634,0
EMCN,0.30533716,0
C1QTNF1,0.30530158,0
PBX4,0.30527738,0
BRIX1,0.30523214,0
HOMER2,0.30516338,0
SZT2,0.30496442,0
CLCA2,0.3048036,0
BLOC1S4,0.30465522,0
CRMP1,0.30457482,0
NEIL2,0.3045175,0
CHRNA3,0.30430466,0
KCNU1,0.30423623,0
TMEM39A,0.30422834,0
PLIN5,0.3042279,0
CRYAA,0.30415392,0
NKAIN1,0.30400535,0
IFT140,0.3039231,0
GSPT2,0.3038717,0
GFOD1,0.30378807,0
BUD13,0.3036574,0
QKI,0.30355898,0
ALKBH5,0.30342203,0
FKBP4,0.303138,0
GPSM2,0.3030365,0
SLC22A12,0.30300465,0
SYNPO,0.30296537,0
SND1,0.30292037,0
ATP5F1E,0.30270475,0
CKM,0.30247387,0
NR3C2,0.30245116,0
DNAJC14,0.30244157,0
PHF8,0.30243474,0
MRPS18A,0.3024015,0
KCNJ1,0.3022254,0
FYTTD1,0.3022232,0
MAK16,0.30205852,0
CORIN,0.30205792,0
PTPN20,0.30201736,0
ACOX3,0.3018522,0
CAPZA1,0.30168137,0
STYXL1,0.30161566,0
ANKRD50,0.3015947,0
NOB1,0.30156487,0
U2SURP,0.30133384,0
FEZF1,0.3012797,0
FGF6,0.30122933,0
DPYSL2,0.3011946,0
FABP6,0.30117115,0
TIMM9,0.3011466,0
RHCG,0.3011211,0
APOL2,0.30106217,0
DRD5,0.30100185,0
UTP15,0.3009998,0
OXTR,0.30098543,0
FAU,0.30085897,0
SCAPER,0.3007606,0
ESAM,0.30069053,0
SERPINI1,0.30054122,0
RNPC3,0.30021062,0
BRPF3,0.3002069,0
ABCC12,0.3000435,0
HECW1,0.30003148,0
NKX6-1,0.30001947,0
THAP11,0.30000716,0
ZNF462,0.29969034,0
GCAT,0.29961017,0
ZNF706,0.29945377,0
ZFC3H1,0.29936793,0
UBR7,0.29931223,0
LAGE3,0.29929185,0
SDCCAG8,0.299279,0
SETD3,0.29923388,0
TBX18,0.2991992,0
WDR13,0.2990768,0
SLC22A23,0.29901755,0
SNCG,0.298943,0
USH1C,0.29894033,0
SLC12A7,0.29886156,0
CAND2,0.2988142,0
LOXL3,0.29868594,0
DACH2,0.29866332,0
NME6,0.29851615,0
ARID3B,0.2982216,0
THOC6,0.29799002,0
WNK1,0.2979111,0
ING1,0.29767346,0
LRATD2,0.29743463,0
BCL2L15,0.2974207,0
CHL1,0.29739815,0
DMPK,0.2972413,0
GIGYF1,0.29715574,0
SPATA21,0.29705125,0
ZBTB48,0.2969305,0
HOXA4,0.2968786,0
CDCA4,0.29677117,0
EN1,0.29675636,0
MIS18A,0.296656,0
EPB41L4A,0.29664418,0
CNTNAP3,0.29653987,0
GRIK5,0.29651427,0
MUC6,0.2964755,0
RGPD4,0.29638317,0
PRMT6,0.29611322,0
DDX50,0.29608715,0
SS18,0.29600456,0
GNB5,0.2959987,0
APOL3,0.29588044,0
TRANK1,0.29580933,0
RAB3B,0.29554692,0
COQ9,0.29511338,0
LYPLAL1,0.29508567,0
ENTPD2,0.29483676,0
PPT2,0.29449764,0
NANOS3,0.29432,0
TRMO,0.2943024,0
AIP,0.2942002,0
ZNF830,0.29380235,0
HECW2,0.2937096,0
SCAMP5,0.29368168,0
PRR5,0.29365468,0
EML2,0.29360226,0
MRPL22,0.29356483,0
NOVA1,0.29349485,0
TRIM67,0.29330212,0
PPM1L,0.293128,0
ATP1A4,0.29297164,0
TSKU,0.29285902,0
TMEM245,0.29282764,0
NPTX2,0.2928124,0
LHX3,0.29276967,0
DEFA1,0.29236946,0
DUSP9,0.2923628,0
GAP43,0.29200137,0
KRTCAP2,0.2919425,0
MARCHF9,0.2918041,0
ALG10B,0.29171893,0
MORC4,0.29145038,0
LRRC3,0.2913236,0
LGI3,0.29119527,0
VWA5A,0.29118305,0
MC3R,0.29115045,0
BMP3,0.29082945,0
LHFPL6,0.29060507,0
FSBP,0.29060477,0
SLC41A3,0.2902023,0
GRK4,0.29007852,0
SLC25A22,0.28999498,0
FOXR1,0.2891738,0
KCNN3,0.28912547,0
BBS1,0.2889836,0
CPLX2,0.2886073,0
SDS,0.2885245,0
AGAP3,0.2884728,0
TRAPPC3L,0.28826165,0
GAB4,0.28813758,0
DZIP1,0.28798583,0
POLR3G,0.2877938,0
MICU2,0.2876539,0
RPF1,0.28740156,0
LHX5,0.287312,0
CA7,0.28720278,0
EFCAB9,0.28713328,0
KRT23,0.2870381,0
LMNTD1,0.28701228,0
CYP4F22,0.2869885,0
XPO6,0.28694543,0
LHX8,0.2863501,0
HPCAL1,0.28596067,0
BOLA2,0.28594387,0
MUC5B,0.28593215,0
TUBB3,0.28588796,0
ARHGAP18,0.2858458,0
OSBPL9,0.2855522,0
AAAS,0.2854485,0
PAN2,0.28541496,0
ASRGL1,0.28529897,0
ST8SIA3,0.28526607,0
TNMD,0.28522676,0
SLC9C1,0.28521723,0
MKRN1,0.2851533,0
ZFR2,0.28507033,0
STAU2,0.28500092,0
RPS6KA5,0.28497428,0
GTF2E2,0.28477383,0
PDRG1,0.28474045,0
TXNDC15,0.2846586,0
ECHDC1,0.2845008,0
NCR3LG1,0.2844761,0
SLC35F1,0.2844061,0
FKBP11,0.2843252,0
COL11A2,0.28422222,0
TMEM63A,0.28418085,0
BCAS4,0.28385007,0
CDH4,0.2838274,0
MPZL2,0.2837461,0
ASPSCR1,0.28372452,0
ALDH6A1,0.28368506,0
ADPRH,0.28367776,0
HOXC10,0.28348637,0
NECTIN3,0.2834092,0
RCAN1,0.28304458,0
TEN1,0.28292015,0
AMT,0.28291598,0
PUM3,0.28273588,0
ADRA1A,0.28260177,0
SLC12A2,0.2825475,0
GALNT5,0.28248334,0
BCL7C,0.28247935,0
AFF3,0.2824009,0
FAM50B,0.28202534,0
GPR137B,0.28154495,0
LNPK,0.28143778,0
CNNM4,0.2812487,0
YBX2,0.28117082,0
ASPN,0.28115436,0
ATOH7,0.28104767,0
SLC39A12,0.28102615,0
ALDH1A3,0.28093654,0
CXXC1,0.28022072,0
ZFYVE28,0.28016892,0
MTNR1B,0.28002033,0
BHLHE22,0.27997386,0
SLC10A6,0.2799328,0
TM6SF1,0.2797991,0
RGS10,0.27976313,0
ASIC4,0.27933976,0
CLEC1A,0.2792909,0
SAMD11,0.2791833,0
TREX2,0.27915782,0
ABRA,0.27910882,0
GRAMD1B,0.27904803,0
SH3BGR,0.27902824,0
SNAPC1,0.2789765,0
KIAA1217,0.27883285,0
RDH14,0.27878717,0
FSD2,0.27867904,0
COL25A1,0.27862138,0
CLCN2,0.27839443,0
MOV10L1,0.27832946,0
CDCA7L,0.2780674,0
GH2,0.2780398,0
SCLT1,0.27802843,0
MTA2,0.27794692,0
GSTA2,0.2778927,0
TECRL,0.2776141,0
STK32C,0.27729288,0
HBM,0.27724695,0
CSNK1G2,0.2772282,0
RIMS2,0.27711514,0
NRL,0.2771037,0
UNC5A,0.27687907,0
INMT,0.27658108,0
NAT9,0.2765458,0
ANTKMT,0.27622417,0
CCDC85B,0.27611893,0
FGF22,0.27608964,0
FAM174B,0.27605286,0
POGLUT3,0.27604148,0
CKMT2,0.27600026,0
HCN2,0.27596036,0
TBC1D9,0.2754962,0
FSHR,0.2752509,0
AURKAIP1,0.27506438,0
UCK1,0.2747694,0
CNNM3,0.27476132,0
ESRP2,0.27457985,0
STRN3,0.27449885,0
PCNX1,0.27435908,0
NEU2,0.27435517,0
NME4,0.27431428,0
DKK2,0.27422544,0
USP42,0.27414206,0
CEP20,0.27412134,0
ARHGAP20,0.27356333,0
KCTD15,0.27346826,0
CNN3,0.27345526,0
NUDT19,0.27341902,0
PRDM9,0.27332172,0
RNF122,0.27311465,0
TAF11,0.27295405,0
HS6ST3,0.27293763,0
BHMT2,0.2729251,0
CPED1,0.27286768,0
AMN1,0.27281475,0
ANO6,0.2727207,0
MAST3,0.27262405,0
INPP5K,0.27247244,0
HSPA12A,0.27247167,0
CDC42SE1,0.2724609,0
KCTD5,0.27230814,0
PDE8A,0.2721956,0
ACSL1,0.272122,0
UTP25,0.27210724,0
TESPA1,0.2716843,0
LSM7,0.27166376,0
UBL7,0.2715208,0
DGKQ,0.271475,0
ARL6IP1,0.27143887,0
RAB43,0.27119544,0
ZNF346,0.27102503,0
C18orf25,0.27095467,0
MAST1,0.27080202,0
GID8,0.27078122,0
RNF165,0.27074254,0
SLTM,0.27045614,0
KCNK12,0.27045578,0
DDX53,0.27044794,0
MTMR7,0.27029154,0
EIF1AD,0.27027944,0
PLXNB2,0.27020139,0
EXTL1,0.2700787,0
ZSCAN2,0.26994315,0
PDZK1,0.2698917,0
FXR2,0.26982087,0
SLFN5,0.26979822,0
FRRS1L,0.26975232,0
SMCHD1,0.26971078,0
DNAJC15,0.2697037,0
DTNA,0.26969308,0
FAM83H,0.2696907,0
SERPINB12,0.26968622,0
ACAD10,0.26967764,0
ANKS3,0.26944867,0
XYLB,0.26917046,0
SVOP,0.26917014,0
FUT10,0.26898503,0
LGI2,0.26893628,0
HES7,0.26888758,0
NIPSNAP3A,0.26883236,0
NRBP2,0.26861554,0
PGA4,0.26855528,0
TMEM70,0.2684571,0
CPEB2,0.26845247,0
KLRG2,0.26844814,0
RHBDL1,0.26825482,0
PFN4,0.2682319,0
SUMF2,0.26820955,0
CCKAR,0.26814732,0
CYP2J2,0.26801842,0
A4GALT,0.26738825,0
KRT75,0.2672201,0
NETO2,0.26718804,0
ABT1,0.26698968,0
HSPB7,0.2669378,0
EIF2AK1,0.26683515,0
ACTR1B,0.2665845,0
FKBP15,0.2665574,0
GUCY1A2,0.26654735,0
WDR31,0.2664848,0
SLC17A4,0.26645473,0
ID4,0.26642144,0
PPP1CB,0.26637238,0
RASSF6,0.2663369,0
AKR1C4,0.26619288,0
GRAMD2A,0.26615614,0
RPS27L,0.2661259,0
TENM2,0.26612222,0
GNAT2,0.26589084,0
MPHOSPH9,0.26582858,0
CKB,0.26569092,0
WHAMM,0.26552805,0
FXYD3,0.2654249,0
OXSR1,0.26539367,0
MAOB,0.26538858,0
AHCYL1,0.26525685,0
CBR4,0.2651982,0
CYP26B1,0.26512435,0
HROB,0.26489973,0
TADA2A,0.2648482,0
CAPNS2,0.26474783,0
SRSF11,0.26440224,0
DIP2A,0.26431003,0
CRIP3,0.2642875,0
IQSEC3,0.26417893,0
ENDOU,0.2641101,0
RESP18,0.26403156,0
EIF3D,0.26381674,0
SH3YL1,0.2638045,0
STEEP1,0.26349416,0
RFX7,0.26341558,0
MALL,0.26340476,0
GTF2A1,0.26331148,0
ZNF330,0.26313284,0
AKAP6,0.2629719,0
MRPL45,0.26286477,0
CFAP20,0.26279166,0
PANX2,0.26276374,0
CNGA4,0.26270354,0
GADL1,0.26267335,0
TSPYL2,0.26265743,0
ENTPD6,0.2625701,0
RETREG3,0.26252788,0
GRIN2D,0.26239634,0
CADM3,0.26226634,0
ATP6V1E2,0.26220983,0
INHBC,0.26219743,0
CCDC115,0.26205367,0
KLHDC9,0.26188406,0
CYP2U1,0.2617041,0
PRMT8,0.26148254,0
VTCN1,0.26144072,0
DTX3,0.2613324,0
SNX13,0.26132858,0
ASCL1,0.26120055,0
NR2E3,0.26103273,0
SRRD,0.26102898,0
RANBP6,0.2610106,0
MCTP2,0.26086584,0
NODAL,0.26082122,0
KLHL15,0.26081058,0
NAPG,0.26071545,0
ACAD8,0.26057842,0
HOXB9,0.26034155,0
ASTL,0.26033187,0
ZNF185,0.26026544,0
RDH5,0.26021776,0
PABPC3,0.2601727,0
COBLL1,0.26008835,0
LRRC23,0.26007628,0
AUNIP,0.25986937,0
BSDC1,0.2597996,0
OSBPL2,0.2597594,0
COX20,0.25945082,0
CACNA2D2,0.2593889,0
WTAP,0.25929427,0
WDFY2,0.2591363,0
KMT2E,0.2591282,0
ATP6V1F,0.25893,0
BTBD16,0.2587787,0
TTLL9,0.25862888,0
CYP2R1,0.25861835,0
DHX40,0.2586149,0
MAPK1IP1L,0.25851408,0
CYRIB,0.25834656,0
ALKBH8,0.25819898,0
GGT7,0.2581549,0
NSRP1,0.2581541,0
WDSUB1,0.2581325,0
PWP1,0.2579587,0
CDK20,0.25781846,0
HEATR5A,0.25765932,0
CNKSR2,0.2576276,0
RTP3,0.25757807,0
PDE1C,0.257571,0
SLC24A1,0.25738308,0
JRK,0.25720176,0
PAPSS1,0.2571858,0
SMG1,0.25718018,0
BARX2,0.25706366,0
PTCD3,0.25697207,0
LNX1,0.25696898,0
ARMT1,0.25688893,0
PKNOX2,0.25687605,0
PEDS1-UBE2V1,0.25666565,0
ZC4H2,0.25658885,0
OPTC,0.25634265,0
SKOR1,0.25611264,0
SPC24,0.25595024,0
RXFP2,0.25590146,0
ACTBL2,0.25563607,0
PDZK1IP1,0.25560504,0
TNNC1,0.2555597,0
CCNP,0.25554165,0
PREPL,0.25548863,0
RRP1,0.25539714,0
EXD3,0.25528574,0
LORICRIN,0.2551503,0
GABBR2,0.25498822,0
GTF2A2,0.25473145,0
GUCA2A,0.25470662,0
HPS3,0.25465792,0
ADD1,0.25459054,0
HTR2A,0.2542788,0
GPR162,0.25422966,0
DDIT4L,0.25420064,0
TMPRSS5,0.25409812,0
TRPC4AP,0.25409523,0
ARMC9,0.25395232,0
DHRS1,0.25393376,0
TSPAN31,0.25389004,0
RP1L1,0.25384158,0
INTS13,0.25348333,0
ING4,0.25335655,0
TRDN,0.25328583,0
SNX19,0.2530286,0
GNRHR,0.25282753,0
SPSB4,0.25279212,0
PRSS33,0.25272548,0
GRK3,0.25267705,0
TMEM259,0.25260076,0
NDUFAF2,0.25253573,0
OTUD1,0.25245366,0
KIF6,0.25243825,0
SUSD3,0.25236866,0
PDXK,0.25233766,0
GPRC5B,0.25227264,0
AMY1B,0.25224376,0
VPS26B,0.25188974,0
FXR1,0.25162587,0
SYN3,0.25162113,0
C9orf78,0.25119665,0
FAM120B,0.25105554,0
SLC2A4RG,0.25102437,0
RPL31,0.2509988,0
SEC14L2,0.2509579,0
NRIP1,0.25089076,0
TRIR,0.25084525,0
NIM1K,0.25078148,0
ANKRA2,0.25057974,0
MPRIP,0.25057307,0
ANKRD17,0.25056413,0
BSX,0.2504951,0
KIAA1328,0.2504296,0
SPINT1,0.25042957,0
TUT7,0.25033584,0
TRPV6,0.25024626,0
WASHC3,0.2502164,0
THOC1,0.25014144,0
BRS3,0.25013676,0
TBCB,0.25012726,0
RGL4,0.25005564,0
ACKR4,0.24989368,0
CCN6,0.24986191,0
DPM3,0.24969143,0
CNGB3,0.2496222,0
SNTG2,0.24958892,0
VSIR,0.24951366,0
SAG,0.2493364,0
KCNJ4,0.24931435,0
HEMGN,0.24930902,0
KRI1,0.2492488,0
NRF1,0.24916074,0
NRBP1,0.24912572,0
KCTD12,0.24895915,0
SALL4,0.24889605,0
NDRG2,0.2487906,0
OLFM2,0.24874324,0
LRRTM3,0.24862283,0
BARX1,0.24855942,0
ASB4,0.24855235,0
CPA5,0.24849345,0
TOR1AIP2,0.2483249,0
C1QTNF4,0.24828093,0
NKX2-6,0.2481135,0
PRTG,0.24809031,0
PCDH1,0.24791647,0
IFT57,0.24784501,0
NAV3,0.24767162,0
DCAF6,0.24752527,0
S100A11,0.24740197,0
RRP7A,0.24738203,0
MBD3,0.2472263,0
CCNL1,0.24718696,0
LXN,0.24716066,0
SH3BGRL,0.24705967,0
GFRA2,0.24703863,0
STMN2,0.24702042,0
PTAR1,0.2470192,0
UXS1,0.24697588,0
MRPL41,0.24665128,0
CEP76,0.246414,0
SYT11,0.24629863,0
CNN1,0.24621506,0
MTUS1,0.24607404,0
H1-4,0.24579829,0
GPA33,0.24576156,0
GPRC5C,0.24571754,0
DGKZ,0.24569261,0
LRRC46,0.24552055,0
HDHD5,0.24540105,0
WRAP73,0.24528667,0
N4BP2L1,0.24528578,0
GJB2,0.2452029,0
ZYG11A,0.24503092,0
TTC36,0.24499983,0
PABPN1,0.2448783,0
ARRDC1,0.24472779,0
CTBP2,0.24459624,0
RRP15,0.244574,0
STXBP6,0.24448007,0
IRX4,0.24430904,0
REEP4,0.24429922,0
RPL7L1,0.24389632,0
JPH2,0.24377052,0
HSD17B11,0.24366035,0
LCMT2,0.24353854,0
ANAPC16,0.24347487,0
SBSN,0.24342476,0
SLFN12,0.2434042,0
PHYKPL,0.2433636,0
BDKRB2,0.24335341,0
RGL2,0.24326624,0
SLC22A3,0.24318384,0
RIN2,0.24313997,0
H1-10,0.24312255,0
MC4R,0.24296713,0
ERP27,0.24270457,0
SNCAIP,0.24261753,0
ZNF512,0.24232145,0
PHKG1,0.2422598,0
PRKAR1A,0.24220519,0
HGH1,0.24219657,0
EFCAB13,0.24216032,0
ODF1,0.2419487,0
BMPER,0.24189296,0
HLF,0.24186881,0
ATMIN,0.2417159,0
ABRACL,0.24170244,0
IFT20,0.24148363,0
SNX25,0.24122283,0
BORCS8,0.24097352,0
TBC1D20,0.24097201,0
MRPL34,0.24096368,0
ARHGAP36,0.24094422,0
MOSPD1,0.24085352,0
ATXN2L,0.24056968,0
GPRASP1,0.24042745,0
C2CD2L,0.24011847,0
KLHL29,0.24005488,0
STK35,0.23987739,0
ZNF473,0.23979641,0
CCDC25,0.23976922,0
ST3GAL5,0.2395739,0
ADCY5,0.23954053,0
KCNH3,0.23950115,0
DENND4B,0.23934512,0
UFL1,0.23927087,0
NLGN3,0.23914863,0
GNG10,0.23913372,0
MED10,0.23873635,0
ENOX1,0.23846659,0
ULK4,0.2383313,0
SH3RF2,0.23818265,0
ELMOD1,0.23806252,0
METTL15,0.2380526,0
FRY,0.23793377,0
COX17,0.23789825,0
SPZ1,0.23760019,0
GPR6,0.23758738,0
MAGEA3,0.23757549,0
CALB2,0.23757349,0
GLRA3,0.23748499,0
MCF2L2,0.23738697,0
ND3,0.23725796,0
MYLK4,0.23708564,0
RAB30,0.23703383,0
PPP6R2,0.23696338,0
SERGEF,0.23682547,0
NLRP14,0.23678541,0
GRIK3,0.23671816,0
CCDC170,0.2365619,0
PLA2G4B,0.23628987,0
MED12L,0.23626043,0
SLC26A5,0.23619175,0
TXNDC12,0.23611546,0
TMEM18,0.2361126,0
DIP2C,0.23597582,0
AP5B1,0.23588157,0
THAP7,0.23580125,0
PHYH,0.23571748,0
JRKL,0.23571096,0
NXT2,0.23570095,0
BCL2L10,0.23532881,0
FBXO2,0.23531146,0
ZBTB40,0.2351221,0
KLHL17,0.23468937,0
ABCC11,0.23467632,0
FIBIN,0.23466344,0
C15orf48,0.23464239,0
RHOBTB3,0.23445404,0
TLX2,0.23442201,0
TRIM3,0.23410836,0
TBX6,0.23382863,0
DCDC2,0.23380247,0
NR6A1,0.2337975,0
MCUB,0.23373798,0
PCOLCE2,0.23354436,0
NRSN2,0.23354137,0
TMEM126B,0.23337924,0
MYBPC3,0.23334196,0
FRMD8,0.23330536,0
SYT8,0.23309283,0
ADAD1,0.23291759,0
ITIH5,0.23259509,0
AANAT,0.2325605,0
PPP3CA,0.23250061,0
EFR3A,0.23249143,0
LUZP2,0.23247878,0
CEP85L,0.23237175,0
STON1,0.23235957,0
PRG3,0.23226723,0
DACT2,0.2322323,0
FBXO17,0.23174687,0
NR2F6,0.23142305,0
PIGH,0.23127656,0
VSIG1,0.23125271,0
TAAR1,0.23124315,0
SHOX2,0.23122296,0
FAM3D,0.23096152,0
FBXO45,0.23095854,0
ACSM1,0.23082127,0
MIS18BP1,0.23075421,0
PPIL6,0.23062216,0
ABCA2,0.23055229,0
EMC8,0.2305329,0
EXD2,0.23038548,0
GNB4,0.2302979,0
TMEM33,0.23029253,0
SLC6A2,0.23024862,0
FRS2,0.22991231,0
ARMC6,0.22990808,0
RSL1D1,0.22974001,0
UCKL1,0.22937192,0
GTSF1,0.22933048,0
REPIN1,0.22931382,0
ASCC1,0.22921138,0
GPC2,0.22912462,0
DSG2,0.22896847,0
MARCHF3,0.22882007,0
MRPL23,0.22868599,0
HMGN4,0.22849374,0
ADAM32,0.22847416,0
HSPB6,0.22840613,0
PRSS56,0.22827904,0
INHBB,0.22824639,0
NDRG4,0.2281918,0
ACSBG2,0.22817934,0
KLK2,0.22799857,0
FRMD5,0.22795433,0
SEPTIN1,0.22792856,0
H3-3B,0.22772823,0
KLRC3,0.2275521,0
GNB1L,0.22745979,0
CITED4,0.22739086,0
TYW1,0.22719844,0
MTG2,0.22713383,0
FNDC5,0.22709477,0
ATP11B,0.22692835,0
MDGA1,0.22690824,0
PARP15,0.22662613,0
NPR1,0.22640584,0
SLC41A2,0.22639912,0
FARP2,0.22629087,0
LRRC61,0.22611202,0
PLCD1,0.22597808,0
MIEN1,0.2259629,0
PBX2,0.22595903,0
PLLP,0.22592491,0
SEC14L5,0.22592174,0
STMN3,0.22581826,0
NPHP3,0.22580989,0
SRD5A1,0.22570452,0
MFSD2A,0.22564818,0
STRA6,0.22562632,0
ZNF616,0.225514,0
ABAT,0.22539721,0
C1orf116,0.22529043,0
KCNRG,0.22516388,0
PPP2R5A,0.22509284,0
CLCNKA,0.22488028,0
HOXB3,0.22481208,0
CHST13,0.22473565,0
CHMP1B,0.22473368,0
PMP2,0.22456709,0
ZC3H14,0.22439426,0
DNAJC4,0.22430806,0
SBNO1,0.22391768,0
ELAC1,0.22391294,0
TOR1AIP1,0.22390689,0
ABHD2,0.22386146,0
CARD19,0.22381596,0
FOCAD,0.223577,0
MST1,0.22350186,0
BSN,0.2234499,0
TUT4,0.22341391,0
MEX3A,0.2232996,0
SLC27A1,0.22312008,0
STOML3,0.22309357,0
GARNL3,0.22307199,0
SULT4A1,0.22296773,0
LDAH,0.22296579,0
EXOC3L1,0.2226831,0
RNF187,0.22262412,0
RPL28,0.22244112,0
CACNA2D1,0.22239831,0
MAL,0.22214563,0
LIPH,0.22209227,0
ARHGEF10L,0.22208297,0
VEGFB,0.22202973,0
KLHL40,0.22157353,0
CTBS,0.22135273,0
SELENOI,0.22132938,0
PLA2G2D,0.221278,0
CEP131,0.220876,0
TLX3,0.22076799,0
NUP188,0.22071423,0
SLC52A3,0.22063574,0
NCDN,0.22060776,0
SCRG1,0.22054678,0
SPATA2,0.22032532,0
PRKAR2A,0.22027725,0
LRRC4B,0.22002256,0
MAP3K20,0.22002092,0
PP2D1,0.21986303,0
MYBPHL,0.21984193,0
MUCL3,0.21975766,0
ZC3H12B,0.21942604,0
KLHL10,0.21940461,0
MINDY2,0.21884914,0
GFOD2,0.21873331,0
ASB6,0.21856712,0
CEACAM21,0.21837021,0
TTPAL,0.21835425,0
INHA,0.21834244,0
NAP1L5,0.21832125,0
KCTD13,0.21826431,0
UTP14C,0.2180967,0
TMOD4,0.21802515,0
TMEM25,0.21800742,0
FAM117B,0.21799101,0
ST6GALNAC1,0.21790317,0
RBP2,0.2178562,0
UBL5,0.2178114,0
SLC25A39,0.21776913,0
GLIS1,0.21774854,0
HDAC8,0.21772486,0
FDX2,0.21768416,0
MEOX1,0.21748985,0
MS4A6E,0.21729024,0
SH3BGRL3,0.21715403,0
GNG7,0.21704192,0
ADAM22,0.21694,0
TYSND1,0.21688884,0
EMC6,0.21650404,0
GEMIN5,0.21645822,0
CCDC15,0.21640229,0
TRMT1,0.21640036,0
DUSP14,0.21616389,0
RBM47,0.21606708,0
DGCR6L,0.2158935,0
DMRTA2,0.21581419,0
ZNF7,0.21580589,0
DNAH7,0.21576262,0
PDILT,0.21560678,0
ZBED4,0.21552381,0
CPNE4,0.21549849,0
SUGP2,0.21547705,0
SBK1,0.21545638,0
PDZD8,0.21545097,0
ZRANB2,0.21533872,0
WBP2NL,0.21521997,0
WDR7,0.21519677,0
ANKRD2,0.21510209,0
UNC50,0.21494512,0
LRP3,0.21494177,0
BEX2,0.2149352,0
TNNI1,0.21488175,0
SHF,0.21479253,0
HSD17B14,0.21478131,0
MGAT2,0.21472895,0
CYP4F2,0.21466428,0
SPHKAP,0.21456014,0
VPS8,0.21454047,0
PGAM2,0.21440725,0
MRPL4,0.21437724,0
FGF5,0.21435158,0
MARVELD2,0.21408145,0
ARFGEF3,0.21392564,0
GALNT1,0.21377973,0
SERPINB4,0.2137289,0
CMYA5,0.21370848,0
ZDHHC7,0.21369348,0
EVPLL,0.21357267,0
OLFML2B,0.21357214,0
HCN3,0.21350376,0
RGS6,0.2128318,0
NALF2,0.21272513,0
ZNF385B,0.21269299,0
WEE2,0.21260655,0
GABRG1,0.21246886,0
CNPY4,0.21223344,0
FREM3,0.21211936,0
PPP1R9A,0.21209684,0
DNM3,0.21198578,0
NPDC1,0.21188407,0
DPM2,0.21184072,0
QDPR,0.21176857,0
NRN1,0.2117485,0
LDLRAD4,0.21173656,0
SLC25A41,0.21166389,0
GREM2,0.21163917,0
FRMPD4,0.21162058,0
CRACD,0.21157125,0
CAPZA3,0.21147671,0
DYNLRB2,0.21125172,0
UFC1,0.21120499,0
MAGIX,0.21120043,0
CAPS2,0.21119462,0
TESK2,0.21109481,0
AMPD3,0.21074753,0
ALDH7A1,0.21069454,0
ZNF704,0.21063924,0
FKBP1A,0.21063688,0
UTP14A,0.21056475,0
NAP1L2,0.21055987,0
ANGPT4,0.21046111,0
ANKZF1,0.21045917,0
LRMDA,0.2103264,0
MFSD6,0.21030273,0
USP6NL,0.21026255,0
NSG2,0.2102506,0
ANKS6,0.21006064,0
ANKHD1-EIF4EBP3,0.21000698,0
PLXNC1,0.20989366,0
SPAM1,0.20979592,0
MISP,0.20968129,0
NUFIP1,0.20952839,0
MRPL51,0.20950331,0
GPM6A,0.20947105,0
TMEM39B,0.20946594,0
MTSS2,0.20939411,0
LANCL2,0.2091696,0
ABTB2,0.20905079,0
ZNF30,0.20896776,0
PRLHR,0.20864339,0
ASZ1,0.20861056,0
TSPAN2,0.2080052,0
DSE,0.20799413,0
TCEA3,0.2076333,0
CNTF,0.20760666,0
TASP1,0.20758717,0
TM2D2,0.20753856,0
MDH1B,0.20740159,0
RPS25,0.20738126,0
ANKRD30BL,0.2073795,0
TUSC1,0.20725623,0
INTS3,0.20713536,0
PHF19,0.20708145,0
PCTP,0.2069838,0
KLHL14,0.20683947,0
ZNF189,0.20682992,0
MRPS31,0.2067595,0
COA5,0.20673524,0
VPS50,0.20669831,0
CYP4B1,0.206539,0
ZNHIT2,0.20648995,0
S100A14,0.20647928,0
CEP57,0.20646596,0
PLA2G12A,0.20613873,0
ZFP57,0.20596541,0
PRXL2A,0.20564245,0
TSEN15,0.2054964,0
FASTKD1,0.20549105,0
CILK1,0.2054527,0
SLC7A3,0.20535828,0
RSPH14,0.205358,0
MRPL47,0.20516902,0
ZNF652,0.20501767,0
PTGES,0.20482059,0
MANEA,0.20464492,0
RIC8B,0.20460494,0
PYROXD1,0.20430034,0
MDM1,0.2041249,0
ARSH,0.20408443,0
PAM16,0.20385292,0
SLC39A2,0.20382911,0
VPS54,0.20381655,0
OLFML3,0.20379722,0
FAM110A,0.20363937,0
LRRC4C,0.20354411,0
MGAT3,0.20348352,0
PHYHIP,0.20348276,0
CALB1,0.20344992,0
PASK,0.20342387,0
GAL3ST3,0.20319685,0
EXD1,0.2031906,0
SH2D4A,0.20287743,0
IRF2BPL,0.20284182,0
ELK3,0.20283988,0
SPINT2,0.20268796,0
SPSB3,0.20236318,0
LETM2,0.20215446,0
SELENOK,0.20201102,0
TMEM132B,0.20176741,0
HSPB9,0.2016721,0
DEFA4,0.20163454,0
RNASE3,0.20149575,0
KBTBD2,0.20146763,0
MR1,0.20146056,0
IST1,0.20144136,0
PDCD2L,0.20118406,0
ACOT2,0.20114787,0
EMX2,0.2010098,0
WNK3,0.20099638,0
NRDE2,0.20064966,0
KAT7,0.20063472,0
MFSD2B,0.20061113,0
TRMT112,0.20060247,0
CES3,0.20042156,0
ZNF57,0.2003874,0
ZNF215,0.20032607,0
SLC22A13,0.20031124,0
TBC1D7,0.2001763,0
PALM,0.2001755,0
POLR2K,0.20016715,0
DNAH1,0.20013708,0
TAX1BP3,0.20011048,0
APLNR,0.20009576,0
DPPA4,0.19998261,0
SLC6A11,0.19993025,0
TBC1D10B,0.19990468,0
RNF145,0.19986978,0
TIMM10B,0.19971037,0
NHLH1,0.19969824,0
PPM1H,0.19950482,0
UQCRB,0.19947125,0
HSBP1,0.19944817,0
ZHX3,0.19943596,0
EBPL,0.19922006,0
SLC16A10,0.19873938,0
ZBTB43,0.19860256,0
THAP12,0.19859372,0
GUCA2B,0.19854993,0
WNT8B,0.1984276,0
DES,0.19829936,0
FOXB1,0.19829537,0
POP5,0.19829369,0
TAFA4,0.19827077,0
HHATL,0.19818042,0
TRIML1,0.19812703,0
PLSCR2,0.19796321,0
SLC25A44,0.19787173,0
CDYL,0.19785522,0
ORMDL1,0.19785489,0
MYRF,0.19782364,0
MIEF1,0.19778405,0
ADGRF5,0.1977005,0
PPP2R5B,0.19762687,0
MAIP1,0.19761279,0
CHRNA5,0.19759317,0
NABP1,0.1974884,0
B3GALT4,0.19739072,0
SHOC2,0.19737211,0
CHCHD6,0.19732516,0
NPHP1,0.19730082,0
SPIN1,0.19728632,0
ZPR1,0.19725636,0
GPR22,0.19717874,0
TAGLN3,0.1964903,0
XKR6,0.19643478,0
ABCA6,0.19642456,0
ZP3,0.19641067,0
ANK1,0.19623408,0
ZCCHC14,0.19618762,0
YPEL3,0.19614069,0
TCIM,0.1960665,0
CPEB4,0.19605812,0
CWF19L2,0.19601458,0
MBLAC2,0.1959572,0
GLCE,0.19582318,0
TRIL,0.19582178,0
CDK15,0.19573146,0
DHRSX,0.19560117,0
WSCD2,0.19555515,0
MSS51,0.19553159,0
TASOR2,0.19544618,0
KCTD11,0.19543335,0
TSEN34,0.19537915,0
GPN3,0.19533874,0
OSGIN2,0.1952233,0
NPSR1,0.19519454,0
GRM3,0.19514227,0
HPSE2,0.19478239,0
ZNHIT3,0.19455023,0
JADE1,0.19452058,0
DRGX,0.19449836,0
SEMA7A,0.19429241,0
PLXNB1,0.19380084,0
SCFD2,0.19362298,0
NYNRIN,0.19355485,0
NOC4L,0.19340813,0
CRELD2,0.19340682,0
ANKRD44,0.19322535,0
GKN2,0.19315915,0
NBEAL1,0.19303894,0
SIGMAR1,0.19291937,0
PKIA,0.19291899,0
TCP11L2,0.19271383,0
CROCC,0.1926905,0
PUM2,0.19268574,0
SLC25A21,0.192656,0
SIX4,0.1925871,0
PLK5,0.19252625,0
PARP16,0.19236457,0
NSA2,0.19205244,0
NENF,0.19176143,0
MESP2,0.1916066,0
SLC16A12,0.19158262,0
ADTRP,0.19141133,0
C1orf162,0.19140057,0
RAB41,0.19137822,0
TOB2,0.1910279,0
ENGASE,0.19083354,0
NPM2,0.19077161,0
UTP4,0.19055444,0
MTMR8,0.19033505,0
NANP,0.19031925,0
BUD23,0.19028434,0
AOC2,0.1900435,0
PPP2R2C,0.18992563,0
NLRP5,0.18984215,0
SARAF,0.18976042,0
GDF1,0.18968065,0
EBF2,0.18966495,0
EDN2,0.18960442,0
MAML3,0.18937002,0
TBC1D22B,0.1893454,0
KLHL25,0.18908958,0
ACRBP,0.18889931,0
SLC6A13,0.1888753,0
ANKRD30A,0.18886416,0
CKAP2,0.18880612,0
LCE3D,0.18837297,0
TBC1D9B,0.18831319,0
UTP23,0.18828543,0
ELP6,0.18826276,0
NUDT8,0.18787059,0
CYP26A1,0.18779753,0
CWC25,0.18779576,0
NACA,0.18770637,0
MAB21L2,0.18760091,0
FKRP,0.18755235,0
CACNG7,0.1875282,0
LCE3B,0.18739723,0
NUFIP2,0.18738145,0
PCBD1,0.18718286,0
NALF1,0.18712881,0
SLC22A1,0.18712734,0
KCNK1,0.18704231,0
GREB1L,0.1868849,0
GXYLT1,0.1866092,0
MYPN,0.18659382,0
ELP4,0.18652007,0
PRR14,0.18632425,0
SV2C,0.1862349,0
ANKLE2,0.18581389,0
NUDT3,0.18563552,0
NDUFAF7,0.18562059,0
KLHL34,0.18561994,0
TEX11,0.18560316,0
ADH6,0.18559432,0
RYR1,0.18558663,0
MUC17,0.18557514,0
RETREG2,0.18551277,0
AOX1,0.18527426,0
ETHE1,0.18519172,0
ING5,0.18518968,0
PNO1,0.1851424,0
CLVS1,0.18494706,0
KCNS1,0.1848912,0
MMRN1,0.18471028,0
ADIG,0.18467452,0
FZD1,0.18464138,0
MRPL46,0.18459004,0
RSBN1,0.18458465,0
RMND5B,0.18447067,0
NINJ2,0.18444826,0
HELT,0.18436755,0
ZNF628,0.1842733,0
OSBP2,0.18425171,0
ZMAT2,0.18422925,0
MAN1C1,0.18401623,0
GIGYF2,0.18380621,0
LIMS4,0.18379775,0
TXNDC2,0.18370897,0
ZNF518A,0.18340449,0
LINGO2,0.18318522,0
ABHD8,0.18310793,0
HAUS1,0.18302207,0
HOXC11,0.18298453,0
CEND1,0.18290406,0
ABHD14B,0.18286353,0
GPR89B,0.18277788,0
APOBEC3H,0.18275604,0
TNFAIP8L3,0.18258253,0
INO80D,0.18255189,0
CGN,0.18246369,0
KHNYN,0.18246226,0
CCDC92,0.18229131,0
DRD2,0.18223935,0
SAP30,0.18212877,0
TMEM63C,0.18211488,0
UPF3B,0.1820966,0
PRKAR1B,0.18209304,0
MOK,0.18193637,0
B3GNT7,0.18192554,0
SIRPD,0.18183866,0
SUSD1,0.18176503,0
CAPN10,0.18169098,0
USP26,0.1816025,0
HMGN2,0.18154787,0
MRPS17,0.18146643,0
SYTL4,0.18131332,0
NAPEPLD,0.18120936,0
SUN5,0.18115444,0
RNF144A,0.18104617,0
GABRA2,0.18102607,0
SOX30,0.18102032,0
TMEM243,0.1809812,0
RGS16,0.18083748,0
KASH5,0.18064786,0
SEMA4C,0.18061271,0
GDF6,0.18055142,0
DNAJC5B,0.18050463,0
OARD1,0.18027599,0
HHIPL1,0.18019149,0
ABHD17B,0.179951,0
BAMBI,0.17974891,0
LY6H,0.17951362,0
MID1IP1,0.1794023,0
ZNF22,0.17932555,0
CD163L1,0.17932351,0
PSMC3IP,0.1791777,0
NET1,0.17893517,0
TPSD1,0.17890106,0
FRYL,0.17875071,0
GALNT17,0.17863938,0
GRIN2C,0.17858827,0
TTYH2,0.1784667,0
SOX1,0.17840888,0
PLEKHG6,0.17827985,0
SYT12,0.17817079,0
AKR7A3,0.17815596,0
SAMD5,0.17812085,0
SASH1,0.17809266,0
MORN4,0.1780289,0
CHIC1,0.17799827,0
CHCHD7,0.17797363,0
TIPRL,0.1778316,0
COX6C,0.17766464,0
SGK2,0.17765583,0
RBM19,0.17736983,0
TBC1D25,0.17731042,0
PNLIPRP1,0.17719455,0
ACAD11,0.17705996,0
S1PR3,0.17702402,0
PRDM6,0.1770151,0
FMO3,0.17701466,0
CABP5,0.17701353,0
ARL13A,0.17686754,0
MIEF2,0.17686738,0
NDUFAF3,0.1767578,0
ZNF79,0.17652845,0
METTL5,0.17650226,0
CHST12,0.17644572,0
CAPN8,0.1762169,0
LIN7A,0.17618231,0
THUMPD3,0.17617762,0
PLA2G4E,0.17600901,0
PSMG3,0.17598823,0
CYP4F12,0.17597103,0
KLHL41,0.17588022,0
NUDT6,0.17582576,0
PABPC1L,0.17579938,0
SGTB,0.17577495,0
ADCY4,0.1757148,0
PMP22,0.17514196,0
PTH2R,0.17509247,0
TMEM38B,0.1750348,0
ANO9,0.17500228,0
CCDC34,0.17497145,0
TMEM106A,0.17494209,0
PPIL2,0.17486653,0
CCDC85A,0.17485097,0
RNF17,0.17469107,0
SHC3,0.17467764,0
SURF6,0.17454779,0
CACNA1S,0.17450291,0
MLLT6,0.17449635,0
GABRA3,0.17449021,0
SLC38A7,0.17447622,0
BLVRB,0.17426074,0
GLT8D1,0.17423734,0
ACSM5,0.17411095,0
RBM42,0.17406729,0
TSPAN11,0.17403083,0
EFHC1,0.17396712,0
PWWP3A,0.17377856,0
TEDC2,0.17370646,0
AMY2B,0.17370206,0
RNF215,0.17362316,0
TMEM67,0.17339726,0
DEPP1,0.17337157,0
DACT3,0.17331567,0
ZNF417,0.1732864,0
HYDIN,0.17311394,0
DCC,0.17306069,0
EDN3,0.17294425,0
NIPSNAP3B,0.17288716,0
LAD1,0.17286378,0
SYT6,0.17283903,0
VILL,0.17277466,0
B4GALNT3,0.17267072,0
TDRD7,0.17266852,0
ZPBP,0.17264703,0
FAM114A2,0.17254207,0
NPAS4,0.17190123,0
TRIM2,0.17184652,0
ANKRD36B,0.17169905,0
MED11,0.17159031,0
FMO4,0.17153922,0
CASQ2,0.17153466,0
ATP6V1G3,0.17153159,0
ROBO3,0.17146094,0
ELFN1,0.17139472,0
ACAA1,0.17139174,0
GUCY1B1,0.17121914,0
ZFAT,0.17109194,0
GABRR1,0.1709788,0
MYRIP,0.17094551,0
ETV2,0.17088206,0
CEACAM4,0.17061645,0
TMEM60,0.17061366,0
GLYR1,0.17055021,0
CTIF,0.16990046,0
MRPL42,0.1698301,0
ZNF587,0.16982634,0
PWWP2A,0.16981992,0
SF3B6,0.16973293,0
POMK,0.16970791,0
TRAPPC2,0.16956113,0
VIPR1,0.16955851,0
PRSS21,0.1694921,0
MYOM1,0.16947019,0
DLGAP4,0.16935645,0
OTP,0.16927245,0
EMX1,0.16925643,0
FKBP6,0.1692369,0
CD300E,0.16922922,0
HMGN1,0.16919897,0
WDR83,0.16916065,0
SNTB2,0.16914271,0
RPS6KA6,0.16881952,0
MOB3C,0.16880715,0
SPR,0.16879238,0
VGLL1,0.16876918,0
SRD5A3,0.16874078,0
C1orf141,0.16871694,0
TCERG1L,0.16871141,0
SHISA9,0.16865087,0
RAB26,0.16848004,0
TAMM41,0.16831796,0
CYP2F1,0.16827941,0
CNPY1,0.16824019,0
FHIP2A,0.1682008,0
KCNG4,0.16811816,0
ZFPL1,0.16810554,0
PRKD3,0.16808729,0
GEMIN8,0.16798532,0
TBC1D23,0.16798371,0
CPA2,0.16779253,0
GPR153,0.16752617,0
PUS7L,0.1674585,0
IZUMO1,0.16736177,0
SLITRK4,0.16731681,0
HAND1,0.1670978,0
GRAMD2B,0.16699447,0
VMO1,0.16694163,0
STK38L,0.16684961,0
ZBTB3,0.1667845,0
OCM,0.16661648,0
TSR2,0.16657145,0
SPRYD3,0.1665672,0
PSD2,0.1665268,0
NKPD1,0.16600497,0
PEX11B,0.16599093,0
CACNA2D4,0.16573596,0
XIRP2,0.16569516,0
TMPPE,0.16553597,0
CELA2A,0.16550682,0
KLK10,0.16512975,0
CCM2,0.16499896,0
RGCC,0.1649045,0
KCNV2,0.16488633,0
FAM151A,0.16485964,0
PRG2,0.16454993,0
PRIMA1,0.16451105,0
LBX1,0.1645013,0
TCAF2,0.16418192,0
CACNB4,0.16407359,0
ZFYVE26,0.16399053,0
ABHD3,0.16387127,0
SAMD1,0.16380446,0
MSGN1,0.16363902,0
ZCWPW1,0.163535,0
CYP2C18,0.16341701,0
ADAMTSL3,0.16338256,0
TPPP2,0.16330393,0
TTC32,0.1632327,0
TULP3,0.1632257,0
PHACTR1,0.16317296,0
KAZN,0.16306336,0
ANGPTL5,0.16295637,0
LRP11,0.16289939,0
ZBTB5,0.16281737,0
RDH11,0.16258639,0
HDGF,0.16255824,0
TRIM66,0.16254628,0
DNAH3,0.16252615,0
DOC2B,0.16226196,0
CARMIL3,0.16223365,0
MFSD14B,0.1621437,0
RGPD3,0.16210239,0
NEMP1,0.16208795,0
ADH7,0.16207956,0
FASTKD3,0.16206902,0
SYT3,0.16206594,0
GABRE,0.16200662,0
DENND2C,0.16148901,0
PLCXD3,0.16126333,0
PRSS22,0.16126053,0
AGR3,0.1611851,0
PYDC1,0.1610276,0
KLHL24,0.1609751,0
FBXO21,0.16094397,0
CCDC91,0.16093229,0
AQP10,0.16089225,0
EFCAB2,0.1608159,0
GSDME,0.1606592,0
BBS2,0.1606227,0
TIMP4,0.16056056,0
NT5C3B,0.16036113,0
AMY1A,0.16027036,0
HTR1A,0.16022056,0
MRPL43,0.16006882,0
NOL7,0.16004962,0
PIBF1,0.15997918,0
TEKT1,0.15982045,0
MAGEE2,0.159779,0
GPR108,0.15965551,0
KLRC4,0.15960863,0
CEP126,0.1596038,0
TMEM102,0.15942779,0
CALML6,0.15926403,0
ZNF350,0.15919112,0
ARHGEF40,0.15906066,0
DNASE1L2,0.15900074,0
MICOS10,0.15900052,0
RSC1A1,0.15881693,0
PLAAT2,0.15880373,0
GPR171,0.15878512,0
PLXDC2,0.15870748,0
IDO2,0.15847118,0
VPS28,0.15842615,0
NCBP2L,0.1583591,0
ANTXRL,0.15818903,0
DNAJB8,0.1579666,0
RAB5IF,0.15791507,0
PYY,0.15791418,0
CRISP1,0.15771654,0
SAMD10,0.15766324,0
CLDN10,0.15753499,0
MAK,0.1575316,0
KRT16,0.15736571,0
TM2D1,0.15735601,0
ODAD4,0.15716024,0
NDUFAF6,0.15708171,0
LRRC41,0.15701684,0
GALK2,0.15697944,0
FAM111A,0.15680134,0
ANGEL2,0.15677334,0
ADNP2,0.15675926,0
DIPK1A,0.15664437,0
PAOX,0.1564835,0
TAFA5,0.15641883,0
CCN5,0.156401,0
FHIP1A,0.15639254,0
SOGA1,0.15623124,0
TBATA,0.15621307,0
CDK11A,0.15620543,0
DIXDC1,0.15614754,0
ZNF710,0.15609923,0
PARP11,0.15604779,0
ZAR1,0.15604432,0
SH3BP5L,0.15603848,0
KCNIP4,0.1557596,0
TRPM8,0.15571202,0
YPEL4,0.1556292,0
REEP3,0.15562832,0
FAM98B,0.15516843,0
MRPS24,0.15515156,0
WDR83OS,0.15497862,0
NKX1-1,0.15492614,0
PCDHB7,0.15492137,0
COX6B2,0.1546998,0
ANKRD61,0.15467158,0
DACT1,0.15466766,0
HOXA2,0.15456286,0
GADD45GIP1,0.15448551,0
ARMC2,0.1544778,0
ZSWIM7,0.15443434,0
ABCC10,0.15443389,0
TSR3,0.15432294,0
IGSF10,0.1541918,0
ACR,0.15416098,0
IPPK,0.15415293,0
INCA1,0.15404353,0
MOSPD3,0.15402597,0
SLC17A5,0.15394215,0
PRORP,0.15384412,0
NEK8,0.15381655,0
NKX1-2,0.15374972,0
AQP6,0.15373923,0
REC8,0.15369855,0
KCTD16,0.15339689,0
ZNF707,0.15325285,0
PLCXD2,0.15316586,0
MPV17,0.15316087,0
PLEKHB2,0.15310083,0
EID1,0.15301365,0
NUDT14,0.15300518,0
GSC,0.15296057,0
YDJC,0.15282114,0
QTRT2,0.1527216,0
PTRHD1,0.15267238,0
MFAP3L,0.15265237,0
SFXN4,0.15245374,0
RFTN1,0.15225433,0
GFRA1,0.15207367,0
MGME1,0.1519848,0
HOXB1,0.15197307,0
ZBED1,0.15193327,0
GPR161,0.15188076,0
USP51,0.15183151,0
PCDH12,0.15168835,0
WWC2,0.15162162,0
HINT3,0.15160722,0
TFAP2D,0.15156063,0
DEF8,0.15153117,0
VAT1L,0.15126625,0
CCL15,0.15126364,0
MOAP1,0.15110637,0
CFAP44,0.1510312,0
ZNF768,0.15101564,0
SNUPN,0.15096101,0
FSD1,0.15080844,0
SPIN3,0.15077896,0
CACNB2,0.15076104,0
TMEM86A,0.15068327,0
ECHDC3,0.15065874,0
CDC37L1,0.1504649,0
CTU2,0.15041068,0
ZNF16,0.15037854,0
NMBR,0.1502462,0
DHRS7B,0.15017532,0
PPP6R1,0.15016143,0
CEP104,0.15014057,0
TUBB2B,0.15012492,0
TEX10,0.15005843,0
ARHGEF38,0.1500448,0
KCTD9,0.14999785,0
HIRIP3,0.14995323,0
FAM131A,0.14994788,0
DELE1,0.14994642,0
BTF3,0.14976184,0
PLA2G4D,0.14967659,0
ZNF277,0.14964263,0
FKBP10,0.14963691,0
ND4L,0.14963013,0
SPRYD4,0.14952873,0
SMLR1,0.1495064,0
AKAP1,0.14949127,0
SLC14A2,0.14942423,0
CYSLTR2,0.14941007,0
MEX3B,0.14922088,0
STK32B,0.1491188,0
CYP4F3,0.14908813,0
METTL17,0.14900823,0
RPUSD3,0.14887106,0
GPAT2,0.14879945,0
ZNF367,0.14858525,0
PDE6D,0.14838788,0
TENT2,0.14819947,0
DEPDC1B,0.14800867,0
TMC2,0.14799303,0
DDT,0.147886,0
PAQR8,0.1478857,0
TEX13A,0.14786978,0
TSC22D4,0.14782424,0
ANKRD65,0.14776088,0
ABHD6,0.14772983,0
RPH3AL,0.14772709,0
ZNF804A,0.14766636,0
ZNF665,0.14765373,0
URI1,0.14753054,0
RBPMS2,0.14746168,0
FGD6,0.1473666,0
CGA,0.14724568,0
USP54,0.14716896,0
TSPO2,0.14707087,0
NOMO2,0.14692853,0
ILRUN,0.14687674,0
MANEAL,0.14661554,0
TAF12,0.14659731,0
CSNK1E,0.14638078,0
KLC3,0.14633335,0
HOXD12,0.14631069,0
ARMC12,0.1463072,0
FUT9,0.1462704,0
MTCH2,0.14615896,0
SPAG9,0.14596562,0
FMC1,0.14596063,0
ZNF568,0.14592792,0
FKBP7,0.14592157,0
CCDC85C,0.14590451,0
DHX38,0.14573672,0
GALNTL5,0.14571746,0
SGCD,0.1457077,0
GMNC,0.14569181,0
MAP7,0.1456897,0
CEP135,0.14565444,0
PIPOX,0.14558154,0
ADPRS,0.14556164,0
TIMM21,0.14555849,0
CYP39A1,0.14549504,0
PM20D2,0.145235,0
DRD3,0.14516418,0
GTPBP2,0.14509079,0
DAW1,0.14506346,0
LRIG2,0.14491044,0
MTNR1A,0.14486423,0
ART4,0.14463565,0
CERCAM,0.14454712,0
ESPNL,0.1445175,0
IER5L,0.14450467,0
PPP1R11,0.14450306,0
AKR1C2,0.1444203,0
FAM107A,0.14413449,0
KCNJ15,0.14403245,0
KYAT1,0.14391479,0
PPWD1,0.14385651,0
KCND1,0.14385217,0
LPAR4,0.14382091,0
FIBP,0.1435871,0
GCNT2,0.14354938,0
NDST2,0.1434589,0
KCNJ3,0.1433948,0
IGBP1,0.14325792,0
HSD3B2,0.1432249,0
PPAN,0.14314505,0
SP9,0.14301948,0
NPTN,0.14296162,0
ISY1,0.1429383,0
COMMD7,0.14276858,0
IGFN1,0.1426796,0
ACSBG1,0.14251219,0
SPIRE2,0.14250234,0
RCL1,0.14248048,0
TRARG1,0.14247267,0
CAGE1,0.14246333,0
ONECUT3,0.14246231,0
NXNL2,0.14236325,0
MRPL30,0.14229245,0
SLC22A7,0.14227208,0
NUDCD3,0.14224683,0
TMEM106C,0.14218941,0
P2RY14,0.14210904,0
RGMB,0.1418991,0
BPHL,0.1418128,0
CEP120,0.14173016,0
PARPBP,0.14169592,0
GPR180,0.14159125,0
RBM33,0.14156811,0
TMEM163,0.14156185,0
TMEM169,0.14152786,0
MED16,0.14145604,0
PCDHGC5,0.14143808,0
PPP1R12C,0.14126101,0
SLC25A2,0.14113659,0
SLC49A3,0.14105003,0
OCIAD2,0.14085695,0
CACNA1I,0.14071004,0
LHFPL2,0.1406138,0
SDK2,0.14056899,0
PPP4R4,0.1404675,0
PCDHAC2,0.14043291,0
L3HYPDH,0.14038172,0
HIBCH,0.14021504,0
CAPN13,0.14013517,0
DUS4L,0.14007366,0
ZBTB47,0.13989496,0
SKIDA1,0.13987952,0
ZUP1,0.13981734,0
TRAM2,0.13974224,0
RPL22L1,0.1395525,0
GMPR2,0.13952252,0
CRYL1,0.13948002,0
NEUROG1,0.13947718,0
NAV1,0.1392891,0
GPR173,0.13926306,0
GALNT6,0.13915586,0
RBBP9,0.13915282,0
DENND2B,0.13905312,0
USP53,0.13905087,0
DNAH6,0.13900603,0
PCDHGB4,0.13900302,0
HACD1,0.1388512,0
PCDHB4,0.13883503,0
HAS3,0.13868469,0
SUOX,0.138556,0
TMEM161B,0.1385178,0
COG4,0.1383577,0
R3HDM1,0.13835125,0
CXCL17,0.13827501,0
TIMM8B,0.13826132,0
FAM174C,0.1381249,0
WDR91,0.13809982,0
ZNF536,0.13807155,0
TNFSF12-TNFSF13,0.13791741,0
PGGT1B,0.13789302,0
TMEM161A,0.13782789,0
CFAP47,0.13781042,0
UNC93A,0.13766564,0
YPEL2,0.13763176,0
TOR2A,0.13754827,0
RXRG,0.137533,0
ZNF574,0.13747974,0
GRAMD1A,0.13744074,0
CHRM3,0.13741541,0
CACHD1,0.1373748,0
ZDHHC1,0.13720155,0
AKIRIN1,0.13718328,0
ABHD16A,0.13701284,0
FUNDC2,0.1369535,0
TCEANC2,0.13694268,0
ASXL2,0.1369239,0
NMUR2,0.13682194,0
TLCD4,0.13673262,0
RASAL1,0.13670634,0
SLC7A14,0.13670169,0
MSRB1,0.13665415,0
H3-3A,0.13665251,0
CEP85,0.13646074,0
SPOUT1,0.1364254,0
TBC1D12,0.13638659,0
ACTL7B,0.13611308,0
FAM13B,0.13611081,0
LHFPL1,0.13590115,0
SLC51A,0.13561238,0
UBE2F,0.13557993,0
OSER1,0.13537581,0
NUTM1,0.13530143,0
CFDP1,0.13526037,0
SDC3,0.13521822,0
SH2B1,0.1351543,0
KIAA0319L,0.13513039,0
DCUN1D2,0.13511203,0
MCTP1,0.13510814,0
GPR141,0.13492228,0
ACTR6,0.1348632,0
BLOC1S3,0.13476416,0
SPATS2,0.13462971,0
HACL1,0.13459322,0
ARRDC4,0.13443321,0
FGF20,0.13438919,0
MROH2B,0.13436905,0
DCBLD2,0.13435005,0
ZNF358,0.13433139,0
ERFE,0.13429476,0
SLC10A1,0.13421486,0
FSHB,0.13415264,0
LANCL1,0.13393919,0
TBPL1,0.13390243,0
FAM161A,0.133887,0
BTNL8,0.13378264,0
DHRS12,0.13374525,0
INTS12,0.1337246,0
DCDC1,0.13363953,0
RAMP2,0.13362524,0
IP6K3,0.13355194,0
POLR3H,0.13346834,0
ADCY1,0.13333336,0
DRC3,0.1330507,0
HBQ1,0.13288306,0
DIPK2B,0.13278054,0
DLX1,0.13273703,0
NOL10,0.13241884,0
MTCL1,0.13235688,0
FAM151B,0.13227735,0
IKZF5,0.1322763,0
CTXN3,0.13225214,0
XKR8,0.13219225,0
SYTL2,0.1320972,0
TULP1,0.13196626,0
TIMMDC1,0.1319186,0
PCNX2,0.13190705,0
FBRSL1,0.13189588,0
NRM,0.13187362,0
CNOT10,0.13185707,0
MBD2,0.13179833,0
TCEANC,0.13178855,0
CEACAM6,0.13174061,0
OCIAD1,0.1316061,0
TNNI2,0.13153936,0
CYP8B1,0.1314529,0
FBXO42,0.13137221,0
TEF,0.1311912,0
ADRA2B,0.13118686,0
VSTM4,0.13116592,0
WBP4,0.13111392,0
KRT12,0.1310946,0
XIRP1,0.13108414,0
VSTM2A,0.1310721,0
STARD7,0.13102894,0
DDA1,0.13100393,0
YPEL1,0.13098851,0
CALML4,0.1309146,0
RNF150,0.13079146,0
RELL1,0.13077085,0
AGAP2,0.13055134,0
TRMT5,0.130384,0
SYNGR2,0.13030253,0
HES5,0.1302616,0
LRIT3,0.13023666,0
TAF9B,0.1302342,0
PDZD3,0.13020876,0
CCDC116,0.13020103,0
NUCKS1,0.1301704,0
DENND6A,0.13016966,0
CCDC88C,0.13015416,0
FBLL1,0.13013346,0
MED27,0.1301246,0
GPR107,0.13003747,0
NPAS1,0.1300028,0
CHRNA6,0.12992023,0
NMU,0.12986517,0
MOCS2,0.12986234,0
CLP1,0.12984909,0
THADA,0.12981632,0
SERF1A,0.12976113,0
SYT10,0.1296182,0
CABLES2,0.1296105,0
ANKHD1,0.12955166,0
ZNRF2,0.1294931,0
TMEM158,0.12941915,0
MSL2,0.12931088,0
SP5,0.12922743,0
ZNF420,0.12920591,0
HAUS5,0.12916967,0
SYPL2,0.12908924,0
MFSD4B,0.12905931,0
MTA3,0.1289567,0
ZDBF2,0.12889577,0
NXNL1,0.1288385,0
TRAPPC12,0.1286285,0
TRMT61A,0.1285733,0
RXFP1,0.12846872,0
JOSD1,0.12839061,0
DDX52,0.12838374,0
SCN4B,0.1283755,0
PLEKHH1,0.12826972,0
PUM1,0.12816119,0
SPAG6,0.12811057,0
MTMR1,0.12808576,0
SERP2,0.12805484,0
PLXNA4,0.12790808,0
FGF16,0.12786992,0
PDZD4,0.12776315,0
PLA2G4C,0.1277531,0
GDPD2,0.12773211,0
CHERP,0.12771237,0
MFAP3,0.12765303,0
SPINK4,0.12742661,0
ZDHHC13,0.12739982,0
OLFML2A,0.12738335,0
NUDT7,0.12715344,0
SPATA7,0.1271491,0
DLX6,0.1270152,0
HOXD1,0.12687503,0
BVES,0.12687387,0
PDYN,0.12668614,0
NKIRAS1,0.12667531,0
C1orf87,0.12654603,0
KLK7,0.12650958,0
WIZ,0.12649535,0
ASB10,0.12648843,0
MRPL33,0.12648244,0
CLMP,0.12647212,0
LSR,0.1262668,0
NTN3,0.12624559,0
GPR39,0.1261013,0
DENND6B,0.12608539,0
LPO,0.12594843,0
ACMSD,0.1259003,0
DAO,0.1256918,0
GLB1L,0.12566122,0
IRAG1,0.12557763,0
HOXD4,0.12552065,0
HMX2,0.12542014,0
RNF121,0.12541908,0
SULT1A3,0.12528077,0
IRX5,0.12519833,0
TRIM42,0.1251937,0
GATAD1,0.1251714,0
PPP1R3C,0.12499517,0
OTUD6A,0.124916576,0
WDR88,0.12457959,0
BOLA2B,0.124434374,0
TRIM36,0.12442792,0
AMOTL1,0.12437669,0
FBXL22,0.12434986,0
PLPPR5,0.1242732,0
NHS,0.12423262,0
CSTB,0.12415219,0
YBX3,0.124114774,0
POPDC2,0.12397671,0
H2BC9,0.12396413,0
CYP2C8,0.1239083,0
TTBK2,0.12376365,0
BRD9,0.12370062,0
STARD10,0.123547554,0
MEPE,0.12341796,0
KISS1,0.12340689,0
UQCRHL,0.12340028,0
PCMTD1,0.1232315,0
LAMP5,0.12308682,0
PLXND1,0.12305224,0
EAF2,0.12304822,0
SSTR2,0.123047665,0
VAX1,0.12297433,0
GPR63,0.12296142,0
PABPC1L2B,0.12290788,0
QSER1,0.12278274,0
ITGA11,0.12276266,0
HILPDA,0.122729525,0
EPX,0.122720644,0
JMJD7,0.12263219,0
HS3ST5,0.12253656,0
C20orf144,0.12253582,0
NDUFAF4,0.122512,0
DIS3L,0.12248575,0
TMCO1,0.12234792,0
SIGLEC15,0.12229698,0
NDUFAF1,0.12226107,0
MRPS28,0.12221241,0
MED13,0.122203566,0
RBP1,0.122176796,0
DTHD1,0.12211621,0
TCP11,0.122084916,0
RIOK3,0.122013986,0
SELENON,0.12188012,0
GALNT16,0.1218496,0
SIGLEC6,0.12180734,0
TAF15,0.12180421,0
POMGNT1,0.121793665,0
TTI2,0.12169718,0
NPAS2,0.121600844,0
SEZ6,0.121581666,0
KRT13,0.121571265,0
GALNT18,0.12156602,0
HMGXB3,0.12152607,0
MSTO1,0.12142404,0
TMEM86B,0.12123823,0
RIMBP2,0.12118754,0
CRAT,0.121157,0
PLD5,0.1211379,0
RPP25,0.12106666,0
DMTN,0.120959096,0
LINGO1,0.12091238,0
DTD1,0.12084665,0
RETSAT,0.120846376,0
PCDHB2,0.120735615,0
TRPC1,0.12072955,0
PCP4,0.120571546,0
ABHD10,0.12055386,0
TRMT12,0.12053921,0
SCNN1A,0.12041655,0
CCDC171,0.120371595,0
XXYLT1,0.12030332,0
USF3,0.12028923,0
WDR27,0.12017407,0
HS3ST3A1,0.12016782,0
LRWD1,0.120134726,0
C11orf58,0.120075874,0
H3-4,0.12006754,0
KATNIP,0.12002939,0
RBM20,0.120021485,0
TMTC1,0.11993655,0
NDST4,0.11988768,0
MED18,0.11988236,0
NRIP2,0.11978479,0
IFI27L1,0.11974868,0
AFMID,0.11973195,0
TENT5B,0.11957878,0
LOC730098,0.119539954,0
RNF180,0.11953867,0
PEG10,0.11953639,0
PPIP5K1,0.1192761,0
B4GALNT1,0.11926319,0
EFCAB14,0.11923771,0
GLT1D1,0.11918192,0
MFSD13A,0.119036704,0
S100A1,0.11897836,0
MNX1,0.118931234,0
CDKL5,0.11892641,0
EAF1,0.118877485,0
PCP2,0.11884283,0
SYNGR1,0.118748836,0
PPP2R3B,0.11874728,0
YY2,0.118651584,0
HEBP1,0.118650645,0
TCFL5,0.11860032,0
NEFM,0.118494414,0
GALNT11,0.11849264,0
ZNF107,0.11848217,0
FAM124B,0.11847377,0
FAXDC2,0.11847232,0
XRRA1,0.11844481,0
VIPR2,0.11839734,0
PAM,0.1183332,0
TSPYL1,0.11832852,0
CCL28,0.1181151,0
RDH10,0.118114725,0
AIPL1,0.118052535,0
CEP192,0.118007936,0
EFNA2,0.117999755,0
STRADA,0.11788369,0
LYPD1,0.11785654,0
ATXN7L3,0.1176184,0
COX6A2,0.11753729,0
ZNF135,0.117427036,0
H4C3,0.117249064,0
ADAM2,0.117132686,0
VASH1,0.117082514,0
KCNJ6,0.11703664,0
FCF1,0.11690214,0
COA7,0.11689993,0
KY,0.11681388,0
MRPL38,0.116812706,0
CELF6,0.11669182,0
GDPD4,0.116682746,0
SHFL,0.1166184,0
CA14,0.11634963,0
LGALSL,0.116186865,0
ZBTB26,0.11618513,0
B3GNT4,0.11606233,0
SAP25,0.11597902,0
VSIG8,0.11591449,0
ABITRAM,0.115902096,0
RILP,0.11589861,0
METTL2A,0.115896486,0
TMC1,0.115859106,0
CEACAM18,0.115847625,0
GEMIN7,0.11583667,0
ATP5MJ,0.11582014,0
H1-1,0.11576587,0
MMD2,0.115744516,0
KCP,0.115493104,0
ANKRD35,0.11546945,0
ZNF639,0.115410075,0
AOPEP,0.11533335,0
LAIR2,0.11533033,0
ABHD11,0.11531653,0
CCNJ,0.11526656,0
SHISA6,0.11511642,0
DDRGK1,0.114935145,0
IGLON5,0.11489166,0
L3MBTL2,0.11488517,0
ZNF490,0.11465556,0
ENKUR,0.11450767,0
KCNK10,0.11450734,0
S100P,0.11439221,0
TRPM4,0.11413368,0
BZW1,0.11413325,0
KBTBD4,0.11412003,0
PAQR3,0.11408202,0
FIZ1,0.11402149,0
AVPR1A,0.113939166,0
DENND3,0.11389271,0
SPAG17,0.113871954,0
ISLR2,0.11380312,0
DCTN5,0.11367173,0
EXPH5,0.113505125,0
SRSF8,0.11348439,0
CFAP410,0.113458775,0
SEC14L4,0.1133064,0
TMOD2,0.11322203,0
BARHL2,0.11313037,0
SLC39A3,0.11312315,0
CWC15,0.11311446,0
B3GALT5,0.113114126,0
CCDC50,0.112986915,0
PRRT1,0.112863235,0
TMEM208,0.11284764,0
ESYT3,0.1128019,0
LRRC4,0.11270329,0
RALGAPA2,0.11265147,0
UGT3A2,0.11257737,0
SUDS3,0.11256608,0
CMTM7,0.11237735,0
SPEF1,0.11223811,0
ABHD12,0.11221966,0
SIX3,0.11218031,0
RPH3A,0.11217639,0
JADE3,0.11213881,0
AKR1D1,0.112042986,0
FAM131B,0.11200009,0
ANOS1,0.11196488,0
SFSWAP,0.11195097,0
PTTG1IP,0.111907095,0
KCTD19,0.11188558,0
FAM118A,0.11164459,0
AMMECR1L,0.11160698,0
WSCD1,0.11154323,0
RMDN3,0.11150383,0
NUGGC,0.11148864,0
GGT6,0.111386664,0
TRH,0.11127195,0
PTGR1,0.11109543,0
ACP7,0.11108397,0
SAMD14,0.11097376,0
RNF183,0.11096927,0
KCNS2,0.11095419,0
GRWD1,0.11094558,0
TMEM14A,0.11092393,0
KLHL23,0.11085999,0
KLHL42,0.110832095,0
BPI,0.11079571,0
SHC4,0.11075024,0
TSPYL5,0.11072464,0
CNGA2,0.11059694,0
GPBP1L1,0.11052555,0
RLBP1,0.11049817,0
SCG2,0.11037587,0
BMP8B,0.11032682,0
EVC2,0.110311754,0
IPCEF1,0.11027116,0
TAF1A,0.11024815,0
PLEKHN1,0.110234186,0
NRGN,0.110201895,0
CEP162,0.11014855,0
ST3GAL3,0.1100851,0
PRSS35,0.110066935,0
KCTD1,0.11001587,0
ART5,0.109965496,0
ZFAND6,0.109934494,0
UBN2,0.10990403,0
SFTA2,0.10985634,0
ACTC1,0.10976177,0
NOL12,0.10973018,0
SKA2,0.10958684,0
BORCS7,0.10955506,0
ISL2,0.109548405,0
STARD5,0.1095345,0
TMEM205,0.1095286,0
ZNF800,0.109510325,0
PTF1A,0.10948753,0
SCNN1B,0.10937002,0
TTC3,0.10926172,0
LRRIQ1,0.10911089,0
NKIRAS2,0.10909794,0
STAR,0.109064184,0
KREMEN1,0.10898908,0
TTC13,0.10896326,0
MLLT11,0.1088673,0
PAN3,0.10856575,0
ABLIM2,0.108312085,0
TNR,0.10824701,0
TAF4B,0.10820483,0
FKBP9,0.10812296,0
C21orf91,0.1078733,0
APBA3,0.10784475,0
DAGLA,0.10775438,0
TPRKB,0.10766069,0
ZXDC,0.10755498,0
TMEM154,0.10749673,0
AMY1C,0.10747507,0
ANO2,0.10745463,0
SPRYD7,0.107405975,0
PRRG3,0.107384816,0
RFTN2,0.10735533,0
NDST3,0.10706371,0
TLNRD1,0.10694445,0
KCNJ5,0.10681289,0
TMEM175,0.10670141,0
TRAPPC2L,0.10667074,0
BBS7,0.10660702,0
AHSP,0.10658112,0
ACP6,0.10657203,0
CENPT,0.10646662,0
CLUAP1,0.10643002,0
PRODH,0.10641886,0
FAM102B,0.10638981,0
LYRM4,0.10636172,0
ACOXL,0.1059995,0
SLC38A6,0.105764255,0
SLC35B4,0.10576295,0
EFHC2,0.105666496,0
PARM1,0.105224796,0
KRT31,0.105005145,0
MOB4,0.10498876,0
PRR13,0.10476895,0
OTUD6B,0.10474347,0
NINJ1,0.10473303,0
KCNAB3,0.10468862,0
ZSWIM2,0.10468491,0
HDHD3,0.10464286,0
PCDHB5,0.10461533,0
PAPPA2,0.10441796,0
PEX26,0.10437027,0
CCDC66,0.10434831,0
KCNN2,0.10430664,0
C12orf4,0.10422425,0
SEPTIN7,0.104193695,0
CFAP65,0.10409282,0
FOXE3,0.104084216,0
DGKK,0.104062736,0
CHRNA7,0.1039865,0
CCDC146,0.103985064,0
PLPPR1,0.10394039,0
CDH7,0.10357617,0
SNX24,0.10354151,0
MPHOSPH10,0.103461705,0
TXLNG,0.10345288,0
CDYL2,0.10344172,0
RNF152,0.10326028,0
MYOZ2,0.10315903,0
PYM1,0.10315041,0
NABP2,0.1029996,0
ZNF438,0.102991514,0
EOGT,0.10292068,0
DSN1,0.102881506,0
CIBAR1,0.10284788,0
RWDD2B,0.10281373,0
PIGF,0.10274743,0
TMEM121,0.10267302,0
FHL5,0.102601826,0
SNPH,0.10255788,0
SNTB1,0.10253976,0
GNRH2,0.10253644,0
CNMD,0.10246359,0
PLEKHH2,0.102414966,0
NOVA2,0.10241071,0
DCAF12L1,0.102349184,0
BBS5,0.10232557,0
PLEKHA5,0.102182575,0
LRFN4,0.102087595,0
VAT1,0.10207103,0
TRIM72,0.10204184,0
ITPRID2,0.10201543,0
KCNQ4,0.101953484,0
NLRP4,0.10192214,0
RSRP1,0.10191411,0
CARTPT,0.101790704,0
ST6GALNAC4,0.1017605,0
GAS8,0.10169742,0
TMCO4,0.10156856,0
LIX1,0.10154454,0
GALT,0.10123021,0
WDR70,0.10122267,0
GOT1L1,0.10116718,0
ZNF157,0.101047516,0
VSTM2B,0.101001546,0
FICD,0.10098667,0
CERS3,0.100943476,0
FAM177B,0.10083161,0
SURF2,0.10081474,0
SLC48A1,0.10074679,0
SP140L,0.10069659,0
HDHD2,0.10067581,0
PEMT,0.100602485,0
ANKRD13C,0.10051202,0
DPH6,0.10038748,0
TSPAN12,0.1003402,0
FDCSP,0.100242466,0
DISP1,0.100173555,0
B4GALT6,0.100156635,0
B3GALNT2,0.10002624,0
CDC42EP4,0.09999882,0
TMEM9B,0.099884294,0
SLC17A3,0.0997498,0
AMMECR1,0.09971654,0
PRRG2,0.099703394,0
PRMT7,0.09956991,0
DUSP18,0.09951592,0
DBF4B,0.09946884,0
CCDC71,0.09945612,0
AKAP8,0.09940894,0
PHACTR4,0.099369824,0
CPT1C,0.09914102,0
PTGIR,0.0991253,0
GPR146,0.09905064,0
LIN37,0.09892578,0
OPN3,0.09892099,0
HHIPL2,0.09885622,0
ZIM2,0.098753616,0
PPP1R18,0.09867142,0
ZG16B,0.09866624,0
PIGZ,0.09865612,0
EIF4E2,0.09864066,0
ZNF264,0.09860776,0
ANO3,0.09855497,0
ZNF205,0.09848357,0
SMIM1,0.09832479,0
PRUNE2,0.09831357,0
COX19,0.098237105,0
RP9,0.09812265,0
DMRT1,0.09807867,0
SOHLH1,0.09801687,0
SERF2,0.0980124,0
SUPT7L,0.09789302,0
CTTNBP2NL,0.09781632,0
AASS,0.09779412,0
BEST4,0.097757995,0
GALNT9,0.0977286,0
DCD,0.09772198,0
HSD17B1,0.097706445,0
SPACA3,0.09770487,0
TRAK2,0.09766887,0
PKHD1L1,0.09757159,0
CHRDL1,0.097451866,0
STRN4,0.09737101,0
FERD3L,0.09731722,0
CCDC127,0.0971431,0
MED29,0.0971279,0
KIAA0513,0.09704963,0
CHST10,0.096928366,0
TMEM45A,0.096917875,0
ZFP30,0.09689901,0
CARNS1,0.09677129,0
WFS1,0.09675883,0
TRIM4,0.09673687,0
PERM1,0.09656223,0
COA6,0.09653144,0
DESI2,0.09638462,0
CEP78,0.09637785,0
TSPAN1,0.09619634,0
IGSF23,0.096182235,0
ZNF236,0.096170805,0
TTLL6,0.09610708,0
ABCA8,0.095881745,0
CARNMT1,0.09584863,0
FSCN2,0.09569423,0
C1QL2,0.095660396,0
ZFAND4,0.095620036,0
MRPS18C,0.0956105,0
FRAT2,0.095588125,0
TMIGD1,0.09556117,0
ZFAND3,0.0954907,0
EVA1B,0.09546163,0
ZNF432,0.09540801,0
RNASE4,0.0953356,0
CCDC102B,0.095288135,0
TMA7,0.095235795,0
SLC43A1,0.09479607,0
NXT1,0.0946396,0
IAH1,0.09463218,0
FRAT1,0.09461008,0
CRTC2,0.09460269,0
AVL9,0.09455546,0
TMEM82,0.0945353,0
MTMR11,0.094529726,0
ZCCHC13,0.094463386,0
GABRP,0.09444044,0
DHX34,0.09443141,0
BEX1,0.09441027,0
AMBN,0.094396934,0
ZMYND15,0.09433394,0
GDF9,0.09425346,0
KYAT3,0.0941401,0
SNN,0.09406309,0
TPSG1,0.09402289,0
RPF2,0.0938749,0
RABIF,0.09386559,0
LMTK2,0.09384179,0
ZNF276,0.09378324,0
TAF6,0.09372469,0
DEFA1B,0.09366394,0
ADCY2,0.09354265,0
PDGFC,0.09348275,0
MRPS25,0.09342031,0
FBXW4,0.09335955,0
AMER2,0.09334444,0
SIRPB2,0.093327835,0
SLC16A5,0.093308486,0
RPL10L,0.09304215,0
SCGB2A2,0.09297524,0
ATAT1,0.09286815,0
LIM2,0.0927645,0
PPP1R1B,0.09263171,0
EVI5L,0.09255097,0
SCGB3A1,0.09251142,0
PRKAR2B,0.0924527,0
SLC22A16,0.09236883,0
GHSR,0.092368655,0
PEX14,0.09222302,0
CCDC122,0.09189379,0
KLF17,0.091893375,0
ANO8,0.09169419,0
REX1BD,0.09166541,0
MAGOHB,0.0916424,0
IFT22,0.0915992,0
KCTD7,0.09157935,0
MEX3D,0.09157088,0
COLQ,0.09147124,0
TPRA1,0.09146941,0
GLYCTK,0.091451496,0
VWA2,0.09143735,0
MYCBPAP,0.09142439,0
CEACAM16,0.091370724,0
FCRLB,0.09132776,0
ZNF816,0.09132398,0
TCEAL7,0.09125124,0
ABHD17C,0.0911475,0
LMAN1L,0.09092917,0
NEUROD2,0.090875484,0
COX7A1,0.0908635,0
SLC2A13,0.09082977,0
PRSS27,0.09076474,0
BTF3L4,0.090716995,0
KCNE1,0.090701185,0
KRR1,0.09065355,0
LHFPL4,0.09056543,0
PLXNB3,0.09056099,0
FAHD2B,0.09046346,0
MRPL14,0.09034987,0
PRDM13,0.09029999,0
COMMD6,0.09022479,0
CALY,0.09021769,0
DNAH12,0.09003266,0
COX14,0.09000963,0
MFSD14A,0.0899546,0
ABCD4,0.089825936,0
TPRN,0.08971968,0
EGR4,0.08967198,0
TTC9,0.089641616,0
OTUD4,0.08954532,0
TEFM,0.0895233,0
LCMT1,0.08941385,0
TMEM134,0.08933204,0
TRIM34,0.089302935,0
TTC23,0.08923066,0
PLXDC1,0.089187704,0
TSPAN5,0.08917895,0
RUSC1,0.0891544,0
COPRS,0.089152016,0
PIWIL2,0.08911783,0
ST6GALNAC2,0.0890232,0
ZSCAN18,0.08901148,0
RITA1,0.08900885,0
KCNK6,0.088948056,0
NKD1,0.08894431,0
ANO7,0.088922106,0
MAP7D2,0.088765234,0
SYNDIG1,0.08864977,0
MAPKAP1,0.08863007,0
H4C1,0.08855491,0
CEP19,0.08844725,0
SYT14,0.08842951,0
FKBP3,0.088318296,0
ADRA1B,0.08829399,0
PELI3,0.088217236,0
SETD4,0.0881514,0
CEMIP2,0.08803038,0
SSTR3,0.08791134,0
ATP6V0E2,0.08786012,0
EID3,0.08776465,0
FBXL4,0.08768659,0
RPP25L,0.0876811,0
FAM13C,0.087665096,0
JTB,0.087619096,0
RFT1,0.08754767,0
ACYP2,0.08745142,0
EBLN2,0.08743904,0
TMEM63B,0.08742041,0
CDC42EP1,0.08725489,0
SRFBP1,0.087253466,0
RAI2,0.087219425,0
FBXL13,0.08716868,0
ACTR1A,0.086966336,0
RBBP8NL,0.0868566,0
RBM45,0.08684839,0
SALL3,0.08682644,0
FRMD3,0.08678358,0
SAPCD2,0.086718865,0
DDX51,0.08667758,0
PPP1R42,0.08660607,0
DNTTIP2,0.086547606,0
CHRND,0.08638404,0
CWH43,0.08628855,0
SUPT20H,0.08620351,0
MRPS35,0.08606975,0
EFCAB3,0.08606582,0
MARF1,0.085974485,0
KCNJ14,0.085877486,0
POMGNT2,0.08587021,0
ABCA10,0.08552362,0
POM121C,0.0854959,0
SHLD2,0.085472,0
CRH,0.08532662,0
SEMA3B,0.08532177,0
STRIP2,0.08531147,0
ZNF75D,0.08530588,0
CPM,0.08528941,0
TMEM204,0.085220955,0
GPR87,0.08509179,0
TPH2,0.08497416,0
MGST2,0.08492483,0
HENMT1,0.084752865,0
ENSA,0.08474759,0
ZNF146,0.084599674,0
FAM83B,0.08459615,0
JAM2,0.08446566,0
PITHD1,0.084400825,0
ST6GAL2,0.0843345,0
CYSLTR1,0.08421178,0
ZDHHC2,0.084184594,0
CHML,0.084182516,0
ZNF676,0.08416302,0
FAM167A,0.08414392,0
LYG2,0.08411791,0
PNRC2,0.084103234,0
CDKN2AIPNL,0.08406192,0
NTF4,0.08404052,0
BORCS6,0.08403307,0
C17orf75,0.083946526,0
ASB9,0.08393916,0
RSPH6A,0.08382332,0
CSMD2,0.083797336,0
HMGCLL1,0.08377802,0
HOMER3,0.08371853,0
SLC15A5,0.08370646,0
SIKE1,0.083539,0
C2CD4A,0.08346528,0
MRPL32,0.08331967,0
RASGEF1C,0.083309494,0
NAT8L,0.08325782,0
FBXO28,0.08318918,0
SCRT2,0.08317593,0
EML5,0.08317483,0
SLC35E4,0.08315555,0
CD200R1L,0.083006546,0
KCNK5,0.08295235,0
CACNG3,0.08294408,0
TXLNB,0.08293924,0
THRA,0.08291157,0
WNT8A,0.08283824,0
IPMK,0.08279582,0
LENG1,0.082694955,0
PODN,0.08232729,0
MPP4,0.08230208,0
OFD1,0.0822981,0
TM4SF18,0.08214467,0
PRUNE1,0.08214056,0
MBOAT4,0.08200796,0
SEPTIN12,0.08200373,0
EPC1,0.08194378,0
IGSF11,0.08189914,0
CCDC138,0.08185995,0
OGFOD2,0.08179246,0
SGK3,0.08150724,0
PEBP4,0.08146947,0
PALMD,0.08142712,0
CLRN3,0.081392065,0
SLC10A3,0.08135776,0
LRRC49,0.08121499,0
SWSAP1,0.08121009,0
PPP2R2A,0.08118535,0
CCNYL1,0.08116787,0
GBGT1,0.08112488,0
CPNE6,0.08105929,0
SCRN2,0.08104622,0
OTOR,0.08101404,0
KLK14,0.081008285,0
GOLGA8A,0.08099329,0
LMBR1,0.08098248,0
ZBED9,0.080959044,0
SSTR1,0.080826364,0
USP50,0.080820784,0
H4C2,0.08077214,0
DLEC1,0.080737576,0
ZDHHC21,0.080607325,0
CLEC14A,0.08057021,0
TJP3,0.080558136,0
SERTAD4,0.08049934,0
CFAP46,0.080469124,0
SDHAF1,0.08046667,0
FAM20A,0.08031236,0
ZBED6,0.08023415,0
DENND2A,0.08022352,0
TTC39C,0.08018711,0
GNG13,0.080178514,0
TMEM168,0.08013791,0
UGT2A3,0.0800744,0
ZNF41,0.08004853,0
DYNLT3,0.08000339,0
PABIR2,0.0798956,0
LURAP1L,0.07986963,0
REG1A,0.079722784,0
MRPL49,0.07971717,0
MYNN,0.07971591,0
ZNF280C,0.079689726,0
EEF1A2,0.079680204,0
MTFP1,0.07967879,0
PRKD2,0.07952543,0
SYT16,0.07950182,0
ZBTB9,0.0794681,0
NEK11,0.07926284,0
HMGB4,0.079250254,0
SLFN13,0.07923069,0
NUDT18,0.07922284,0
TEX15,0.07920797,0
IRX1,0.07915525,0
LRRC57,0.07908379,0
AADACL2,0.07904382,0
POP7,0.07902033,0
B3GALT1,0.07895064,0
KATNBL1,0.07881185,0
GABRG3,0.078747876,0
POLR3GL,0.07863976,0
BCL7B,0.07863594,0
FBXL16,0.07860458,0
FBXW9,0.07849986,0
EFHB,0.078477316,0
SLC35E1,0.07835571,0
GNGT2,0.07827995,0
CPEB1,0.078083105,0
CLIC5,0.078002475,0
VSX1,0.07796576,0
ZNF333,0.07778371,0
BEST1,0.07778284,0
PLEKHM2,0.07776048,0
BEST3,0.07775566,0
HAGHL,0.07771127,0
CNGB1,0.07765546,0
FAIM,0.077601254,0
WDR89,0.07758233,0
ADH1A,0.07752089,0
MSL3,0.07751021,0
AGBL1,0.077499144,0
MIOX,0.077487804,0
ZFP42,0.07748634,0
GPR50,0.07740182,0
ZMYM6,0.077273645,0
PCDHB3,0.07721602,0
LACRT,0.07721479,0
ZKSCAN1,0.07721028,0
RAET1E,0.077158175,0
MAST4,0.077153236,0
ADM2,0.077083156,0
SPINK13,0.07704083,0
HDGFL3,0.07700988,0
MRPS18B,0.0769924,0
LRRTM4,0.07693799,0
NRIP3,0.07681106,0
ST7L,0.07680613,0
EIF4E3,0.07679644,0
RANGRF,0.07672953,0
SPATC1,0.076719746,0
KCNA10,0.07669381,0
ECRG4,0.07668254,0
YIPF7,0.07659585,0
C17orf99,0.0765584,0
ICAM4,0.07646494,0
ENOX2,0.07641546,0
PRDM8,0.07638331,0
ANP32D,0.07628947,0
TMEM184C,0.07622941,0
RIC3,0.07618901,0
TTLL11,0.07613645,0
DPF1,0.07612991,0
PSMG4,0.07599646,0
GCA,0.07593604,0
ASPRV1,0.075928755,0
FAM153A,0.07591817,0
ZNF248,0.07590852,0
MFHAS1,0.07589805,0
NDUFC1,0.07587225,0
TGM4,0.07579641,0
NRAP,0.07573691,0
CBLL1,0.07563413,0
KMT5B,0.07562513,0
CFAP53,0.075624496,0
DPYSL4,0.07562129,0
ZNF507,0.07560113,0
VGLL2,0.07542669,0
CEP250,0.0754197,0
CRHBP,0.075412154,0
PATL1,0.075384095,0
H4C4,0.075300865,0
ARGLU1,0.07511468,0
SLITRK2,0.074916296,0
STRADB,0.07491095,0
NPR2,0.07485655,0
ENTPD4,0.07480104,0
PRR15L,0.07478944,0
ZNF85,0.074776046,0
ZSCAN20,0.074716344,0
STAC,0.07468261,0
PAFAH2,0.074656114,0
CDSN,0.07464082,0
EIF3J,0.07461462,0
UNC5C,0.07461079,0
INTS2,0.07453768,0
RGPD8,0.074479006,0
SEMA3G,0.07447486,0
SLC35E3,0.07447263,0
TSPEAR,0.074407615,0
CNOT4,0.07416713,0
S100PBP,0.07395119,0
PDE3A,0.07382459,0
ANKRD60,0.07376443,0
NXF3,0.07375987,0
KANK3,0.07361519,0
SOSTDC1,0.07358946,0
REG1B,0.07356136,0
SIPA1L3,0.07344394,0
SRMS,0.07334693,0
UNC5D,0.07323324,0
MC5R,0.07323199,0
NPPA,0.07301892,0
ZNF141,0.07297333,0
CPNE1,0.07296079,0
SEPTIN8,0.072937794,0
GPR157,0.07283026,0
UGT2B10,0.072760195,0
TMEM184A,0.072736144,0
PDE8B,0.07272945,0
MPV17L,0.07272404,0
RHPN1,0.0727188,0
RNMT,0.07260788,0
KCTD21,0.07259915,0
CMTM6,0.07255096,0
TCF23,0.07246885,0
PHLDA3,0.0724163,0
MINDY1,0.072333515,0
PPP1R2,0.07231421,0
OLIG1,0.072313644,0
MRPS27,0.072288305,0
ANO5,0.07226157,0
HIGD2A,0.07224863,0
ZFHX2,0.07217798,0
BEST2,0.07201841,0
ARPP19,0.07200406,0
RNF166,0.07196979,0
SEC14L3,0.07196843,0
UBXN8,0.07193017,0
HOXD9,0.07192288,0
CRISPLD1,0.07182909,0
ADGRV1,0.07168469,0
ESF1,0.07150584,0
PAQR7,0.07140761,0
GPR149,0.071372226,0
DUSP28,0.071353875,0
MEI1,0.071336634,0
NIN,0.071305044,0
RAPGEFL1,0.07125709,0
PPP1R16A,0.07120224,0
GIP,0.0711968,0
GH1,0.07116418,0
AKAP9,0.07110587,0
ZNF232,0.07109529,0
AMZ1,0.07098652,0
CCDC180,0.07092753,0
NOL4,0.070916235,0
GABBR1,0.07078305,0
ZBTB2,0.070764825,0
TTC12,0.07076379,0
CSPP1,0.070693396,0
ASPDH,0.070676826,0
RTN4RL2,0.070673116,0
ADGRF3,0.07061425,0
PPP2R2D,0.070572324,0
PRDM10,0.07055361,0
TTLL12,0.07048144,0
PHYHIPL,0.070436426,0
CNKSR3,0.07041801,0
PSORS1C1,0.07035089,0
WNK2,0.07031711,0
TM4SF4,0.070234925,0
ANKDD1A,0.07021299,0
PPFIBP2,0.0700876,0
ASPHD1,0.0700817,0
ZNF804B,0.07008015,0
C1QL3,0.0700683,0
NUB1,0.06992829,0
DLX2,0.06990475,0
P3H4,0.06986895,0
CAPN7,0.06985879,0
CCDC137,0.069831066,0
DOC2A,0.0697635,0
NUP210L,0.06974374,0
DCP1B,0.06969758,0
MACO1,0.06953133,0
HSF5,0.06952598,0
TNK1,0.06952026,0
ADGRF4,0.069489375,0
TMEM50A,0.06936554,0
CA3,0.06935237,0
AMPD1,0.06931815,0
TMEM120B,0.06928537,0
UBTD2,0.06921513,0
ITGB1BP2,0.069050185,0
CRYBB2,0.06902247,0
TRIM6-TRIM34,0.068962395,0
TRPV3,0.06889682,0
RFPL1,0.068872586,0
QRICH1,0.06886247,0
SPATA5L1,0.06885236,0
DEFB4A,0.06875351,0
EFNA4,0.068748854,0
CCDC14,0.0685129,0
MT1E,0.068510436,0
PKIB,0.06838929,0
PER2,0.06832612,0
LRRN3,0.06827805,0
DBNDD1,0.068270944,0
SGCZ,0.068181865,0
TDRD12,0.06807015,0
ZNF444,0.06804715,0
LBX2,0.067982845,0
TMEM51,0.067902915,0
KRTAP1-3,0.06785409,0
CYP4A11,0.06783748,0
TRAPPC14,0.06781704,0
ANAPC13,0.06778731,0
AKIP1,0.06775373,0
CYP11B2,0.06770499,0
CNBD2,0.06760076,0
CCDC120,0.06758849,0
ZNF692,0.067565754,0
RNF133,0.06753549,0
TRIAP1,0.067434676,0
EPHX4,0.067424245,0
DCBLD1,0.06740224,0
MGAT4A,0.06731482,0
TPBG,0.067287065,0
YJEFN3,0.0672539,0
HECA,0.067245215,0
GPR26,0.06722927,0
H3C13,0.06721954,0
CATSPER2,0.06717042,0
SUSD5,0.0670505,0
SPATA4,0.06703064,0
RHBDD3,0.06697655,0
SVOPL,0.06695319,0
ZNF827,0.06689321,0
NAA30,0.06681088,0
MVB12A,0.06679907,0
TDRKH,0.0667126,0
CUEDC2,0.066707514,0
ST18,0.06659608,0
SEPTIN5,0.06655809,0
ASB15,0.066480115,0
TMSB15A,0.06647222,0
SHISA2,0.06643116,0
ICE1,0.066403665,0
ITM2C,0.066338584,0
DLGAP3,0.06623427,0
ZNF280D,0.06621256,0
TMEM179,0.066197075,0
INKA2,0.066147,0
WDR62,0.06612754,0
FAM171A2,0.06607561,0
ZKSCAN7,0.06603087,0
LEMD2,0.06596974,0
OLIG2,0.06594832,0
GPBAR1,0.06592015,0
AKAP7,0.06581737,0
INTS1,0.065805905,0
ZNF14,0.06578964,0
SVIP,0.06577234,0
CXXC4,0.06566413,0
TMEM45B,0.065602995,0
AS3MT,0.06560108,0
IFFO2,0.065577894,0
FBXO24,0.06553743,0
ZDHHC15,0.06546348,0
TMEM256,0.0654125,0
ANKMY2,0.0654039,0
LRRC9,0.0653862,0
PDE6C,0.06525225,0
CLDN6,0.06513143,0
ERI2,0.06509749,0
NSUN6,0.06507232,0
B4GALT4,0.0650593,0
THSD1,0.0649268,0
EEF2K,0.06491382,0
STPG2,0.06490315,0
TRMT10B,0.064834796,0
CRYBA2,0.06483341,0
TTC31,0.06483146,0
ABHD12B,0.06479483,0
HS2ST1,0.06472413,0
AARSD1,0.06470749,0
SIM1,0.06461866,0
PADI2,0.0645999,0
GCNA,0.0645553,0
KRT6A,0.06445945,0
SGCA,0.06413963,0
LMNTD2,0.06412918,0
PTGR2,0.0641234,0
CCDC57,0.06396135,0
SREK1IP1,0.06382836,0
RHNO1,0.06375603,0
METRN,0.06365125,0
ZNF322,0.063637555,0
SLC5A4,0.063626446,0
CINP,0.063572414,0
NECAB1,0.06357175,0
NAIF1,0.06356139,0
SPARCL1,0.063547514,0
HSD17B3,0.06354129,0
NPY1R,0.063459374,0
FEZ2,0.063390546,0
RGS11,0.06335343,0
TMEM100,0.06332583,0
FAM234A,0.06331736,0
UQCC3,0.063307025,0
LRRC42,0.06325547,0
HNRNPUL2,0.06324181,0
RUNDC3A,0.063235916,0
DNAH11,0.06323538,0
RAPGEF6,0.06310866,0
HOXB2,0.063086845,0
DCST1,0.06307616,0
SYT13,0.06302697,0
TEKT2,0.062977955,0
CTAG1B,0.06296308,0
STRA8,0.062955394,0
APOL4,0.06290926,0
MILR1,0.06289193,0
INSM2,0.06288966,0
SLC25A29,0.062870994,0
ITIH6,0.062834665,0
CCDC136,0.06283266,0
NSUN7,0.06283029,0
TNNT1,0.062803805,0
SERF1B,0.06273931,0
RGS17,0.06272299,0
ZNF316,0.0627094,0
RIBC2,0.06268426,0
R3HCC1L,0.06262066,0
PRRG1,0.06255632,0
HSD17B2,0.06252087,0
ZNF383,0.062433112,0
SGCB,0.06225199,0
RBM7,0.062191084,0
RGPD6,0.062157758,0
ZFP90,0.06205086,0
FAXC,0.061949745,0
CMTM4,0.06194294,0
PRND,0.061914418,0
ZNF354C,0.061832905,0
HTR2B,0.061809156,0
FAM184B,0.061807267,0
AMZ2,0.061751295,0
UNC5B,0.06160261,0
A3GALT2,0.061548054,0
ACTR10,0.061526258,0
WDR64,0.06150072,0
ZNF208,0.06139246,0
KCNN1,0.06137091,0
KCNK4,0.061360683,0
FBXO27,0.061251353,0
GPR3,0.061232068,0
NDUFAF5,0.06117996,0
NDNF,0.06114028,0
SECISBP2L,0.061098877,0
SDF4,0.061062414,0
NOTO,0.06103378,0
ASB12,0.0610041,0
FBXO48,0.060968727,0
CHRNB4,0.060947306,0
GJA5,0.060945578,0
FTMT,0.060883526,0
KANSL3,0.060782604,0
SS18L2,0.060680535,0
MIXL1,0.06067137,0
SNRNP35,0.0606656,0
MVB12B,0.060641125,0
RGPD5,0.060636964,0
SYDE2,0.06057845,0
METTL4,0.06055517,0
IAPP,0.06054257,0
SWT1,0.06048979,0
GSTM5,0.060453035,0
TAF13,0.06037964,0
UPK2,0.060376044,0
RPL36AL,0.060367946,0
CHRDL2,0.06033851,0
DEFB129,0.060279258,0
CAAP1,0.060222495,0
TYW1B,0.060216177,0
ZCCHC12,0.060040012,0
ZNF471,0.059975356,0
UGT3A1,0.05994488,0
CPLX3,0.05993851,0
TAFA2,0.059933025,0
LRTM2,0.05986819,0
COMMD2,0.059854943,0
INTS9,0.05973845,0
B3GALT2,0.05973635,0
ANKK1,0.05950283,0
BTBD17,0.059487782,0
PNMA8B,0.05944704,0
ACCSL,0.05943635,0
GPER1,0.059416097,0
GSC2,0.05934987,0
UBXN2A,0.059262943,0
PKIG,0.05926096,0
CCNB1IP1,0.059245545,0
PCDHB8,0.05924253,0
MTMR10,0.059232417,0
FIGLA,0.059191287,0
RUNDC3B,0.059159275,0
NUDT10,0.059154168,0
EVX2,0.059149604,0
ST8SIA1,0.059088487,0
GPKOW,0.058793455,0
FAM114A1,0.05873167,0
GCNT4,0.05872761,0
CCDC13,0.05868776,0
PUS3,0.05866065,0
ZP2,0.058640033,0
YAF2,0.058587514,0
SFT2D2,0.058354054,0
TMEM19,0.058341987,0
DNMT3L,0.05833792,0
GKAP1,0.058294788,0
MAP3K7CL,0.0582338,0
NR2C2AP,0.058217928,0
TRMT10A,0.05814184,0
SMNDC1,0.058030874,0
H3C12,0.05801172,0
ZNF789,0.057920806,0
BMP15,0.057841294,0
ACTR8,0.05779076,0
KCNK16,0.057773273,0
MAD2L1BP,0.057769,0
ADAD2,0.057730034,0
ZNF664,0.057634585,0
SGCG,0.057615656,0
NDUFA4L2,0.057575397,0
INTS10,0.05757312,0
SLCO1B1,0.057536576,0
NHSL2,0.057530433,0
RNF167,0.05752009,0
MRPL40,0.057469357,0
DAND5,0.05730112,0
TFAP2E,0.057193175,0
WFDC1,0.057170093,0
CCL16,0.057075065,0
HCN4,0.057024624,0
HSD11B1L,0.057007153,0
SULT1E1,0.056775905,0
CYP4A22,0.056756105,0
SPDYA,0.056742895,0
WASHC2C,0.05672881,0
EFS,0.056724496,0
PRRT3,0.05668471,0
FOXB2,0.05667186,0
ADAT1,0.056549586,0
IGSF21,0.05654478,0
TRAF3IP1,0.05648274,0
MCHR2,0.0564699,0
ST6GALNAC6,0.056463495,0
GNG8,0.056437127,0
KBTBD11,0.05639715,0
SLC5A12,0.056338385,0
TSTD1,0.056328375,0
AFG1L,0.056324888,0
TMEM8B,0.056303166,0
METTL2B,0.056283183,0
METTL13,0.05623135,0
CAPN11,0.056172844,0
GDPD3,0.056167684,0
SLAIN1,0.056075405,0
GIPR,0.05590391,0
TOMM5,0.05588237,0
PCSK1N,0.05586519,0
FNDC4,0.05577896,0
PALD1,0.05577867,0
SRRM4,0.055669554,0
KBTBD7,0.055596277,0
RNF214,0.055592332,0
SLC52A1,0.055584848,0
CCZ1,0.05557222,0
KCNG1,0.055564288,0
PRPF38A,0.055559848,0
TTLL2,0.055521302,0
ZBED3,0.055456948,0
C2CD4B,0.055441976,0
FAM241B,0.0554417,0
FTCDNL1,0.05538354,0
CCDC174,0.055327673,0
ENHO,0.05518481,0
SPINK7,0.05518263,0
RALGAPB,0.05511126,0
CHGB,0.055033352,0
ZNF3,0.054992016,0
H4C5,0.054979827,0
ARMCX1,0.054959245,0
TBX19,0.05489983,0
PCIF1,0.054877892,0
CACNG1,0.05485152,0
PCDHB15,0.054849185,0
TMEM181,0.05483229,0
SMPX,0.054773986,0
NECAB3,0.05471331,0
PCED1B,0.05467992,0
NKX6-3,0.054660004,0
C6orf58,0.054656345,0
HMX3,0.054602485,0
CFAP54,0.054509617,0
PMFBP1,0.054505564,0
HES4,0.05441231,0
ASAH2,0.054386407,0
LIPM,0.0543734,0
SLFN12L,0.054336682,0
MRPL48,0.054284662,0
PCDHGA1,0.05427601,0
HOXD8,0.054259703,0
CIART,0.054201588,0
ZSCAN10,0.054197542,0
NUDT11,0.054155543,0
USH1G,0.053992216,0
H2BC12,0.053892165,0
SNTA1,0.053846862,0
CYYR1,0.05377085,0
ITGA10,0.053722773,0
TEX55,0.05367063,0
TBC1D8,0.053664446,0
TPPP3,0.05366276,0
CST11,0.053635743,0
PAQR4,0.053613164,0
CLC,0.05360806,0
BRAT1,0.05357488,0
RBM43,0.053526882,0
RFX8,0.053475965,0
NGDN,0.053475387,0
ABHD15,0.05347488,0
FAM171A1,0.053436615,0
TMEM87A,0.05340135,0
GDPGP1,0.0533242,0
OLFM3,0.053313065,0
PTPDC1,0.05331136,0
KCNG3,0.053296644,0
PHOX2A,0.053206675,0
HS6ST1,0.053014237,0
DRC7,0.052992657,0
MIDN,0.05294935,0
STK31,0.052827086,0
CAMKK1,0.05281377,0
INTU,0.05278797,0
PSAPL1,0.052776463,0
PLAC9,0.052743945,0
DBX1,0.052731574,0
IFT74,0.052640446,0
GALNT7,0.05263063,0
UPK1B,0.052591246,0
PRMT9,0.052555427,0
TMC5,0.05253652,0
METTL6,0.052519374,0
VWA5B2,0.05247257,0
BCO2,0.052372348,0
TMEM132D,0.052261423,0
SLC5A10,0.0522545,0
CFAP61,0.052249532,0
METTL27,0.052240815,0
MIF4GD,0.052226692,0
LEAP2,0.05218867,0
KNDC1,0.051974904,0
PGLYRP3,0.051935032,0
BMP8A,0.051904652,0
CMC2,0.051899113,0
GJB3,0.051873345,0
MUSTN1,0.051859286,0
NPFFR1,0.051858395,0
POTEM,0.051782962,0
CYP2C19,0.05172797,0
WDR87,0.051704142,0
PPP1R26,0.051684562,0
SMYD4,0.051637024,0
B3GALT6,0.05157385,0
FANK1,0.051558968,0
EXO5,0.05147878,0
JAKMIP3,0.051478732,0
TSHB,0.051397923,0
JPH4,0.051392518,0
C11orf91,0.051363304,0
ZNF560,0.051345382,0
MLNR,0.051299784,0
ZP4,0.051238876,0
PRRG4,0.051233478,0
LRTOMT,0.051188946,0
ARRDC3,0.051187683,0
FBXL7,0.051086955,0
MFAP2,0.051032986,0
KLHL33,0.05090057,0
GOLM2,0.050872903,0
C5orf24,0.05073761,0
GPBP1,0.050724376,0
TSEN54,0.05066978,0
GHRHR,0.050579894,0
EIF4E1B,0.05056798,0
KRT2,0.050459128,0
ANKRD18B,0.050426584,0
ADCK1,0.050345108,0
CEP68,0.050330825,0
BPIFB1,0.05032892,0
CBLN2,0.05024982,0
DIPK1C,0.05015535,0
DEPDC7,0.050073657,0
GPR17,0.050027587,0
PLCL1,0.05002611,0
BARHL1,0.05001844,0
SCNM1,0.050007626,0
FAHD2A,0.0499131,0
AWAT1,0.04987343,0
DMAC2,0.04975277,0
CMTM2,0.049748354,0
TRIML2,0.0497321,0
PHYHD1,0.04963742,0
C17orf80,0.0496093,0
RAB37,0.04953832,0
AJAP1,0.04950712,0
GRM4,0.049495373,0
TAF7,0.049463805,0
ACTRT2,0.049420048,0
DPY19L4,0.049354903,0
GPN1,0.04935042,0
FBXO38,0.04920115,0
TJAP1,0.049071938,0
BAAT,0.049032774,0
ZBTB39,0.04901544,0
TTC5,0.049010817,0
GPRIN2,0.04899808,0
H3C10,0.048994057,0
TGIF2LX,0.048953705,0
TTC16,0.048774563,0
H3C1,0.04876338,0
TMPRSS11E,0.048672564,0
KLHL11,0.04858841,0
LOC122394733,0.048574142,0
EMILIN2,0.04857186,0
HIC2,0.048557047,0
PHF10,0.04854464,0
CPO,0.04852454,0
NPTXR,0.04848486,0
ANKRD9,0.0484513,0
NAA16,0.048444375,0
SPATA17,0.04844187,0
CCDC33,0.048428256,0
INTS7,0.048425905,0
AGAP4,0.048298664,0
TRIM52,0.048198815,0
LYZL1,0.048149727,0
PITX3,0.048130196,0
HCAR1,0.04806731,0
ZSCAN12,0.04804684,0
MKS1,0.04804073,0
CYP4X1,0.04801435,0
POC1B,0.047922477,0
GPR45,0.047880147,0
PGGHG,0.04786491,0
IGSF1,0.047807332,0
LOXHD1,0.047799204,0
CALCRL,0.047741126,0
NRP2,0.047731366,0
CHRNB2,0.04759164,0
NAA25,0.04758236,0
PLAC1,0.04750313,0
DEFA5,0.04741056,0
PSG3,0.04740372,0
AP5S1,0.04738469,0
NIPAL3,0.047380235,0
INS-IGF2,0.047376048,0
HTR1E,0.047349416,0
GTF2IRD2B,0.047328316,0
ASMT,0.047291074,0
H3C15,0.04726969,0
PRXL2B,0.047269445,0
UBXN2B,0.04721291,0
PKHD1,0.047209,0
GAL3ST2,0.047183372,0
LRRC19,0.04710408,0
UMODL1,0.04706486,0
MACC1,0.047059175,0
SYT5,0.047041405,0
THSD4,0.046969317,0
NXPH4,0.046904534,0
TRAPPC13,0.04685554,0
ZBTB6,0.04680863,0
RNF217,0.04679179,0
TSPAN18,0.04678743,0
PRDM4,0.046785366,0
SGO2,0.046770092,0
C16orf87,0.04673179,0
TGIF2,0.046716973,0
AATK,0.046714872,0
KCNJ13,0.046695743,0
TP53TG5,0.04667589,0
FAM53B,0.046667393,0
ZNF608,0.046645872,0
MTX3,0.04663807,0
CATSPERB,0.046637733,0
NT5DC1,0.046627376,0
SPSB2,0.046608243,0
DCAF8L2,0.046592943,0
LLPH,0.04648864,0
LIPT2,0.046428815,0
MAEL,0.04634559,0
FAM177A1,0.04629229,0
ELOVL3,0.046260163,0
TPD52L3,0.046214156,0
PDE6G,0.046190128,0
WDR35,0.046179984,0
ACTL6B,0.04612296,0
MUC3A,0.046064947,0
ZAN,0.04598928,0
MAB21L3,0.045920353,0
COLGALT2,0.045890547,0
CAPN12,0.045848925,0
ZNF256,0.045675173,0
FBXO33,0.045667954,0
ZNF668,0.045649428,0
SCYL2,0.04564865,0
RNASE7,0.045641057,0
FMO2,0.045628604,0
PRSS55,0.04560964,0
ZNF280B,0.04555381,0
MMP21,0.04555016,0
DIO2,0.045491714,0
PYGO2,0.045487665,0
RAPSN,0.04541035,0
MRAP2,0.0453846,0
CALHM2,0.045378074,0
ATP8,0.045371205,0
NOP9,0.0453152,0
CDK2AP2,0.045289807,0
ATXN3L,0.045278884,0
RBM24,0.045249324,0
TIMM29,0.04518664,0
GGT5,0.04515229,0
MOBP,0.04497188,0
ODR4,0.04495941,0
PCDHB16,0.04489639,0
LRP2BP,0.044828482,0
HCN1,0.04482341,0
BTBD10,0.044816468,0
OXLD1,0.044755645,0
ZNF212,0.044680018,0
DPPA3,0.044629466,0
VIP,0.044577282,0
KHDC4,0.04455964,0
R3HDM2,0.044555895,0
LYPD6,0.044542022,0
PROK1,0.044532735,0
RCOR2,0.04453144,0
DMAC1,0.04450212,0
EVX1,0.04449467,0
GBX2,0.044217538,0
HRNR,0.044207532,0
SLC7A13,0.04418976,0
RGS9,0.0441774,0
ST3GAL2,0.04416622,0
THRSP,0.044155963,0
TAF10,0.044151075,0
SEMA4F,0.04413409,0
NT5C1B-RDH14,0.044116907,0
FAM76B,0.044116292,0
EMC9,0.04409979,0
ZNF611,0.043994367,0
DCAF17,0.043964002,0
PCGF6,0.04382904,0
P2RY4,0.043790504,0
SCG3,0.04376697,0
PRSS38,0.04372192,0
RBM46,0.043718137,0
NKAPD1,0.043718062,0
SPATA33,0.04370494,0
PGBD1,0.0436915,0
COMMD5,0.043665923,0
OTOP1,0.043599423,0
CCZ1B,0.043472886,0
CHRNA1,0.043458886,0
CDC42EP5,0.043453895,0
TTC21B,0.04335861,0
RIOK1,0.04333228,0
ZNF75A,0.043326057,0
CZIB,0.043277394,0
LRRC52,0.04324319,0
CHPF,0.043194834,0
SV2B,0.04317877,0
THUMPD2,0.043162346,0
H3C2,0.043158762,0
METTL16,0.04312401,0
VRK2,0.043077763,0
PLCL2,0.04307613,0
PRR15,0.04297466,0
RASSF9,0.042861633,0
KCNA7,0.04285156,0
CTXN1,0.042811524,0
HRK,0.04276473,0
KLHL28,0.042701863,0
SGF29,0.04269166,0
TRMT9B,0.042688172,0
JAKMIP2,0.042614385,0
KCTD8,0.042611316,0
PPP1R15B,0.042610895,0
HEPACAM,0.04253135,0
TMC3,0.042418197,0
PLPPR3,0.042097446,0
URAD,0.042095467,0
VPS26C,0.04202325,0
ASPHD2,0.042022116,0
MTERF2,0.04201374,0
ZCCHC10,0.041987117,0
FSD1L,0.04197449,0
EMC10,0.04191882,0
TMSB15B,0.041906673,0
DDX25,0.041736208,0
RBM4,0.04171519,0
KISS1R,0.04171154,0
NOP14,0.041709404,0
PPIAL4G,0.041684214,0
RBMXL1,0.041640904,0
CFAP70,0.041608043,0
SLC7A10,0.041477844,0
KRBOX4,0.04137982,0
CATSPER3,0.041376952,0
CHST5,0.041373163,0
PROCA1,0.041371573,0
NLRP10,0.041296832,0
PPP1R27,0.04126128,0
GLB1L3,0.041146114,0
SH3BGRL2,0.041096017,0
RPRML,0.041086532,0
ARMC3,0.041065138,0
MAGEC3,0.041051265,0
MYOZ1,0.041037075,0
INTS4,0.041001115,0
ANKRD30B,0.04095252,0
VSTM2L,0.04089097,0
KPRP,0.040885855,0
POGLUT2,0.040817123,0
CACNB3,0.040814456,0
ZNF845,0.040808305,0
NEK5,0.04076946,0
TEKT5,0.040766694,0
IQCE,0.040716525,0
MMRN2,0.040714618,0
ELMOD3,0.040627223,0
CPNE2,0.04059158,0
PCNX3,0.040571086,0
PRX,0.040562656,0
TASOR,0.040559504,0
RWDD2A,0.040518433,0
CCDC78,0.04048388,0
SLC25A51,0.04044922,0
GALNT4,0.04044107,0
TMEM268,0.04031984,0
THEM5,0.040315907,0
HMGXB4,0.040211525,0
FAM162A,0.040116396,0
RSPRY1,0.040105857,0
PLEKHM3,0.040063594,0
ZNF154,0.04002056,0
INA,0.03997737,0
MYBPC1,0.03994731,0
HAUS3,0.039834064,0
OVGP1,0.03982601,0
DRAM2,0.03979566,0
RNF141,0.03979382,0
BOD1L2,0.0397933,0
TRAPPC2B,0.039783426,0
CSNK2A3,0.039745867,0
RGL1,0.039729528,0
PSG1,0.03972739,0
MRPL18,0.039649397,0
KMT5C,0.039578862,0
DTWD2,0.039548576,0
ZNF625,0.03947716,0
ARMC5,0.039461058,0
JOSD2,0.039427392,0
MED13L,0.03938985,0
ALKAL2,0.03936877,0
H4C14,0.039358232,0
FAM32A,0.039250102,0
MT4,0.039178893,0
TMEM200B,0.03917219,0
USP31,0.039167184,0
KIAA0753,0.039160904,0
CHRNA9,0.039131146,0
ERICH3,0.039124407,0
CEMP1,0.039102327,0
TMCO5A,0.039043203,0
SRCIN1,0.039042052,0
MLC1,0.038981367,0
LYSMD3,0.038970668,0
ARMC7,0.03890069,0
CDKL3,0.038840484,0
SLC35E2B,0.038810536,0
ZFP28,0.03878575,0
LRRIQ3,0.038765617,0
ZNF609,0.03865364,0
CYP11B1,0.038635027,0
ACTR5,0.038531236,0
MBTD1,0.038506705,0
AFAP1L1,0.038458582,0
NPR3,0.038449362,0
DHRS3,0.038385436,0
RNF208,0.038365,0
CRNN,0.038361955,0
KCNK15,0.038347453,0
ZNF518B,0.038229514,0
CEACAM7,0.038211502,0
KANSL2,0.038166903,0
CYP4F11,0.038155634,0
ZNF76,0.038101394,0
SULT1C4,0.038067803,0
SLCO5A1,0.03804401,0
LZIC,0.038042545,0
FABP7,0.03803511,0
ASTE1,0.03798826,0
DEFB130A,0.03793432,0
MRPL52,0.037927732,0
LENG9,0.037903268,0
OPN4,0.03789308,0
ZMYND10,0.037866287,0
GOLGA6L2,0.037846535,0
PCDHGC3,0.037839007,0
ANKRD36,0.03774132,0
SPX,0.037683524,0
PHF3,0.03767768,0
LRRC20,0.037666973,0
TRMT13,0.03760268,0
MRPL10,0.037541773,0
CCDC73,0.03754127,0
R3HDM4,0.0375127,0
CST2,0.037492484,0
GALNT10,0.037465874,0
PGAP4,0.037387744,0
CGGBP1,0.037371162,0
MRPL50,0.037302177,0
DNAAF1,0.037198573,0
GPR88,0.037191845,0
ZNF174,0.03718423,0
MUC7,0.037144195,0
ABCA9,0.03713226,0
DDX43,0.03711887,0
GSX2,0.03711116,0
RIOX2,0.03703327,0
PHETA2,0.037022945,0
MAGEE1,0.036974132,0
CDKL4,0.03696283,0
MRPS36,0.036949776,0
DPCD,0.036945652,0
WDR49,0.036909945,0
DMKN,0.036798634,0
HAUS2,0.03678726,0
GPR160,0.036786105,0
DDN,0.036745388,0
OIT3,0.036735006,0
NPBWR2,0.036688376,0
LMOD2,0.03668349,0
SAT2,0.03668195,0
PLA2G4F,0.036625773,0
TMEM38A,0.036578882,0
TYW3,0.036536362,0
EFCAB5,0.03653036,0
FRMPD3,0.03651225,0
IQCK,0.03650641,0
WDR3,0.036458362,0
RASSF3,0.03645275,0
MTX1,0.03640593,0
LSM14A,0.036392976,0
PABPC5,0.03637705,0
CYP2C9,0.03637223,0
PTPRR,0.03636394,0
GPR27,0.036350287,0
ASIC3,0.03629221,0
TMEM185B,0.036280543,0
BCLAF3,0.036258344,0
DDO,0.036236398,0
TNRC18,0.03623127,0
H4C11,0.036212016,0
GPR68,0.036190677,0
OPRL1,0.036180753,0
SPATA2L,0.036108654,0
FAM111B,0.036106955,0
ARL6IP6,0.0360873,0
VMA21,0.03599434,0
NOMO3,0.035914537,0
SP8,0.035908483,0
ZNF354B,0.03590299,0
SAMD12,0.035870187,0
DNAI7,0.03586586,0
AKAP5,0.035854105,0
RBM11,0.03582417,0
RNF103,0.035797603,0
CRCP,0.035758346,0
PLXNA3,0.035746425,0
LMOD3,0.035671152,0
PBDC1,0.03560782,0
TMEM167B,0.03560624,0
KRT78,0.035568982,0
CHST14,0.035542052,0
USHBP1,0.0355401,0
LDLRAD2,0.035526577,0
OR4C3,0.035479005,0
ZNF296,0.03547096,0
CPA1,0.03545753,0
LCE3C,0.035447054,0
H4C9,0.035408597,0
DEFA3,0.035324287,0
PNMA1,0.035289362,0
PIRT,0.035247885,0
STARD6,0.035149116,0
SLC22A11,0.03507682,0
ADPRHL1,0.035076335,0
ZSWIM5,0.03504058,0
ADRB1,0.03503427,0
KLHDC8B,0.03502824,0
POTEH,0.03500075,0
NUTM2F,0.034990225,0
TMEM132C,0.034853663,0
CALHM1,0.034826696,0
OBI1,0.034794886,0
FAM169A,0.03479152,0
CHST7,0.03478141,0
PWWP2B,0.03474453,0
CHRNA2,0.034705285,0
TMEM232,0.034693297,0
SAP30L,0.034676988,0
TRPT1,0.034648914,0
FMO5,0.03459073,0
A4GNT,0.034588717,0
PLA2G3,0.034563623,0
KCNK2,0.03456265,0
FHIP1B,0.03455785,0
PHTF1,0.034544557,0
ZNF606,0.034458537,0
ELFN2,0.034441113,0
H4C15,0.03441119,0
LARP1B,0.03437836,0
SLC39A11,0.034327038,0
ZNF675,0.034321316,0
TTC17,0.034315582,0
LYSMD2,0.03427932,0
ZPLD1,0.0342039,0
LSMEM2,0.034174673,0
SLC66A2,0.03413923,0
LDOC1,0.034127105,0
H4C8,0.03405741,0
GSTA3,0.033967696,0
ISLR,0.03391784,0
CMTM8,0.033877924,0
CLDN9,0.03381623,0
CHAMP1,0.03381008,0
C16orf74,0.033806354,0
NEPRO,0.033780765,0
AADACL3,0.03373394,0
TTC9B,0.033726856,0
CCDC40,0.033605337,0
KCNJ8,0.033577643,0
VEPH1,0.033564508,0
CLDN11,0.033526853,0
RSPH1,0.0334889,0
TMEM88,0.03348148,0
WDCP,0.033479016,0
NAA60,0.033445597,0
ASCL4,0.033430185,0
CSDC2,0.03334507,0
SYNGR3,0.033341058,0
CBLL2,0.033297602,0
RPL36A,0.033278625,0
NOM1,0.033241134,0
MYMK,0.033230823,0
MARCHF11,0.033213682,0
ILDR1,0.033167683,0
TOMM20L,0.033164468,0
KRT37,0.03312715,0
SYNDIG1L,0.033119187,0
TMEM151B,0.033043772,0
TMEM185A,0.033035826,0
IDNK,0.033020172,0
SEL1L2,0.03297232,0
RGP1,0.03295074,0
LYRM7,0.03292883,0
LMBRD2,0.032912295,0
C3orf52,0.032907598,0
B4GALNT4,0.032879498,0
C17orf49,0.03284281,0
USP17L2,0.032797795,0
AKAP8L,0.03275142,0
H4C12,0.032720715,0
DEFA6,0.032699496,0
TCHH,0.03269786,0
PIK3IP1,0.03267378,0
BCDIN3D,0.03266498,0
PEDS1,0.032641664,0
LRRC14,0.03264164,0
BEND4,0.032635853,0
PPP1R3A,0.03263161,0
FUZ,0.03262619,0
CHST6,0.032615863,0
KCNJ12,0.032561388,0
DBH,0.032426644,0
ANKS4B,0.032412156,0
HRH2,0.032391258,0
ZKSCAN4,0.03233959,0
SPATA32,0.032336295,0
TOMM6,0.032313157,0
ZNF319,0.032299217,0
PCDHB13,0.032285128,0
PNLIP,0.03226815,0
ZNF786,0.032200318,0
LRFN3,0.032122217,0
SLC38A5,0.032118615,0
CASP14,0.032100983,0
ADO,0.03209182,0
OAF,0.031994198,0
ZNF500,0.031987954,0
NYAP2,0.031940922,0
NHSL1,0.031927906,0
ABCD2,0.031927805,0
HTR6,0.031923093,0
HOMER1,0.03189085,0
NAA11,0.031752538,0
ARMCX3,0.031689722,0
INTS14,0.031654198,0
DCAF16,0.03164668,0
HEXD,0.03161803,0
ZNF175,0.031602617,0
NPFFR2,0.0315991,0
CRABP2,0.031595387,0
ARHGAP8,0.03159034,0
SOX12,0.031555325,0
RWDD4,0.03150573,0
PPDPF,0.031484146,0
PCDHB6,0.031452384,0
ZNF449,0.03142068,0
ZBTB8B,0.031397305,0
PROM2,0.03139693,0
PCDHGA3,0.031317994,0
ANKIB1,0.031201966,0
WFDC8,0.031195758,0
LIN52,0.031168925,0
ZNF23,0.03116007,0
RCE1,0.031153796,0
MT1H,0.031144643,0
SLC38A8,0.031120796,0
SLC38A11,0.031097887,0
ZNF672,0.0310504,0
BNIP5,0.031050194,0
ZNF775,0.030997207,0
FKTN,0.030918607,0
LRRC34,0.030903682,0
PKD2L1,0.030864868,0
GSDMA,0.030814521,0
IRX2,0.030703561,0
FKBP14,0.030698707,0
TRPC7,0.030575478,0
RPS19BP1,0.030567966,0
ZNF226,0.030546458,0
RNF182,0.030509602,0
PLA2G10,0.030474795,0
ST6GALNAC5,0.030377962,0
C1orf52,0.030359996,0
FAM53A,0.03032059,0
POTED,0.030275773,0
ZNF300,0.03026483,0
ECM2,0.030226711,0
N4BP2L2,0.030207958,0
SCTR,0.03020696,0
GPR179,0.030202713,0
KLHL35,0.030200467,0
ARSF,0.030172007,0
CLEC4F,0.030136902,0
HOXD11,0.030133445,0
AFAP1L2,0.030105738,0
DAP,0.030098584,0
ZNF28,0.030079395,0
CEP170B,0.02993854,0
MT1G,0.029922992,0
DNAI3,0.029903812,0
R3HDML,0.029897286,0
RASGEF1A,0.029862376,0
TRIM50,0.029843416,0
GLDN,0.029835733,0
TTC9C,0.029827086,0
CFC1B,0.029805949,0
ZNF12,0.029782673,0
APBB3,0.029761257,0
PPP2R2B,0.029678568,0
ZC2HC1C,0.02965704,0
C2CD4C,0.029656338,0
PPM1M,0.029646384,0
TIGD7,0.029608982,0
HEPACAM2,0.029596131,0
DTWD1,0.029463688,0
MED9,0.029462993,0
MUC12,0.029410897,0
LRRN4,0.029407073,0
ADCK2,0.029396942,0
PRKRIP1,0.02932036,0
PRR3,0.029281862,0
TMEM120A,0.029210377,0
OMD,0.029209211,0
HAPLN4,0.029194303,0
ALOX15B,0.029153856,0
ZNF469,0.029140387,0
KLK12,0.029128086,0
TTLL5,0.029084167,0
CRYGS,0.029028067,0
OTOA,0.02902012,0
VOPP1,0.029007291,0
CYP2S1,0.028993474,0
HSD17B13,0.02898296,0
ZDHHC24,0.028973203,0
FAM83A,0.028951526,0
ZNF674,0.02889933,0
TDRD5,0.028878534,0
LRRC8B,0.028849384,0
P2RX6,0.02879742,0
TMEM108,0.028729217,0
CLCNKB,0.028616766,0
KCNK18,0.028610941,0
LRRC38,0.028608462,0
CATSPERG,0.028602004,0
H3C11,0.028561398,0
TCEAL1,0.028558185,0
TRABD,0.028539635,0
CST5,0.02853382,0
TPRG1L,0.02852753,0
SULT1A4,0.028511472,0
TTC33,0.028506974,0
WDR47,0.028444966,0
DLEU7,0.028437339,0
DPPA2,0.028378855,0
JADE2,0.028370121,0
GRIN3B,0.028362248,0
MEAK7,0.028327847,0
C2orf68,0.028301647,0
C3orf14,0.028301332,0
UGT2B17,0.02828334,0
TLCD3B,0.028279966,0
EVA1C,0.028258659,0
MINAR1,0.028203018,0
GJD2,0.028139735,0
ZNF394,0.028124308,0
PTCD2,0.028090771,0
DEFB130B,0.028059134,0
GPR137,0.028054386,0
ZNF354A,0.028001746,0
LZTS3,0.02798194,0
LRRC8D,0.027977414,0
CASC3,0.02797339,0
FAM220A,0.027946323,0
SNTN,0.027856171,0
LCE1B,0.027852606,0
PSORS1C2,0.027834602,0
SLX9,0.027828706,0
GABRR2,0.02781415,0
VAX2,0.027806712,0
H4C13,0.027800959,0
SLC7A6OS,0.027747875,0
RMDN2,0.027710132,0
ZDHHC20,0.027678598,0
H3-5,0.027650801,0
SYCE3,0.027634403,0
PRSS37,0.027582098,0
NPPC,0.027578957,0
TMEM196,0.02757199,0
TMPRSS13,0.02756839,0
SLC22A9,0.027482929,0
KCTD6,0.02746215,0
PLAAT3,0.02745228,0
C1QTNF2,0.027433703,0
AAGAB,0.027412722,0
ANKRD34A,0.027405566,0
FBXO15,0.027373211,0
CRTC3,0.027275542,0
PLPP6,0.027231598,0
CYLC2,0.027195185,0
CDC123,0.027174449,0
MYCBP,0.027166598,0
KCTD18,0.027166063,0
GTF2A1L,0.027151642,0
PLET1,0.027029827,0
RBM26,0.026998807,0
CSHL1,0.026970651,0
EIF4ENIF1,0.026957115,0
HS3ST6,0.026929684,0
SERPINB13,0.0269186,0
TMEM164,0.02689527,0
SLC35G2,0.0268644,0
METTL8,0.02681631,0
GGCT,0.026813824,0
BNIPL,0.026774991,0
DHRS7C,0.026770474,0
NCKAP5L,0.026758675,0
KIN,0.026736083,0
TGM6,0.026709884,0
YAE1,0.026659882,0
MPZL3,0.02663122,0
DCAF5,0.026588986,0
ANKFN1,0.026581975,0
KIAA0040,0.026530044,0
IFT81,0.026524203,0
WNK4,0.026485464,0
MESP1,0.026463017,0
MRGPRF,0.026448317,0
TMEM65,0.026439939,0
KBTBD6,0.026429696,0
ERVMER34-1,0.026408136,0
MRPL53,0.026398083,0
TMC7,0.026391987,0
TMUB2,0.026336737,0
TMEM69,0.026327683,0
UBXN11,0.026282286,0
SPTY2D1,0.026235858,0
STIMATE,0.026234586,0
TLCD5,0.026219271,0
BICDL1,0.02619295,0
THG1L,0.026185028,0
HSFX2,0.026175922,0
ZSCAN9,0.026093444,0
TTLL8,0.02606712,0
DCDC2B,0.026055941,0
CCDC157,0.026025344,0
CNTFR,0.025936991,0
MUC20,0.025879126,0
ZFP1,0.025862645,0
KRTAP5-9,0.025813969,0
TMEM182,0.02580119,0
SULT1B1,0.025775852,0
CFAP20DC,0.025775276,0
APLN,0.025756808,0
LCA5,0.02573838,0
RTN4RL1,0.025731567,0
ANKRD24,0.025698427,0
TMEFF1,0.025690667,0
CEACAM19,0.025684934,0
H3C3,0.025648057,0
GPR12,0.025585124,0
DDX59,0.025544604,0
DLX4,0.025495632,0
PTOV1,0.025482982,0
BOC,0.02546478,0
MAML2,0.025360754,0
DND1,0.025325615,0
ZBTB21,0.025259674,0
MTFR2,0.025244655,0
CEP44,0.025242321,0
DIPK1B,0.025223672,0
CD300LG,0.025213022,0
ST8SIA5,0.025195641,0
MROH1,0.025192821,0
LRRC26,0.025153697,0
ZACN,0.025139956,0
SNRNP48,0.025138367,0
PAIP2,0.0251293,0
C22orf39,0.025125457,0
FBXO40,0.025119273,0
FAM72D,0.025108516,0
PLA2G2E,0.02505725,0
SIK1,0.025051339,0
MROH6,0.025011802,0
MFSD11,0.025004366,0
TNNI3K,0.024971379,0
FAM149B1,0.024966365,0
PPP1R3F,0.024954356,0
FXYD2,0.024802051,0
OPN1SW,0.02473538,0
CLEC18A,0.02471927,0
FBXO10,0.024707695,0
FASTKD2,0.024674492,0
SCYL3,0.024662653,0
NEUROD4,0.024653535,0
FER1L6,0.024646686,0
ECSCR,0.024645923,0
ZDHHC23,0.024636434,0
GPATCH2,0.024624137,0
PDZD7,0.024553128,0
PRAC2,0.02454871,0
STOX2,0.024534672,0
SPATA20,0.024516433,0
DYNC2I2,0.024484454,0
DGLUCY,0.024465475,0
HOXC9,0.02445167,0
TMEM132E,0.0243908,0
SIK2,0.024377618,0
ZNF516,0.024329498,0
SH3TC2,0.024257168,0
MSLNL,0.024246478,0
DNAI1,0.024245784,0
CDNF,0.024242336,0
HS3ST3B1,0.024214983,0
ZDHHC22,0.024203101,0
ACTL9,0.024202272,0
KLHL26,0.02420131,0
HCRTR1,0.024197526,0
PNISR,0.024185352,0
CCDC32,0.024176909,0
CAPN14,0.024138547,0
SPRED3,0.024044802,0
BCO1,0.0240169,0
LRRC63,0.024012908,0
TDRD1,0.024008634,0
NEURL2,0.023989044,0
NTF3,0.02397034,0
CDHR4,0.023904346,0
WDR86,0.023884948,0
SNAPC5,0.023866301,0
RBM6,0.023842208,0
CCDC71L,0.023828644,0
LCN9,0.023795055,0
RNF113B,0.023777837,0
GTF2H2C,0.023750061,0
MAP3K15,0.02374724,0
MRPS21,0.023737626,0
CLPS,0.02371458,0
PCDHB9,0.023679614,0
CAPRIN2,0.02360019,0
NOL4L,0.023557272,0
NTN4,0.023554046,0
NT5DC3,0.023536265,0
ZNF283,0.02350307,0
IMP4,0.023464127,0
ODF2,0.02341642,0
RPP14,0.023411183,0
CFAP161,0.023403438,0
NXPH2,0.0233987,0
PCDHB10,0.02334026,0
MLIP,0.02330818,0
SSX2,0.02330584,0
ZNF251,0.023296515,0
PKD1L1,0.023296308,0
TEKT4,0.023277577,0
PNMA2,0.023275653,0
CYP2A6,0.023273356,0
H3C4,0.023219878,0
NPS,0.023205763,0
S100A7A,0.023205651,0
GRM6,0.02319647,0
NPB,0.023190377,0
ZCCHC4,0.023157973,0
GPRIN3,0.023154344,0
TMCC2,0.02312348,0
TMEM35A,0.023114797,0
CYS1,0.023097532,0
GSTA5,0.023086656,0
PRR14L,0.023030037,0
FAM3A,0.023005594,0
MOB3B,0.02297198,0
CCDC3,0.022947902,0
H3C8,0.022903308,0
AQP11,0.022879487,0
SDHAF3,0.022872014,0
SH2D5,0.022853758,0
C11orf52,0.02283722,0
KLHL8,0.022821514,0
SEPTIN14,0.0228037,0
KRT34,0.022798503,0
SERHL2,0.0227745,0
ITPRIP,0.022741394,0
MGARP,0.022723211,0
PLN,0.022663707,0
SPESP1,0.022658985,0
NR1I3,0.02265868,0
DHRS13,0.022658633,0
ZNF382,0.022658458,0
TMEM171,0.022657825,0
PAQR6,0.022630338,0
NKAIN4,0.022610025,0
ADGRA3,0.022572042,0
ERVFRD-1,0.022561824,0
TMEM183A,0.02254585,0
KCNG2,0.022533774,0
HAUS7,0.02252245,0
PSG5,0.022492992,0
GLYATL1,0.022458026,0
NTN5,0.022451894,0
KIFBP,0.022444705,0
C14orf93,0.022434052,0
CHAT,0.022415282,0
ZNF25,0.022388857,0
FAM72C,0.022376368,0
LRFN1,0.022363394,0
VRTN,0.022309076,0
FAM8A1,0.02230436,0
PPP1R3G,0.022286762,0
CTAGE9,0.02227931,0
BMERB1,0.022269545,0
CCDC18,0.022267345,0
IGFBPL1,0.022260454,0
PRDM12,0.022233749,0
ZNF180,0.02218353,0
HR,0.022171902,0
CA11,0.022148231,0
C19orf53,0.022138778,0
PPP1R14A,0.022127002,0
TULP4,0.022038605,0
CCDC43,0.022023655,0
GSDMC,0.022000907,0
ZNF646,0.021994188,0
GPR182,0.021986973,0
GOLGA6A,0.0219833,0
H4C7,0.021959579,0
FOXD4,0.021931933,0
CNP,0.02190443,0
CDIN1,0.02188682,0
IRGC,0.021884281,0
CEP41,0.02186785,0
CHST9,0.02182487,0
HTR7,0.02181015,0
KLLN,0.021761207,0
FLG2,0.021744778,0
CRYBA1,0.021726111,0
ZSCAN21,0.02170924,0
LHCGR,0.021680487,0
FBXO43,0.021672068,0
HOXC5,0.021637732,0
ACSM4,0.021579456,0
GGTLC2,0.021578778,0
OR51E2,0.021540945,0
GPR75,0.021489585,0
RBM4B,0.021447167,0
PCDHA5,0.021421192,0
ERV3-1,0.021389933,0
RBM38,0.021388147,0
POTEG,0.021288037,0
KCNE4,0.021265427,0
PATL2,0.02125636,0
SSNA1,0.021239743,0
KCNA6,0.02120558,0
CHTOP,0.021202479,0
B4GAT1,0.021164961,0
CRAMP1,0.021127973,0
ZC3HAV1L,0.021121578,0
KRT36,0.021103451,0
WFDC2,0.021102559,0
MTMR12,0.021060063,0
TEX28,0.021040784,0
KRT77,0.021000953,0
ANKRD22,0.020985326,0
POC5,0.020966219,0
FAM162B,0.020946523,0
PCGF3,0.020931246,0
ZMAT1,0.020893374,0
NPY5R,0.020879624,0
CYB5D2,0.020874906,0
SERPINB11,0.020871086,0
ZCCHC3,0.020867588,0
H3C7,0.020852705,0
IMPG1,0.020815995,0
ASCL3,0.020800348,0
MTRES1,0.020797273,0
KCNMB4,0.020783085,0
ANGPTL8,0.020742508,0
CENATAC,0.02071405,0
FBRS,0.020705724,0
IFT172,0.020677762,0
RPS6KL1,0.020664036,0
TSGA10,0.020644667,0
C17orf67,0.020626662,0
EIF4EBP2,0.020615462,0
TCTE1,0.020557584,0
PEX5L,0.020481188,0
ZNF717,0.020477299,0
OMG,0.020463703,0
HDGFL1,0.020461002,0
TMC4,0.02045526,0
ZNF787,0.020398261,0
GPR20,0.020393891,0
PAGR1,0.020387007,0
ST6GALNAC3,0.020382525,0
FAM110C,0.020363431,0
DPH3,0.02033528,0
MB21D2,0.020333689,0
TMEM53,0.020328099,0
F8A1,0.020324819,0
WDPCP,0.020299695,0
FAM9C,0.0202956,0
GPR119,0.02028996,0
FXYD5,0.020283397,0
SIAH3,0.020279884,0
PRR5L,0.020278735,0
LRRN2,0.020266153,0
LRRC8C,0.020261908,0
PLEKHG7,0.02026185,0
AP1AR,0.020260477,0
CACNB1,0.02022283,0
C11orf87,0.020222737,0
PPP1R37,0.020201225,0
ACTL7A,0.020179044,0
TMPRSS11A,0.020157602,0
ZNF18,0.020156626,0
CLEC3A,0.020154191,0
CUEDC1,0.020134822,0
LY6G6F,0.020117518,0
TMEM178A,0.020115137,0
WASHC2A,0.020105302,0
TMEM130,0.020101115,0
KLHDC7A,0.02006071,0
JCAD,0.020029001,0
GHRH,0.019982448,0
GAL,0.019957302,0
PITPNC1,0.019922616,0
TM4SF20,0.019914443,0
MRPL37,0.019901937,0
S100Z,0.01989745,0
IFT43,0.019896893,0
CARF,0.01989439,0
NHLH2,0.019888083,0
GLP2R,0.01984259,0
ZNF513,0.019830685,0
URB1,0.019809805,0
TPGS2,0.019796388,0
AMTN,0.019777082,0
TECTA,0.019770896,0
MCRIP1,0.01975791,0
ZNF687,0.019712064,0
CDCP2,0.019649258,0
ADGB,0.019634875,0
STK32A,0.019619862,0
PNPLA4,0.019587452,0
NUDT22,0.019540595,0
COL26A1,0.019515302,0
FAM43A,0.019515095,0
LSM14B,0.019469574,0
PTGER1,0.01944593,0
PSG6,0.019435372,0
TRIM74,0.019390527,0
BHLHE23,0.019364735,0
C4orf45,0.019363947,0
CT55,0.019341119,0
CEP128,0.019306105,0
DEFB125,0.019299857,0
GLMP,0.019289797,0
TPMT,0.019281756,0
NKD2,0.019219728,0
HAUS8,0.019219127,0
SECISBP2,0.019215679,0
FAM167B,0.019191358,0
C1orf35,0.019178554,0
ZNF839,0.019178407,0
C2CD2,0.019151576,0
PCDHA6,0.019125853,0
MTHFS,0.019112594,0
CER1,0.019108564,0
MS4A18,0.019034674,0
ZCCHC17,0.019031715,0
KRT79,0.018995084,0
UCN,0.018900672,0
LEFTY2,0.01889237,0
C1orf50,0.018882306,0
WDR19,0.018859934,0
BHLHA9,0.01883234,0
SPA17,0.018818986,0
ISM2,0.018797087,0
FAM171B,0.018783305,0
FXYD1,0.0187273,0
DYNC2LI1,0.01870048,0
OR2A14,0.018699368,0
RXYLT1,0.018685898,0
DNAI2,0.018673101,0
ZNF497,0.01864079,0
ZNF563,0.018636726,0
BTC,0.018602043,0
FAM24B-CUZD1,0.018589795,0
DNAJC30,0.01858321,0
DBP,0.018552138,0
FKBP1B,0.01855007,0
DSG3,0.018535987,0
SPATA18,0.018470364,0
H2BC4,0.018469749,0
CLDN23,0.018438587,0
ZNF101,0.018425396,0
SCML1,0.018423943,0
HS3ST4,0.018419152,0
LRRC27,0.018369613,0
ZDHHC6,0.018365597,0
ZNF385D,0.018365143,0
FAM135A,0.01835885,0
MAFA,0.01835305,0
COPS9,0.01834092,0
TSPYL6,0.01834034,0
VASH2,0.018334337,0
MAMSTR,0.018318702,0
PPP1R14C,0.018305201,0
GSG1,0.018286098,0
DCANP1,0.018278541,0
MS4A3,0.018197699,0
C2CD3,0.018191412,0
TMEM14B,0.018173937,0
KRT72,0.018170984,0
ZNF132,0.018151496,0
KRT3,0.018125994,0
CNRIP1,0.01811851,0
RBP5,0.018116677,0
MAGEA10,0.01811432,0
HTR1F,0.018085117,0
MRFAP1,0.018012982,0
KRT26,0.017998217,0
ZNF862,0.017954241,0
SCN2B,0.017951265,0
PADI3,0.017944753,0
FAM219B,0.01792253,0
ZNF524,0.017910156,0
NLRP9,0.017906431,0
TMEM200A,0.017876545,0
TAAR6,0.017874202,0
RASSF10,0.017853646,0
C11orf54,0.017851774,0
DEFB103A,0.017839788,0
METTL23,0.0178074,0
COCH,0.017806992,0
LRRC45,0.017804923,0
FAM43B,0.017804606,0
ANKRD63,0.01777864,0
ABHD14A,0.017761754,0
TMEM255A,0.017746279,0
CYP27C1,0.017736847,0
NXF2,0.017730135,0
H3C6,0.0177287,0
KIAA0930,0.01771815,0
RNF148,0.017708449,0
PRDM11,0.017698325,0
F8A2,0.017614875,0
MAGEC2,0.017575838,0
SYTL3,0.01756243,0
CASD1,0.017525576,0
TRIM60,0.017523985,0
KBTBD12,0.01751713,0
TULP2,0.01744442,0
IGDCC4,0.017427675,0
H1-8,0.017427364,0
MARCHF4,0.017405087,0
ARMC10,0.017393773,0
KCNK13,0.017387327,0
TMEM219,0.01737336,0
GPIHBP1,0.017364904,0
GTF2IRD2,0.017334266,0
LURAP1,0.017324455,0
FAM81A,0.017301295,0
KRT6B,0.017280472,0
ZNF45,0.017275767,0
RSPH9,0.017271567,0
HEATR9,0.017254822,0
PRELP,0.017248685,0
H2BC18,0.01723684,0
PSPN,0.01719334,0
ARPIN,0.017175695,0
VCX3A,0.017127762,0
FGF17,0.017100748,0
IGFLR1,0.017099993,0
GLIPR1L2,0.017069358,0
CASQ1,0.017060656,0
MYBPC2,0.017051231,0
RSBN1L,0.017018653,0
LRRC24,0.017012926,0
FFAR1,0.017001662,0
ZNF713,0.016998172,0
TANC1,0.01697501,0
SPIDR,0.016966332,0
LCE3A,0.016957682,0
TRO,0.016954152,0
TENT5D,0.016942728,0
DIO3,0.01694014,0
ANKRD36C,0.016931295,0
ZNF737,0.016923536,0
KLHDC8A,0.016914882,0
RBP7,0.016840437,0
FAM174A,0.016819695,0
TSTD2,0.016797762,0
SRL,0.016789889,0
CYREN,0.016788771,0
SBSPON,0.01677841,0
ZNF81,0.016769113,0
MBD1,0.016747639,0
KDM4D,0.016732115,0
IFT52,0.016717851,0
KIAA1671,0.016691778,0
FAM78A,0.016690353,0
PRR9,0.016677719,0
FBXO36,0.01667542,0
ZNF778,0.016666854,0
CYP4F8,0.016660945,0
PRB1,0.016636955,0
MTERF4,0.016604418,0
SLCO1A2,0.016574817,0
CRYGD,0.016571522,0
TVP23A,0.016545665,0
ETV3L,0.0165084,0
ZNF614,0.016505165,0
LRATD1,0.016494494,0
ANKRD29,0.016457537,0
COL19A1,0.01643529,0
HPS1,0.016431944,0
ZXDB,0.016431367,0
UTS2R,0.016423177,0
MPZ,0.016420783,0
VSTM1,0.016416995,0
LANCL3,0.01641082,0
GIPC2,0.016407127,0
CEP89,0.016401472,0
DNALI1,0.01637854,0
HTR1B,0.01636214,0
JKAMP,0.01633314,0
DKKL1,0.016327227,0
C4orf33,0.016304092,0
FAM107B,0.016302463,0
GDAP1L1,0.01629585,0
PIH1D2,0.016255226,0
DEFB1,0.016254716,0
TMPRSS11F,0.016219487,0
SNAPC2,0.016210467,0
DZIP1L,0.016202385,0
TMEM145,0.016170675,0
ARMH3,0.016169803,0
PRR16,0.016151508,0
P2RX5,0.01611933,0
EIF4EBP3,0.016101908,0
TRIM48,0.01608966,0
H3C14,0.016054852,0
CDR2L,0.016049752,0
CCDC126,0.016037881,0
C5orf22,0.016019134,0
ZBTB44,0.016014466,0
PODXL2,0.01599284,0
ZNF93,0.0159898,0
ZSCAN31,0.01595841,0
ZNF70,0.015939768,0
GPATCH2L,0.015919669,0
MIER2,0.01589406,0
OST4,0.0158745,0
ZNF572,0.0158492,0
BEX4,0.015832072,0
BTNL9,0.015831841,0
TMEM251,0.015807424,0
SCAMP4,0.015800586,0
CFAP45,0.015786888,0
SMIM14,0.01574121,0
B3GAT2,0.015709465,0
UBE3D,0.015675703,0
ADGRD2,0.015622612,0
KRTAP2-3,0.015594397,0
CCDC158,0.015578843,0
SYCP2L,0.015543589,0
LRRC30,0.015483398,0
ACRV1,0.015481436,0
ADAM30,0.015458363,0
PNPLA1,0.015437556,0
SLC35G5,0.015404975,0
DNTTIP1,0.015403632,0
SEPHS2,0.015398474,0
RIOX1,0.015384839,0
ZNF182,0.015382788,0
TMPRSS12,0.0153697645,0
PNMA3,0.01536739,0
TEDC1,0.015358388,0
CENPO,0.015354307,0
GPR135,0.015342172,0
C2orf73,0.015334121,0
ANKRD13B,0.015326434,0
CYB561D2,0.015320361,0
SANBR,0.015315117,0
BANF2,0.015298258,0
PRR22,0.015291959,0
GALNT14,0.015286518,0
ZNF426,0.015279707,0
LSMEM1,0.01526244,0
PHAF1,0.015239495,0
ZNF282,0.015237971,0
ROM1,0.015220208,0
TMEM156,0.015217863,0
LCN12,0.015198766,0
CCDC62,0.01519173,0
BTBD8,0.015161356,0
SNX31,0.015143559,0
SLC9B2,0.015052954,0
ZMYM5,0.015009263,0
KCNE3,0.014972677,0
RNASE10,0.014961913,0
NXPH3,0.014950779,0
ANKRD18A,0.014946328,0
MEA1,0.014886519,0
LRRC55,0.014869125,0
COL20A1,0.014860011,0
TCEAL2,0.0148488395,0
ZNF211,0.01483873,0
TMEM254,0.0148183955,0
CPXM2,0.014814825,0
AAMDC,0.014802595,0
BMT2,0.014760923,0
MYOM3,0.01475408,0
CCDC9,0.014718963,0
OR1J2,0.014710813,0
BTNL3,0.014691087,0
LNP1,0.014672869,0
FOXD4L5,0.014672172,0
OXGR1,0.014664522,0
ZNF829,0.014630229,0
LRRC43,0.01459644,0
STAC2,0.0145852165,0
LRRC37A3,0.0145419,0
DZANK1,0.014531454,0
DHRS9,0.01451247,0
DNAAF8,0.014507104,0
SCGB1D2,0.014493286,0
SMKR1,0.014479241,0
COA8,0.014479214,0
WFIKKN2,0.014458549,0
ACTL8,0.014453068,0
MRAP,0.014443433,0
GPR4,0.0144225685,0
CCM2L,0.014414282,0
HTN3,0.01441145,0
C20orf202,0.014404699,0
NPFF,0.014377788,0
HES3,0.014373726,0
COX16,0.014368344,0
SPAG11A,0.014361978,0
RNF32,0.014307627,0
TMEM52B,0.014296764,0
PPIAL4A,0.014288198,0
BROX,0.01427682,0
NKX6-2,0.014215676,0
MGAT4D,0.014207158,0
GFRA3,0.014178351,0
SEPTIN4,0.014161951,0
LY6G6C,0.014138741,0
CLDND1,0.014108254,0
SPATA6,0.014106311,0
ZNF407,0.01409239,0
SCN1B,0.0140879,0
GPR31,0.014064137,0
ADRA2C,0.014048124,0
UBAP1L,0.01404543,0
LRRC3C,0.0140434755,0
HYAL3,0.014017406,0
ZNF200,0.014016378,0
LYZL2,0.013969772,0
RNF212,0.01393307,0
ZNF600,0.013906066,0
SMAGP,0.013888612,0
TRIM49,0.013857039,0
SYCP1,0.01385455,0
C11orf68,0.013819641,0
PROX2,0.013815899,0
XKR5,0.0138105145,0
PPIAL4D,0.013797537,0
MCUR1,0.013786427,0
CTAGE15,0.013779701,0
PIP,0.013772314,0
PLAAT5,0.013760183,0
ANKRD53,0.013753486,0
CYP2A7,0.01373852,0
EPPIN,0.013737144,0
SYTL5,0.013734851,0
ASAH2B,0.013718912,0
SAMD13,0.013674079,0
BFSP2,0.01365288,0
GLB1L2,0.01363377,0
SYNE3,0.013606403,0
NBPF15,0.013570784,0
ACOT6,0.013549805,0
LRRC70,0.01353963,0
TCEAL4,0.013531048,0
C11orf24,0.013528661,0
MAGEA1,0.013466705,0
RNASEK,0.013436546,0
TLCD2,0.013431748,0
MAGEB18,0.013381494,0
CST4,0.013365859,0
MT1F,0.013357762,0
CKMT1B,0.013298254,0
TMEM17,0.013294432,0
VCX,0.013285996,0
MORC1,0.013277797,0
OAZ3,0.013263998,0
PCDHB1,0.013241145,0
PRDM7,0.013233777,0
NATD1,0.0132322945,0
ACTRT3,0.01318679,0
TMEM231,0.013158147,0
CCDC69,0.013145542,0
SPACA1,0.01313019,0
H2BW1,0.013122648,0
OCEL1,0.013120178,0
SPTSSA,0.013105178,0
VEZT,0.013103784,0
ZNF430,0.013060387,0
KIAA1549L,0.013060387,0
ZDHHC19,0.013057369,0
FYB2,0.013025901,0
SLC27A3,0.013017384,0
MT1B,0.013003901,0
AIDA,0.012997556,0
H2AB2,0.0129912505,0
ZNF589,0.012990664,0
ROGDI,0.012989263,0
SPINT3,0.012985772,0
CCDC107,0.012985015,0
H2BW2,0.012981153,0
MRPL57,0.012967585,0
TMEM117,0.0129531035,0
DOK7,0.012905727,0
NGRN,0.012893833,0
MAJIN,0.012866049,0
CLDN14,0.0128648495,0
ZNF257,0.012846811,0
GGACT,0.012815995,0
PIP4P2,0.012803398,0
CPA6,0.012798445,0
CCDC149,0.012786323,0
P2RX2,0.012732402,0
CCSAP,0.012730569,0
PXMP2,0.012705092,0
ZNF416,0.012697828,0
MOB3A,0.01268402,0
PPP1R17,0.012648754,0
FAM229A,0.012630681,0
CSKMT,0.012625882,0
RTL9,0.012620533,0
C1orf210,0.012523296,0
DMRTC1B,0.01251786,0
DEFB128,0.012511189,0
FAM181A,0.012492435,0
TEX14,0.012490293,0
SCT,0.0124864895,0
NTMT1,0.01248643,0
NSL1,0.012467917,0
FAM180A,0.01245313,0
CFAP74,0.012433009,0
HAPLN2,0.012432142,0
CES4A,0.012421568,0
NACAD,0.012407035,0
ILDR2,0.012381382,0
CHST4,0.012378083,0
ZNF34,0.012264989,0
DEFB118,0.012214656,0
TTC23L,0.012201884,0
DIPK2A,0.01219446,0
FBXO30,0.012167999,0
INAFM1,0.012162434,0
ADPRM,0.012157463,0
TRMT44,0.012140221,0
KRT73,0.012091816,0
SSX1,0.012084971,0
B3GNT8,0.01208452,0
PNLDC1,0.012069962,0
PAQR5,0.012045368,0
NSMF,0.012011226,0
NUPR2,0.011996167,0
ODAD2,0.011983237,0
GPR33,0.011977491,0
KIAA0586,0.011975748,0
RDH8,0.011973903,0
MSL1,0.011950796,0
CITED1,0.011937527,0
BPIFB2,0.011936379,0
PLEKHJ1,0.011921648,0
RDH16,0.011907126,0
KRT28,0.011897868,0
SSPN,0.011897093,0
KLHL32,0.0118821245,0
ZNF112,0.011880346,0
PAGE4,0.011876566,0
ZNF275,0.011875123,0
CALCB,0.011867214,0
APOL5,0.011783899,0
GTF2IRD1,0.0117539745,0
SDHAF4,0.011752622,0
FRA10AC1,0.011742547,0
FAM90A1,0.011734986,0
FUT5,0.011726102,0
CYP3A5,0.011725196,0
C4orf3,0.011720914,0
CACNG8,0.011707594,0
SEMA6B,0.011707307,0
CDH26,0.011707119,0
LRRIQ4,0.011703032,0
TSKS,0.011696598,0
KHDC3L,0.011656207,0
PRB4,0.011584262,0
RUNDC1,0.011572568,0
LGALS13,0.011557055,0
P2RY1,0.011547673,0
RINL,0.0115306005,0
C1orf54,0.011496162,0
TMEM40,0.011480322,0
ZSWIM4,0.01146041,0
PET100,0.011458374,0
ZNF398,0.01145745,0
TDRD6,0.011435635,0
SULT2A1,0.011384871,0
CFAP299,0.01138185,0
ERMARD,0.011348423,0
ZNF821,0.01134387,0
CST8,0.01133948,0
ZFP2,0.011337001,0
LRRC40,0.011313663,0
LYPD6B,0.011298068,0
GMCL1,0.011288031,0
CCDC65,0.011265415,0
ZNF10,0.011255237,0
LGALS14,0.011248972,0
SHOC1,0.011221051,0
NTMT2,0.011194075,0
C1orf226,0.011188028,0
CYB5RL,0.011169865,0
CRYBA4,0.011165942,0
PPP1R3D,0.01116451,0
RESF1,0.01114342,0
PCDHGA11,0.011142432,0
PPM1J,0.011118284,0
ARMCX4,0.011104421,0
FAM216A,0.011103462,0
MANSC1,0.011080799,0
POMZP3,0.011077988,0
PPY,0.011053276,0
SLC22A24,0.011051487,0
OGFRL1,0.0110508725,0
KIAA2026,0.011035016,0
KIZ,0.01102034,0
PID1,0.011001434,0
CLDN16,0.010994687,0
ZFP14,0.010984062,0
KRT80,0.010980841,0
SLC10A4,0.010951377,0
IRGQ,0.01094225,0
C1orf109,0.010936131,0
ZNF8,0.010905695,0
CYP3A43,0.010898178,0
ANKRD39,0.010877838,0
C3orf70,0.010865737,0
CFAP221,0.010854831,0
SHISA7,0.010839084,0
KLK13,0.010833293,0
HOMEZ,0.01080864,0
WBP1L,0.010803966,0
PALM3,0.010771725,0
SLC22A14,0.010762451,0
TEX35,0.010758583,0
MOGAT3,0.010749645,0
C12orf73,0.010732139,0
ARTN,0.01072297,0
KAT14,0.010683456,0
SPINK6,0.010670532,0
CCDC144A,0.010655928,0
LCE2C,0.010649466,0
BPIFA1,0.01064825,0
STIMATE-MUSTN1,0.010647456,0
GPR32,0.010646346,0
HOXA6,0.010619429,0
CCDC24,0.0106155975,0
LYZL6,0.010614801,0
VPS37D,0.010614195,0
MIA,0.010611791,0
BEAN1,0.010587543,0
DEFB119,0.010580712,0
ATPSCKMT,0.0105709825,0
ODF3,0.010552719,0
ELSPBP1,0.010546955,0
SPINT4,0.010541702,0
LEFTY1,0.010520564,0
TCEAL9,0.010498731,0
FBXO31,0.010490556,0
BBS12,0.010485796,0
ZNF517,0.010479564,0
PABIR1,0.0104790395,0
NPY2R,0.010418943,0
ZNF239,0.010411232,0
C1orf21,0.01040499,0
ODF3L2,0.010402829,0
ODAD1,0.010397612,0
HTR1D,0.010389544,0
SLC22A6,0.010383771,0
FAM53C,0.010375082,0
OPN1LW,0.010373814,0
C14orf119,0.010366855,0
PCDHA13,0.010348863,0
SEBOX,0.010345025,0
CACNG5,0.010299412,0
CMC4,0.010282214,0
VGF,0.0102682095,0
TTLL4,0.010264633,0
CNFN,0.0102389855,0
ZNF708,0.010233542,0
B9D2,0.010201878,0
SCGB1D1,0.0101947775,0
TM7SF3,0.010187284,0
SLURP1,0.010186509,0
CYLC1,0.010166912,0
KLK9,0.010164878,0
ECD,0.010146394,0
PRPF18,0.010144446,0
SYCP2,0.01014437,0
C3orf18,0.010119181,0
CYP1A2,0.010054342,0
SLC6A16,0.010044192,0
CEACAM20,0.010043134,0
LY6G5B,0.010037825,0
ZNF777,0.010037049,0
PLEKHS1,0.010014813,0
GGTLC1,0.01000721,0
SLC18B1,0.009971583,0
MYOT,0.009963597,0
DNAAF5,0.009944397,0
C11orf71,0.009941106,0
H1-6,0.009937812,0
CABYR,0.009932947,0
C10orf88,0.009929469,0
CRYBG2,0.009912958,0
PPP1R1A,0.00990306,0
SPRR3,0.009881274,0
TBCC,0.0098358495,0
SPAG11B,0.009822002,0
KRT38,0.009821353,0
STATH,0.009806335,0
B9D1,0.009804737,0
UPF3A,0.009803298,0
MAGEA4,0.0097658755,0
GPHA2,0.009758597,0
SULT2B1,0.009749451,0
TNP1,0.009742147,0
NXPE4,0.009720518,0
PAIP2B,0.009708702,0
NPAP1,0.009706143,0
ZNF461,0.00968147,0
PCDHAC1,0.009652304,0
ANKRD34C,0.009629314,0
ZBED2,0.009629145,0
ZXDA,0.009626626,0
DPH7,0.009611926,0
UBTD1,0.009600943,0
CRTC1,0.009596006,0
LRRC37A2,0.0095947785,0
TIGD4,0.009580185,0
MUC15,0.009579289,0
ELL3,0.009529545,0
TMEM101,0.009524303,0
CAVIN4,0.009518444,0
SCAND1,0.009493238,0
CPSF4L,0.009473978,0
CRB3,0.009473521,0
ADAMTSL2,0.009467644,0
CRYBB3,0.009437841,0
FGFBP3,0.009386829,0
ZNF439,0.009383712,0
NMB,0.009372805,0
ZFP69B,0.009335437,0
AKNAD1,0.009323128,0
IFTAP,0.009305735,0
SETD6,0.009304754,0
TCF24,0.009297693,0
INSYN2A,0.009270938,0
RBFA,0.009269043,0
PRLH,0.00924682,0
PTTG2,0.009241274,0
CSRNP2,0.00921653,0
TMEM263,0.009215007,0
RNASE13,0.009213478,0
CFAP69,0.009212064,0
SPATC1L,0.009211481,0
CYSTM1,0.009202033,0
EPOP,0.009187971,0
RTL3,0.009158781,0
ERICH1,0.009136768,0
ANKRD62,0.009121133,0
P2RY11,0.0091103045,0
CHRNB1,0.009107189,0
CCDC191,0.009104853,0
S100A5,0.0091019925,0
SPICE1,0.009100457,0
ZNF397,0.00909013,0
ACCS,0.009067522,0
TRAM1L1,0.009065389,0
OOEP,0.009048929,0
PCDHB11,0.0090427315,0
FAM193A,0.009039437,0
RIPPLY2,0.00903197,0
TAF6L,0.00902074,0
COA1,0.009000647,0
H2BC10,0.008996335,0
DYNLT2B,0.008980895,0
PCDHGA10,0.008977237,0
ACP4,0.0089536095,0
FAM124A,0.008922247,0
C4orf48,0.008910946,0
S100G,0.008890465,0
NEUROG2,0.00888246,0
C22orf23,0.008802218,0
TDRD15,0.008798783,0
SLC22A25,0.008779404,0
ZNF613,0.008764863,0
GSAP,0.008755803,0
OLAH,0.008746,0
GPR82,0.008743012,0
SMIM3,0.008732959,0
GYPB,0.008726703,0
VWC2L,0.0087062055,0
UPK3A,0.008699275,0
BBLN,0.008696779,0
CXorf38,0.008692788,0
TEX261,0.008688479,0
PRR30,0.008676696,0
WFDC13,0.008669594,0
INSL4,0.008668054,0
PET117,0.008667808,0
UBALD1,0.008657088,0
DNAAF9,0.008638223,0
RAET1L,0.0086349035,0
DCAF4,0.008577327,0
APCDD1L,0.008573452,0
CMC1,0.008546998,0
MBIP,0.008545514,0
AWAT2,0.008540595,0
F8A3,0.008528773,0
RNF175,0.008526652,0
THAP3,0.008519354,0
KRT71,0.008483474,0
SPAG7,0.008472251,0
RNASE8,0.008467542,0
PCDHGA9,0.008467309,0
HDX,0.00846091,0
TPBGL,0.008438354,0
MIA2,0.008430833,0
PSTK,0.008395386,0
ZNF567,0.008393651,0
GPR148,0.008392187,0
OLFML1,0.008367228,0
PDE6H,0.008346862,0
FRG1,0.008332287,0
GPANK1,0.008319244,0
PWWP3B,0.008317528,0
ZNF655,0.008317222,0
DEFB108B,0.008316612,0
NRTN,0.008307176,0
EPHX3,0.008302384,0
RBIS,0.008290669,0
EFCAB10,0.008275017,0
RGL3,0.008263681,0
ZG16,0.00825437,0
ZNF626,0.008243322,0
H2BC6,0.008241218,0
PNLIPRP3,0.008189691,0
PRM2,0.008186868,0
PHGR1,0.008182804,0
PABPN1L,0.008174963,0
COA4,0.0081685325,0
GPR62,0.0081655,0
ZNF404,0.0081383,0
FNDC10,0.008135867,0
CCDC93,0.008124908,0
C5orf63,0.008121235,0
GGNBP2,0.0081022065,0
LOC100288966,0.008097594,0
ODF2L,0.008078512,0
CLDN12,0.008074715,0
WFDC6,0.008064352,0
ZBTB25,0.008064276,0
APCDD1,0.008063407,0
GJA3,0.008059948,0
CRABP1,0.008055233,0
CRHR2,0.008043841,0
C2orf76,0.00804275,0
TAFA1,0.008039243,0
ZNF440,0.008023299,0
MZT2A,0.00801974,0
LARGE2,0.008014344,0
ZNF345,0.008003937,0
BBIP1,0.007996168,0
ALKBH6,0.007980082,0
CCDC160,0.007974219,0
SMG9,0.007969562,0
H2BC7,0.0079673715,0
OTOG,0.007951685,0
CHRM4,0.007938944,0
PPP1R1C,0.007930544,0
CCDC168,0.007925229,0
TASL,0.007922887,0
RWDD1,0.007906589,0
SLC9B1,0.00789718,0
DEFB134,0.0078900885,0
OAZ2,0.007875559,0
TMEM234,0.007866622,0
ZSWIM8,0.007859896,0
SFR1,0.0078567695,0
ZNF551,0.0078475345,0
LRRC69,0.0077730445,0
GDAP2,0.0077576106,0
TMEM125,0.007738273,0
SYNE4,0.0077273003,0
MAGEA11,0.007721763,0
RRP36,0.0077206376,0
SOWAHD,0.0076971836,0
PURG,0.0076925596,0
GJA4,0.0076671373,0
GPR52,0.00764638,0
CCDC7,0.0076078926,0
CEP83,0.0075947884,0
RFESD,0.0075931386,0
LYSMD4,0.0075832675,0
ARL14EP,0.0075801644,0
CPLX4,0.0075647226,0
CBARP,0.0075611584,0
TCP11L1,0.0075422283,0
TERB1,0.0075406325,0
PASD1,0.0075302096,0
FAM81B,0.0075027514,0
TSNAXIP1,0.007492624,0
HAUS4,0.007477317,0
ZNF446,0.0074771475,0
SOGA3,0.0074606542,0
KRTAP3-1,0.0074523147,0
SYT17,0.0074404343,0
CHRNB3,0.007440012,0
DEFB116,0.0073823035,0
CYP4Z1,0.007378943,0
CLDN19,0.0073601413,0
MS4A10,0.007353839,0
DEFB126,0.0073254546,0
UGT2B7,0.0073154722,0
PSG9,0.007301378,0
FHAD1,0.0072789057,0
RFPL2,0.007242271,0
ZBTB45,0.0072381385,0
C22orf31,0.0072262785,0
ZNF419,0.0072258576,0
GVQW3,0.0072152237,0
SLC25A53,0.0072126556,0
LYZL4,0.0072034183,0
ZNF653,0.0072014513,0
ZNF658,0.007174796,0
TRIM73,0.007163915,0
KIAA1586,0.0071581854,0
RAMP1,0.007150923,0
ETFBKMT,0.007137154,0
EMILIN3,0.0071333,0
FAM89B,0.0071312194,0
C7orf25,0.007123873,0
MAGEC1,0.0071152477,0
TOGARAM2,0.007113928,0
C1QTNF8,0.0071137995,0
M1AP,0.0071132504,0
ZNF691,0.007112675,0
SLC5A11,0.0071073663,0
DYNC2I1,0.0071049267,0
TMEM273,0.0070643034,0
CRACDL,0.007064099,0
C8orf76,0.0070563913,0
ZDHHC11B,0.0070400755,0
TMEM177,0.0070355604,0
ZNF853,0.00703215,0
GPR78,0.0070305117,0
C9orf50,0.0070052217,0
ZNF254,0.0069888285,0
ZNF688,0.006967364,0
MAGEB1,0.006961965,0
UPK3B,0.006917871,0
SMIM12,0.006917212,0
PCDHB12,0.0069159544,0
ZFP69,0.006915863,0
TMEM262,0.0069100754,0
NDUFV3,0.0069015566,0
CLDN17,0.006891873,0
LYPD3,0.0068910047,0
PYGO1,0.006885871,0
ZKSCAN5,0.006878668,0
ZC3H10,0.0068726437,0
MYPOP,0.0068665673,0
NEMP2,0.006864288,0
SIGLECL1,0.0068540624,0
OR5I1,0.006851343,0
PROB1,0.0068473793,0
FAM241A,0.006813902,0
ATF7IP2,0.0068091825,0
GUCD1,0.0068079024,0
SELENOM,0.006794448,0
DYDC2,0.006789617,0
NAT14,0.0067866785,0
GJC2,0.006784516,0
LELP1,0.0067768595,0
CLDN15,0.006760472,0
HRCT1,0.006751234,0
HTR3A,0.006742875,0
ZNF302,0.006740902,0
CCDC89,0.0067212665,0
PRR35,0.006704025,0
C6orf62,0.0067032343,0
FAM186A,0.006693697,0
CCDC68,0.0066820495,0
RLF,0.0066671753,0
HID1,0.006660247,0
ZNF577,0.0066396343,0
VXN,0.0066387635,0
SPATA48,0.006620612,0
CNEP1R1,0.006618571,0
CC2D2A,0.0066169286,0
SPIN2A,0.0066052503,0
HRC,0.006594612,0
GPR137C,0.0065808627,0
RIPPLY1,0.0065789237,0
KAZALD1,0.006565701,0
FBXL18,0.006560851,0
RUSF1,0.0065592974,0
IQUB,0.006555775,0
MOSMO,0.0065551167,0
ZNF234,0.0065530613,0
TTLL10,0.0065351618,0
HRH1,0.0065191295,0
KRT86,0.006504183,0
FBXO16,0.006503866,0
TMA16,0.0064863116,0
ANKRD23,0.006474624,0
ZNF74,0.0064699845,0
ZBTB11,0.0064576864,0
FANCD2OS,0.00642109,0
C2CD6,0.0064195963,0
GOLGA8B,0.006405563,0
ZNF764,0.006402411,0
DEFB135,0.006378304,0
TADA1,0.0063709076,0
OR52M1,0.0063685626,0
ZSCAN22,0.006360134,0
PODNL1,0.0063554775,0
RGS9BP,0.0063501163,0
PABIR3,0.0063476437,0
CCDC112,0.006333521,0
BPIFB3,0.006330236,0
TAS1R3,0.0063140206,0
ZNF260,0.0063049947,0
STRC,0.0062871194,0
ZNF620,0.0062710377,0
CYP2B6,0.006264195,0
BEND5,0.0062362337,0
GPR151,0.0062113567,0
ZNF124,0.006187147,0
POLR2M,0.006172481,0
GBX1,0.0061495025,0
DEFB121,0.006143712,0
ZNF575,0.0061433828,0
STBD1,0.006138252,0
TTC14,0.006130182,0
FNDC7,0.0061281463,0
CFAP36,0.0061278148,0
ODAPH,0.006127008,0
CBY2,0.0061178445,0
DEFB114,0.006114039,0
ZMYM4,0.0060874876,0
UTF1,0.0060859937,0
LPCAT4,0.0060733156,0
ROPN1,0.0060692816,0
SYT15,0.006062583,0
GALNT8,0.0060625775,0
TMEM144,0.0060549993,0
TCTN2,0.0060527613,0
PDCL2,0.006052689,0
SPRR1B,0.006046645,0
C1QTNF9,0.006042202,0
EID2B,0.006032024,0
GJB5,0.0060298573,0
SPACA4,0.006027671,0
NKAIN3,0.0060247383,0
NPIPA1,0.006019971,0
GSX1,0.0060149315,0
LCN1,0.0060091186,0
NUDT16L1,0.0059878067,0
SHD,0.0059805624,0
SFXN5,0.0059666797,0
TCAIM,0.005961337,0
PSME3IP1,0.0059266626,0
MRGPRX2,0.005925443,0
AKAP3,0.0059191156,0
B3GNT6,0.005915052,0
CRIPT,0.0059060305,0
NLRP13,0.005902101,0
CCDC61,0.005889924,0
SELENOO,0.0058760387,0
LRRC28,0.0058714943,0
MS4A8,0.0058646603,0
CATSPER4,0.0058571114,0
GPR156,0.0058539747,0
PRR4,0.0058486103,0
ZNF649,0.0058466783,0
POM121L2,0.0058443416,0
TBCEL,0.005836258,0
ZNF780B,0.0058331294,0
CFAP418,0.0058271536,0
SMCO4,0.00581343,0
CSTL1,0.005807516,0
TCTN1,0.005805132,0
C1QL4,0.0057985066,0
KCNE2,0.0057945023,0
EID2,0.005793945,0
TTL,0.0057763234,0
ZNF197,0.005776159,0
PCDHGC4,0.0057708547,0
VWA5B1,0.00576996,0
CST9,0.0057640355,0
ANXA2R,0.0057587014,0
ZNF595,0.0057585016,0
ZNF37A,0.005758264,0
LIPK,0.0057487087,0
UGT1A6,0.005742441,0
LIX1L,0.0057396186,0
PAQR9,0.005732407,0
POGK,0.005715186,0
IGSF22,0.005707937,0
PRR18,0.0056889057,0
LCN6,0.0056777713,0
HEATR4,0.0056726346,0
CCDC181,0.0056522493,0
TCP10L,0.0056385337,0
MORN3,0.0056356923,0
SMG8,0.0056164586,0
ASB16,0.00561378,0
FRMPD1,0.0056128274,0
FAM9B,0.0056056622,0
GCHFR,0.0056039775,0
TMEM192,0.005603292,0
MCC,0.005595876,0
USP17L11,0.005587561,0
USP17L18,0.005587561,0
ZNF92,0.0055739647,0
TYW5,0.0055682613,0
ZMYM1,0.005548688,0
CBLN3,0.0055376273,0
TBC1D3C,0.0055350624,0
SUSD6,0.005529889,0
ADAM21,0.005520137,0
ASB14,0.0055148285,0
KRTAP3-3,0.005510523,0
TMEM213,0.005503874,0
CEP295NL,0.0055003827,0
TMEM80,0.005491352,0
SEMG1,0.005485163,0
ZNF780A,0.005479134,0
THEM6,0.00547367,0
SHISA4,0.005473522,0
GRXCR1,0.0054690903,0
TBC1D19,0.005433402,0
FAM210B,0.005423236,0
MUCL1,0.0054222713,0
KIAA0408,0.005417683,0
CD300LD,0.005417421,0
EEF1AKMT3,0.0054171667,0
TMEM61,0.0054120515,0
BTBD18,0.0054027964,0
KCNK17,0.0054009184,0
METTL21C,0.0053969906,0
ZNF337,0.0053826883,0
ZNF528,0.005370222,0
CCDC134,0.0053540803,0
FXYD4,0.005352016,0
GTSF1L,0.005346344,0
MAGEB3,0.005342232,0
THAP4,0.005330794,0
LRRC37B,0.005321087,0
SPRR2G,0.005311142,0
RIMBP3C,0.0053079617,0
TANGO6,0.0052936957,0
CMTM1,0.005271003,0
R3HCC1,0.0052709957,0
QRICH2,0.005268511,0
RELL2,0.0052656108,0
AKAP10,0.0052591683,0
TMEM186,0.005257594,0
TSPYL4,0.0052492837,0
DCDC2C,0.0052470807,0
ZNF669,0.005236347,0
FGFR1OP2,0.0052339905,0
MORN1,0.0052268705,0
VPS35L,0.0052139587,0
RGSL1,0.005204327,0
TOR4A,0.0052029495,0
LCN8,0.0051994384,0
SSC4D,0.0051949196,0
C1orf43,0.0051930128,0
PPP1R36,0.005165864,0
OTOP3,0.005164359,0
FABP9,0.005162003,0
TTC22,0.005161344,0
CCDC113,0.005155239,0
ZDHHC11,0.0051540406,0
PARP6,0.005151269,0
PIGY,0.005150968,0
ZNF280A,0.0051489673,0
ZNF445,0.005139991,0
PCDHGA4,0.0051399497,0
TBC1D3G,0.005134269,0
ERVV-1,0.005130819,0
TMEM131L,0.005125557,0
ZFTA,0.0051073097,0
TAAR8,0.005100827,0
ST8SIA6,0.0050812033,0
C9orf24,0.005078401,0
ZNF526,0.0050733653,0
MIIP,0.005064934,0
AKAP14,0.0050618444,0
DNAAF3,0.005042681,0
OR2B2,0.0050381995,0
CFAP57,0.0050315857,0
THAP6,0.005005786,0
GCSAML,0.0049813855,0
SOBP,0.004971778,0
CYP2W1,0.0049698083,0
NAT2,0.0049686157,0
LY6G6D,0.004953017,0
STUM,0.004935301,0
LYRM2,0.0049219336,0
ZNF680,0.0049194894,0
FAM180B,0.004919375,0
GLOD5,0.004906933,0
DYNLT5,0.0049060155,0
C11orf96,0.0049036997,0
PHOSPHO2,0.004882599,0
DBX2,0.0048615546,0
RIPOR1,0.0048445337,0
ANKRD31,0.004837612,0
C10orf53,0.0048280857,0
MEIS3,0.0048259622,0
IQCG,0.004823343,0
DEFB136,0.0048218556,0
MBD6,0.0047950284,0
PRR19,0.004790975,0
IQCN,0.0047876136,0
LOC102723502,0.0047832103,0
ZSCAN23,0.004782859,0
ZNF268,0.0047825794,0
TMEM236,0.00477153,0
FLYWCH1,0.0047642943,0
OPN1MW,0.0047405856,0
LRRC10,0.0047378596,0
ODF3L1,0.0047217384,0
C6orf15,0.004711531,0
ZNF91,0.004711388,0
ABHD13,0.0047093825,0
PGLYRP4,0.0047091236,0
SLC16A13,0.004697779,0
ZNF414,0.004688807,0
GALR1,0.004672721,0
FAM86B1,0.00466656,0
SLC22A8,0.004660433,0
NPIPA7,0.0046439855,0
CASTOR1,0.004625903,0
TMEM138,0.0046158754,0
STEAP1B,0.0046158666,0
BEX5,0.0045979884,0
ZNF749,0.0045963805,0
ZNF324B,0.0045960424,0
C12orf75,0.004595185,0
SVBP,0.004591845,0
CCDC17,0.0045891847,0
CLRN1,0.004576516,0
SOWAHB,0.004570472,0
TMEM216,0.0045558973,0
ZNF431,0.004551084,0
EEF1AKMT1,0.0045404444,0
CORT,0.004539867,0
PCDHA3,0.004538953,0
GAREM1,0.0045379815,0
TERB2,0.0045302464,0
SHE,0.004526281,0
LRIT2,0.004517523,0
SSTR4,0.00450859,0
CHMP7,0.004507715,0
FAM83F,0.0045040464,0
CCDC97,0.004499065,0
AJM1,0.004495878,0
SHLD1,0.0044942778,0
SPRR1A,0.004491831,0
RIMBP3,0.004465163,0
UTS2B,0.0044515254,0
PKDREJ,0.0044432026,0
CMTM5,0.0044395127,0
TRABD2A,0.004439262,0
SLCO1C1,0.0044355546,0
SMIM24,0.004428921,0
PPP1R14D,0.004426522,0
CFAP298,0.004422462,0
INSL3,0.0044151475,0
ZSCAN30,0.004406589,0
RHEX,0.0044045625,0
ZNF311,0.0043995325,0
LRRC36,0.004397016,0
PLA2G2C,0.004378978,0
XK,0.004372519,0
FBXO46,0.0043675527,0
CCDC102A,0.004362997,0
METTL22,0.0043610483,0
ZBTB8A,0.0043531363,0
C10orf67,0.004349872,0
LYPD8,0.004348059,0
ZNF596,0.0043451455,0
SPANXN3,0.004328336,0
LYRM9,0.0043184673,0
POPDC3,0.0043184264,0
C6orf89,0.0043165525,0
SHROOM1,0.0043091094,0
FAM83G,0.0043072724,0
PRH1,0.004305042,0
TMEM198,0.004286716,0
METTL9,0.0042858794,0
FOXD4L4,0.0042764964,0
CCDC177,0.004271184,0
PIANP,0.0042562415,0
CNTD1,0.00425093,0
ZNF496,0.00424199,0
KRTAP10-4,0.00423734,0
DPPA5,0.0042323107,0
ZNF641,0.00423042,0
FAM200A,0.004229304,0
MAGEB6,0.004217614,0
CCSER2,0.0042127743,0
CCDC63,0.0042126584,0
TIGD3,0.0042067915,0
REP15,0.0041934457,0
ZNF69,0.004180914,0
ZSCAN4,0.0041780896,0
KCTD4,0.0041715554,0
SLC34A3,0.0041677617,0
SPIN2B,0.004155563,0
PORCN,0.0041549928,0
TRIM61,0.004152259,0
GTF3C6,0.0041495212,0
XG,0.00414301,0
FBXW12,0.004129873,0
THAP5,0.0041259117,0
LRRC66,0.0041149952,0
SPOCD1,0.0041057025,0
FBXO34,0.0040971907,0
ZNF605,0.004082977,0
METTL18,0.0040829033,0
TTC30A,0.0040766257,0
MMP26,0.0040701935,0
MYOZ3,0.0040606176,0
KIAA1522,0.0040585645,0
OR5P2,0.0040515913,0
TMEM225,0.004041287,0
SOHLH2,0.004034652,0
FAM184A,0.0040310975,0
SMR3B,0.0040290114,0
MAS1L,0.0040233894,0
FABP12,0.0040199496,0
FBXO39,0.0040166904,0
ZNF579,0.004011053,0
PNMA8A,0.0039983047,0
CYP2A13,0.0039972737,0
C12orf43,0.003995374,0
SCNN1D,0.003992752,0
HCFC1R1,0.0039908756,0
SEMG2,0.003989219,0
PCP4L1,0.003988899,0
SCP2D1,0.003978765,0
RPL41,0.003978587,0
HYLS1,0.003978058,0
FAM217A,0.003975267,0
TBC1D3,0.0039689,0
KNCN,0.003967021,0
PADI6,0.0039602984,0
SSTR5,0.0039420277,0
EVC,0.0039341496,0
UST,0.0039292476,0
ZNF225,0.0039288295,0
LEMD1,0.0039243796,0
KDF1,0.003914307,0
PPP1R35,0.0039084693,0
GAL3ST1,0.0039060237,0
ZC3H7B,0.003893896,0
ZBED5,0.0038884713,0
FUT6,0.003886272,0
PRR7,0.0038826687,0
GZF1,0.0038808142,0
ZNF480,0.0038780074,0
LRRC37A,0.0038705438,0
GALP,0.0038703321,0
ZNF547,0.0038618867,0
RBM48,0.00385627,0
MAGED4B,0.0038547902,0
AHDC1,0.0038437594,0
ZNF677,0.003840894,0
OGFOD3,0.0038405056,0
TMEM178B,0.0038301414,0
C3orf20,0.0038241583,0
ZNF26,0.0038236808,0
C16orf90,0.0038217213,0
FOXD4L1,0.0038208466,0
KRTAP4-6,0.0038191408,0
RXFP4,0.0038125555,0
CDPF1,0.0038076562,0
TMEM26,0.0038036248,0
METTL25,0.0038016185,0
TAL2,0.0037945025,0
LBH,0.0037901234,0
SPRING1,0.0037893094,0
OTOP2,0.0037845408,0
NAT1,0.0037748308,0
KIRREL2,0.0037638007,0
DCAF4L1,0.0037591406,0
TMEM252,0.003758646,0
CCDC184,0.0037571695,0
TEX9,0.0037547501,0
EEF1AKMT2,0.0037535178,0
SLC35F4,0.0037509084,0
C9orf152,0.003750313,0
SPRR2B,0.0037468176,0
TTLL3,0.003722285,0
NPVF,0.0037199836,0
KICS2,0.0037111207,0
ITPRIPL2,0.003698986,0
HCRTR2,0.0036930353,0
VWA3B,0.0036904488,0
KRT25,0.003681086,0
FAM72B,0.0036609177,0
MRGPRD,0.0036608987,0
SELENOH,0.003659575,0
C3orf33,0.0036583082,0
C5orf15,0.0036489954,0
PPDPFL,0.003642071,0
ZNF235,0.0036354961,0
SPATA22,0.0036234616,0
TMEM151A,0.0036160443,0
ZNF329,0.0036112624,0
PXT1,0.0035949703,0
SELENOW,0.0035904984,0
ZNF519,0.003589224,0
C19orf25,0.0035872909,0
TAF7L,0.0035724249,0
KRTAP8-1,0.00356429,0
XKR7,0.0035623226,0
KRTAP10-12,0.0035574327,0
BRME1,0.0035557006,0
GLIPR1L1,0.003555447,0
C1orf198,0.0035519758,0
ZNF793,0.003546134,0
ZNF114,0.0035429243,0
KCNE5,0.0035419734,0
SLCO1B3,0.0035367853,0
RBAK,0.0035337731,0
ZNF140,0.0035337145,0
TMEM127,0.003533184,0
ITFG2,0.0035294588,0
DAOA,0.003522103,0
IQCF6,0.0035205851,0
C19orf67,0.003515445,0
PSG4,0.0035036283,0
TBC1D3H,0.003495176,0
SMIM4,0.0034879474,0
VCPKMT,0.003483636,0
GGN,0.0034766379,0
TEX37,0.0034753177,0
HTN1,0.0034738765,0
ZKSCAN2,0.0034626878,0
KRT85,0.0034618913,0
RTP5,0.0034508149,0
ZNF771,0.0034489625,0
ZSCAN25,0.0034394322,0
ARC,0.003437555,0
EOLA1,0.0034302329,0
IPP,0.0034147743,0
PCDHB14,0.003410692,0
C6orf47,0.0034105512,0
USP17L1,0.0034027013,0
C6orf136,0.003402661,0
SERPINE3,0.0034007614,0
ZNF738,0.003398477,0
KRT222,0.0033877348,0
DIO1,0.003386917,0
ODAD3,0.0033858966,0
HOATZ,0.0033765642,0
MRGPRG,0.0033634491,0
MAP10,0.0033607285,0
HES2,0.003357564,0
BPIFA2,0.0033497643,0
CEP57L1,0.0033470988,0
PDZD9,0.0033441829,0
KCNMB3,0.0033380631,0
ZNF493,0.0033240544,0
CCDC125,0.0033156388,0
KRTAP15-1,0.0033127454,0
FAM156A,0.0033094643,0
AXDND1,0.003309247,0
ELOF1,0.003299694,0
ZNF266,0.00328613,0
VIT,0.003282919,0
DEFB113,0.0032822404,0
FAM156B,0.0032805342,0
KRT84,0.00327302,0
PRELID2,0.0032667695,0
FAM110D,0.0032600546,0
WASHC1,0.0032588635,0
TRNP1,0.0032465036,0
CIPC,0.003243291,0
LCN10,0.0032420396,0
EFCAB8,0.0032391225,0
SPAG8,0.0032352605,0
ACTRT1,0.0032295252,0
C1orf53,0.0032283468,0
LRRC14B,0.0032245666,0
KRTAP13-2,0.0032229177,0
C20orf27,0.003215292,0
KRT81,0.003210526,0
ZNF684,0.003210494,0
CST9L,0.0032056284,0
LYG1,0.003203202,0
KIAA1958,0.0031986998,0
STAC3,0.0031979869,0
CCDC166,0.003197189,0
METTL26,0.0031881265,0
KRT27,0.0031864312,0
EOLA2,0.0031759269,0
FAM104B,0.0031700493,0
TDRP,0.0031699394,0
ARID3C,0.0031678472,0
LCE1C,0.003156079,0
NAT16,0.0031560112,0
GON7,0.0031525057,0
UGT2B11,0.0031520233,0
PAGE5,0.00315124,0
HSF2BP,0.0031416127,0
GINM1,0.0031407077,0
TMEM239,0.003139481,0
IGFL1,0.0031310592,0
CGB3,0.003130714,0
SLC2A11,0.0031299149,0
ERICH5,0.0031253684,0
PACC1,0.003123549,0
KRTAP10-1,0.0031210377,0
RIBC1,0.0031204252,0
JSRP1,0.0031121636,0
KCNK7,0.003111553,0
TAAR5,0.0031077939,0
RNF212B,0.003104811,0
TEX22,0.0031042267,0
PROKR2,0.003102536,0
TMPRSS7,0.0031003424,0
TRIM51,0.0030920561,0
KRT76,0.0030904354,0
ETFRF1,0.0030816584,0
TMEM235,0.0030815264,0
C1orf74,0.003076939,0
UNC5CL,0.0030761359,0
ALKAL1,0.0030684364,0
ZKSCAN8,0.003063335,0
DEPDC4,0.0030608797,0
TMEM98,0.0030452888,0
ZNF195,0.0030452716,0
RTBDN,0.003040728,0
TBC1D32,0.0030397854,0
MT1M,0.0030231262,0
STKLD1,0.0030200407,0
GPR61,0.003011543,0
SERTM1,0.003005673,0
TEX47,0.0029989148,0
RHOXF1,0.002988403,0
RANBP3L,0.0029874854,0
GALR2,0.0029657742,0
CEP295,0.0029647986,0
GPRC6A,0.0029638996,0
VCX3B,0.002957924,0
CCDC83,0.0029335623,0
ZNF791,0.002924708,0
MICU3,0.0029122003,0
ZSCAN5A,0.0029082915,0
N4BP2,0.00290646,0
ZNF718,0.0029022512,0
RIIAD1,0.0029011625,0
ZNF875,0.0028998703,0
KRTAP4-12,0.0028944802,0
PRR23A,0.0028811167,0
CMTR2,0.0028730852,0
TEPP,0.0028722521,0
RFPL4B,0.0028618483,0
GLYAT,0.0028616877,0
PACRGL,0.0028565978,0
UGT2B28,0.0028556825,0
ARMH1,0.0028463004,0
ZNF773,0.002845543,0
FAM219A,0.0028430868,0
CCDC54,0.0028345587,0
RSPH10B2,0.0028319883,0
INSYN1,0.0028214308,0
ZNF823,0.0028141993,0
MUC21,0.00280682,0
CCDC172,0.002802803,0
DEFB110,0.002798073,0
CLDN18,0.0027950278,0
C4orf46,0.0027891104,0
CHSY3,0.0027873113,0
GATD1,0.0027840964,0
C3orf38,0.0027828931,0
SNX21,0.0027815464,0
FBXO47,0.0027806566,0
PCDHGB7,0.0027758663,0
ZNF678,0.0027728386,0
CCDC70,0.002762104,0
HTR3B,0.0027558368,0
C21orf58,0.002755128,0
MAGEB2,0.0027513076,0
ZNF682,0.0027508512,0
KBTBD3,0.0027445545,0
KCTD14,0.0027445457,0
ZNF273,0.0027410488,0
FMO1,0.002735953,0
CHADL,0.002728699,0
CCDC153,0.0027286147,0
KRT33A,0.0027280762,0
LGALS7,0.0027247805,0
SMIM15,0.0027224596,0
ZNF470,0.0027153199,0
RAVER2,0.0027117557,0
FAM149A,0.0027074432,0
H2BC8,0.0027040488,0
ORAI3,0.0026994697,0
PDCD7,0.0026960107,0
TBCCD1,0.0026903115,0
TMEM223,0.0026872505,0
LCE1E,0.0026787529,0
CTAGE1,0.002672832,0
MYADML2,0.0026691915,0
TTC21A,0.0026597425,0
TAAR2,0.0026556689,0
SYCE1,0.002649165,0
CCDC74A,0.0026451226,0
CDON,0.002641227,0
PKD2L2,0.002640097,0
HTR4,0.0026226616,0
ATXN7L2,0.002614501,0
C10orf71,0.0026045525,0
PRB3,0.0025964195,0
CCDC183,0.002596343,0
UGT2B4,0.0025916449,0
MAGEA6,0.0025910595,0
STPG4,0.0025792033,0
AMIGO3,0.002571438,0
BICDL2,0.0025683052,0
C17orf78,0.002564097,0
ZIM3,0.0025634994,0
THAP8,0.0025625548,0
CRYGB,0.0025533729,0
TBC1D28,0.002552381,0
CYB561D1,0.0025306384,0
GPHB5,0.0025287298,0
LRRC39,0.0025274195,0
ZNF623,0.002522523,0
KNOP1,0.0025205968,0
LUZP4,0.0025193228,0
ABHD18,0.0025101572,0
LRTM1,0.0025066158,0
ZNF479,0.0024997022,0
RTP1,0.002499305,0
AVPR1B,0.00249858,0
BICRAL,0.0024967184,0
OR12D3,0.0024943338,0
STPG3,0.0024883659,0
TTC34,0.0024855116,0
THEG,0.0024854136,0
GOLGA6L9,0.0024777588,0
KRT83,0.002476411,0
RPTN,0.0024735688,0
ZNF117,0.0024683364,0
ZNF227,0.0024666323,0
ERICH6,0.0024596504,0
VPS9D1,0.0024588516,0
GPATCH3,0.0024514557,0
MS4A5,0.0024500776,0
GRAMD1C,0.0024475164,0
HRH4,0.0024418856,0
KRTAP19-7,0.002426481,0
ZNF852,0.0024247332,0
SPRR2E,0.0024229796,0
PSG2,0.0024186254,0
WDR54,0.0024172694,0
SPRR2A,0.0024143471,0
ZNF837,0.0024050418,0
PRXL2C,0.0023969384,0
ZNF214,0.0023947593,0
PRAMEF25,0.0023944518,0
COX8C,0.0023924923,0
FAM24A,0.0023826815,0
SMIM26,0.0023764365,0
MAGEB4,0.002366025,0
ZNF502,0.0023602983,0
OSR1,0.0023599223,0
CFAP91,0.0023563863,0
NBPF1,0.0023496903,0
CNBD1,0.002349365,0
EEF2KMT,0.0023455692,0
UBXN10,0.002342526,0
CT47A10,0.0023417417,0
ZDHHC12,0.0023413973,0
FAM166B,0.002334151,0
GPR150,0.0023327754,0
FSIP1,0.0023324837,0
CCDC60,0.0023310117,0
LCE1A,0.002329524,0
IGFL2,0.0023287882,0
ZFP62,0.0023283926,0
ZNF133,0.0023276273,0
DRC1,0.002327491,0
RAMP3,0.0023258,0
PNPLA5,0.0023190384,0
CACNG4,0.002318694,0
PLA2G2F,0.0023168614,0
GOLGA7B,0.002313324,0
TTC39A,0.00231314,0
TMEM150B,0.002309985,0
THAP10,0.0023087326,0
GOLGA8M,0.0023085417,0
ZFP3,0.0023039049,0
OR4L1,0.0022889455,0
TMEM44,0.0022872114,0
ZNF90,0.0022843,0
SHROOM4,0.0022804954,0
NBPF12,0.0022776243,0
UCMA,0.002275628,0
SNORC,0.0022696068,0
C7orf33,0.0022630512,0
MFSD9,0.0022571846,0
SAGE1,0.0022529382,0
KRBOX1,0.002250864,0
KRTAP10-10,0.002248288,0
ZSWIM3,0.0022396105,0
OR6K2,0.0022375134,0
C19orf54,0.0022368801,0
CFAP157,0.0022351258,0
FPGT,0.0022255862,0
LY6G5C,0.0022253331,0
RLN2,0.0022201554,0
CEP95,0.0022191342,0
GJA8,0.0022093724,0
ZNF555,0.0022034496,0
ZNF785,0.0022023292,0
OTOS,0.0021969175,0
ZNF169,0.0021952468,0
KBTBD13,0.0021930514,0
FAM83E,0.0021915305,0
TCAP,0.0021890325,0
C1orf174,0.0021883245,0
ZNF160,0.0021879466,0
ERICH6B,0.0021867726,0
HMHB1,0.0021850232,0
TEX38,0.0021815028,0
CRCT1,0.002180939,0
CCDC27,0.0021790224,0
CCDC198,0.0021737786,0
LCE6A,0.0021689837,0
PAPOLB,0.0021683995,0
OXCT2,0.002168147,0
FAM172A,0.0021641457,0
PTH2,0.002162929,0
RTL4,0.0021590549,0
SLC25A35,0.0021534264,0
C11orf1,0.0021501223,0
SMIM13,0.0021488604,0
CCDC28B,0.0021452704,0
DENND11,0.0021449449,0
C14orf39,0.0021350405,0
MBD3L2,0.0021348807,0
UCN3,0.0021241088,0
IZUMO4,0.0021159572,0
NMS,0.0021103614,0
LRRC58,0.0021082617,0
ZFP91,0.0021077583,0
MARCHF10,0.0021062102,0
DEFB127,0.0020960094,0
MTURN,0.002087535,0
JHY,0.0020822363,0
C18orf21,0.0020805686,0
LDAF1,0.002073058,0
TMEM222,0.0020681028,0
TEDDM1,0.0020651065,0
C2orf42,0.002061934,0
OR11A1,0.0020618103,0
SPATA24,0.002054771,0
TMEM212,0.0020538608,0
NOPCHAP1,0.0020534962,0
KRTAP5-10,0.0020522801,0
ZNF32,0.0020509474,0
TIGD1,0.0020499357,0
PROSER3,0.002047137,0
PPP1R3E,0.0020469879,0
BOD1,0.0020450086,0
SOWAHA,0.0020429757,0
JPT2,0.0020428582,0
MTFR1L,0.0020413995,0
C17orf107,0.0020398311,0
CPXCR1,0.002039606,0
C12orf60,0.0020395906,0
PRCD,0.0020359724,0
RFPL3,0.00203119,0
FBXL8,0.0020306518,0
ADRA2A,0.0020248669,0
ZNF549,0.0020200585,0
TARM1,0.0020141706,0
KRT24,0.002013701,0
TMEM74B,0.0020042725,0
FBXO41,0.001999749,0
HEG1,0.0019914196,0
C8orf34,0.0019872512,0
C19orf18,0.0019840149,0
STPG1,0.001980218,0
CEBPZOS,0.001969297,0
TCAF1,0.0019666015,0
ZNF584,0.0019651158,0
ZBTB37,0.001964182,0
ZNF671,0.0019622217,0
PRR23B,0.0019579951,0
BEND6,0.0019553711,0
ASB17,0.0019519718,0
TAS2R1,0.0019497947,0
ZNF782,0.0019443099,0
SETD9,0.0019439621,0
MEAF6,0.0019436245,0
ASIC5,0.0019423058,0
DCAF4L2,0.001937129,0
NPIPB3,0.0019328514,0
CCDC159,0.0019277866,0
ZAR1L,0.0019261607,0
ITPRIPL1,0.00192097,0
MRNIP,0.0019194969,0
GATC,0.0019193662,0
DEFB132,0.0019180459,0
SOWAHC,0.0019130765,0
SULT1A2,0.0019121225,0
TECTB,0.0019101006,0
EPM2AIP1,0.0019059351,0
FAM118B,0.0019014204,0
COX7B2,0.0018983036,0
LCE1D,0.0018907756,0
IQCC,0.0018887357,0
NBPF3,0.0018848932,0
MLN,0.0018820507,0
C16orf89,0.0018814496,0
TMEM250,0.0018808839,0
TMEM170B,0.0018807192,0
CCDC81,0.0018703244,0
CTAGE4,0.0018702167,0
TMEM88B,0.0018673571,0
CBY3,0.0018655405,0
LGALS12,0.0018641399,0
MANBAL,0.0018632858,0
CT47A2,0.0018571669,0
CHCHD5,0.0018541922,0
PCDHGB5,0.0018522666,0
CTXN2,0.001850914,0
KLHL30,0.0018397156,0
ZNF396,0.0018390671,0
MRGPRE,0.0018312852,0
SDCBP2,0.0018306283,0
MSANTD3,0.0018272531,0
ZP1,0.0018266088,0
THEGL,0.0018259379,0
ORAI2,0.0018226277,0
NDUFAF8,0.0018213219,0
NHLRC3,0.0018191767,0
C3orf62,0.0018186071,0
PCDHGA12,0.0018184001,0
TMEM89,0.0018153985,0
ZNF304,0.0018140906,0
PSG11,0.0018129962,0
GPR139,0.0018128417,0
FAM221A,0.0018066053,0
CST1,0.0018038969,0
SAMD15,0.0018003801,0
CT47A11,0.0017980643,0
CHRNA10,0.0017965348,0
C1orf115,0.0017948399,0
RGR,0.0017912774,0
TTC26,0.0017900639,0
SPEM1,0.0017884481,0
KRTDAP,0.0017869226,0
GOLGA8T,0.0017702406,0
LYPD2,0.0017652519,0
TMEM238,0.0017651988,0
ACSM2A,0.0017612777,0
C20orf85,0.0017589529,0
ZNF223,0.0017579667,0
TMEM91,0.0017557958,0
GAL3ST4,0.0017556419,0
TMEM123,0.0017532252,0
TMEM229A,0.0017511059,0
ZNF576,0.0017486763,0
RFPL4A,0.0017479722,0
OR6X1,0.0017442468,0
OBP2A,0.0017440227,0
MORN2,0.0017425697,0
DENND10,0.0017425265,0
ZNF317,0.0017373427,0
ZNF250,0.0017261344,0
KRTAP12-1,0.0017199141,0
FATE1,0.0017192159,0
RBMXL2,0.0017136274,0
MEIOC,0.0017096373,0
MFSD6L,0.0017096186,0
HIGD1C,0.0017067849,0
BFSP1,0.0017003542,0
GSKIP,0.0016950001,0
ZNF667,0.0016947628,0
UPK3BL1,0.001688613,0
FAM205A,0.0016852241,0
EFCAB12,0.001682816,0
FXYD7,0.0016723417,0
LY6D,0.0016697962,0
ELP5,0.0016632155,0
TMEM170A,0.0016597962,0
C8orf58,0.0016583668,0
KRTAP1-5,0.0016569707,0
KRTAP10-9,0.0016563926,0
C17orf58,0.0016555161,0
DNAH14,0.0016554018,0
ADAM20,0.0016551685,0
FITM1,0.0016551558,0
C18orf54,0.0016506739,0
ZNF846,0.0016492992,0
JPT1,0.0016388827,0
ZNF850,0.0016350447,0
SYNC,0.001634759,0
C11orf65,0.0016331823,0
TMEM253,0.0016325619,0
MINAR2,0.0016243808,0
UBALD2,0.0016214882,0
ZNF415,0.0016210157,0
OR13J1,0.0016191817,0
PCARE,0.0016189844,0
C10orf62,0.0016178134,0
SMR3A,0.0016175259,0
PHLDB3,0.0016120648,0
CYSRT1,0.0016099742,0
TMEM207,0.00160922,0
INKA1,0.0016084978,0
TCTA,0.0016083102,0
PRSS48,0.001606577,0
RBMXL3,0.0016041977,0
TAS2R5,0.0016013378,0
TEX26,0.0015972401,0
KRTAP24-1,0.0015920427,0
GPR25,0.0015916487,0
WFDC5,0.0015794017,0
GJB4,0.001578513,0
ZNF621,0.0015768373,0
CFAP97,0.0015755518,0
SPDYE1,0.0015718312,0
ANKMY1,0.0015691059,0
LEXM,0.0015641289,0
ZNF544,0.0015604196,0
OR1I1,0.0015591995,0
TAS2R46,0.0015581659,0
THAP2,0.0015523288,0
OR1C1,0.0015491867,0
PABPC4L,0.0015443865,0
SCGB1D4,0.0015392167,0
BEND7,0.0015339267,0
LBHD1,0.0015290705,0
BTBD19,0.0015283754,0
CRYGN,0.0015251704,0
SMIM22,0.0015210515,0
ZSCAN29,0.0015180194,0
ZNF84,0.0015118496,0
MAGEA12,0.0015058941,0
ANHX,0.0015028843,0
KAAG1,0.0014984808,0
PINLYP,0.0014983938,0
DEFB107A,0.0014970831,0
KRT32,0.0014897159,0
KRT40,0.0014842813,0
C2orf50,0.0014804503,0
SDR9C7,0.0014803734,0
AMER3,0.0014802353,0
CLDND2,0.0014780591,0
MAGEF1,0.0014761166,0
RLN3,0.0014756521,0
OR2D2,0.0014694765,0
OPRPN,0.0014645326,0
RLN1,0.0014644447,0
ZNF343,0.0014614064,0
INTS6L,0.0014609569,0
PSG7,0.0014565602,0
LDLRAD1,0.0014562329,0
C6orf118,0.0014561123,0
SPDYE6,0.0014549224,0
DYNLT2,0.0014548863,0
NRN1L,0.0014528185,0
ZNF233,0.0014509306,0
WFDC10A,0.0014499002,0
ZNF224,0.0014493687,0
ZNF546,0.0014403412,0
ZNF586,0.0014378381,0
ZNF689,0.0014370531,0
C7orf31,0.0014352328,0
METTL24,0.0014336789,0
PCDHA10,0.0014329513,0
GOLGA8O,0.0014307648,0
ZNF287,0.001430158,0
ZNF165,0.0014229226,0
REC114,0.0014209935,0
ZNF582,0.0014191442,0
NRG4,0.0014179554,0
CFAP43,0.001416771,0
SPATA45,0.0014167406,0
CCIN,0.0014162072,0
IQCF1,0.0014090892,0
TMEM215,0.001403044,0
RNASE11,0.0014019375,0
FAM86B2,0.0014016551,0
MEIG1,0.0013996516,0
SHISA3,0.0013964096,0
TAS1R1,0.001393686,0
KRTAP10-11,0.0013920983,0
OR7E24,0.001391924,0
PCDHGB6,0.0013907916,0
CRYGA,0.0013844161,0
TRIM49B,0.0013834052,0
DEFB104A,0.0013821812,0
ZNF20,0.0013803802,0
KIAA0232,0.0013761636,0
KRTAP9-3,0.0013751017,0
GPR152,0.0013720897,0
MSMP,0.0013720668,0
KRTAP7-1,0.0013704494,0
PFN3,0.0013685158,0
DEFB124,0.001367525,0
FLACC1,0.0013626472,0
METTL21A,0.0013603371,0
MARVELD3,0.0013599356,0
CNTROB,0.0013595931,0
MAGEB17,0.001358656,0
FAM229B,0.0013574738,0
FAM168B,0.0013548912,0
TVP23B,0.0013512212,0
C11orf80,0.0013482716,0
QRFP,0.0013455022,0
AARD,0.0013443686,0
ZNF155,0.0013416199,0
NUTM2B,0.0013375392,0
UFSP1,0.0013346336,0
ZNF792,0.0013346043,0
BLID,0.0013309664,0
TCEAL3,0.0013281216,0
ZNF585A,0.0013234642,0
ARHGAP40,0.0013227881,0
KTI12,0.0013188086,0
SAPCD1,0.0013160512,0
KRTAP17-1,0.0013157806,0
TMEM141,0.0013152625,0
RSPH4A,0.0013106744,0
MFSD5,0.0013071408,0
ZCWPW2,0.0013054922,0
BEND2,0.0013053052,0
TMEM150C,0.0013021673,0
MAB21L4,0.0012995692,0
CCDC77,0.0012991087,0
TMEM267,0.0012957507,0
RBM18,0.0012935165,0
DYDC1,0.0012916003,0
HTR3E,0.0012899394,0
SHCBP1L,0.0012894738,0
ZNF33A,0.0012827,0
CFAP58,0.0012811683,0
KRT33B,0.0012708367,0
METTL25B,0.0012606598,0
LCN15,0.0012593985,0
ZIK1,0.0012589835,0
TSGA10IP,0.0012539822,0
PCED1A,0.0012510689,0
FAM47B,0.0012426327,0
TMEM266,0.0012415905,0
GPRC5D,0.0012413533,0
KRT82,0.0012412706,0
PROSER2,0.001235688,0
CPLANE1,0.0012335388,0
RIPPLY3,0.0012318481,0
CFAP100,0.0012310112,0
KRTAP5-8,0.0012296641,0
KHDC1L,0.0012294246,0
ZNF714,0.0012293403,0
ZNF324,0.0012265695,0
ZNF700,0.0012260024,0
TTC29,0.001225714,0
FAM131C,0.0012255202,0
ZNF222,0.001225023,0
WFDC3,0.0012157978,0
C15orf61,0.0012144708,0
TEX13B,0.0012078501,0
CD164L2,0.0012073789,0
C17orf97,0.0012053807,0
C2orf49,0.001204563,0
PRSS54,0.0012024146,0
EFCC1,0.0012016331,0
S100A3,0.0011983475,0
ZNF486,0.0011969757,0
C5orf47,0.0011968868,0
CCDC178,0.0011946105,0
FAM227A,0.0011941412,0
INSL5,0.0011904956,0
KRTCAP3,0.001187789,0
SATL1,0.0011851427,0
ADAM18,0.0011829953,0
FAM24B,0.0011808679,0
SELENOV,0.0011808089,0
TAC4,0.0011770165,0
ZNF747,0.0011752817,0
NPIPB15,0.0011750539,0
CXorf58,0.0011744485,0
NPIPB11,0.0011741404,0
IQCD,0.0011736165,0
ZSCAN5B,0.0011726253,0
TMEM255B,0.0011699493,0
RPGRIP1,0.0011578811,0
CFAP206,0.0011572499,0
GRIFIN,0.001152621,0
CCDC121,0.0011507022,0
TAS2R50,0.0011504962,0
SMIM6,0.001143741,0
BBOF1,0.001137858,0
TMEM107,0.0011376728,0
C1orf94,0.0011376024,0
USP17L24,0.0011340858,0
C20orf96,0.0011320307,0
USP17L3,0.0011311652,0
C6orf141,0.0011305135,0
OR2B6,0.0011298954,0
C1orf56,0.00112967,0
ZNF511,0.0011289583,0
CCDC150,0.001128425,0
DBNDD2,0.0011281756,0
TAS2R13,0.0011273152,0
ROPN1L,0.0011258943,0
SAXO1,0.0011240601,0
C14orf180,0.0011230108,0
OOSP2,0.0011225337,0
XAGE3,0.0011224044,0
C2orf88,0.0011205791,0
CCDC106,0.0011204744,0
CCDC103,0.0011202098,0
ZNF100,0.001114665,0
ZNF134,0.0011134264,0
FAM234B,0.0011126922,0
KRTAP9-9,0.0011109763,0
PNMT,0.0011103405,0
CCDC142,0.0011103336,0
DMRTC2,0.0011085226,0
TPGS1,0.0011084118,0
GJC3,0.0011077282,0
PRR29,0.0011053965,0
ZNF540,0.0011043935,0
GPALPP1,0.001102379,0
MTLN,0.0011021952,0
TTC30B,0.0011019674,0
C5orf34,0.0011017313,0
C2orf74,0.0011012828,0
ARMCX5,0.0011002283,0
SSX4B,0.001097846,0
SSX3,0.0010919939,0
VSIG10L,0.0010918608,0
SPRR2F,0.0010912919,0
KRTAP22-1,0.0010911085,0
OR5J2,0.0010899875,0
ZNF695,0.0010887567,0
CCDC117,0.0010872859,0
GLTPD2,0.0010854753,0
ZNF557,0.0010844407,0
PCDHA2,0.001083294,0
VN1R1,0.0010828339,0
PCNX4,0.0010826023,0
C11orf42,0.0010822719,0
C8orf74,0.0010773861,0
SLFNL1,0.0010748033,0
SMIM20,0.0010745545,0
FAM83C,0.0010715496,0
C3orf49,0.0010709255,0
XKR9,0.001068437,0
ZSWIM1,0.0010672224,0
ZNF43,0.0010634976,0
TAAR9,0.0010625715,0
ZNF285,0.0010622663,0
ABO,0.0010615775,0
GFRAL,0.0010575323,0
TMEM218,0.0010566416,0
ZFP41,0.001055917,0
CT47A1,0.0010549226,0
KRTAP20-2,0.0010522457,0
MCRIP2,0.0010498911,0
FBXW10,0.0010498241,0
SAXO2,0.0010474878,0
C15orf39,0.0010465771,0
FTHL17,0.0010453913,0
ZNF454,0.0010420186,0
KRTAP5-1,0.0010372106,0
OR5L2,0.0010368109,0
OR51E1,0.0010352466,0
IGFL3,0.0010330254,0
C1orf105,0.0010314991,0
KRTAP9-2,0.0010310109,0
ZC2HC1B,0.0010283451,0
ZNF418,0.0010240278,0
RXFP3,0.0010215854,0
ZNF558,0.0010206174,0
PCDHA9,0.0010176688,0
HSBP1L1,0.0010169598,0
KRTAP19-8,0.0010157131,0
IQCH,0.0010155273,0
KRTAP3-2,0.0010135724,0
ANKRD33B,0.0010067712,0
MSANTD1,0.001006461,0
MBD3L1,0.0010000241,0
C4orf19,0.0009981875,0
ROPN1B,0.0009973628,0
SPRR2D,0.0009960058,0
H2AP,0.0009955044,0
SPATA25,0.0009940407,0
SYNGR4,0.000991382,0
KRTAP6-2,0.0009856574,0
ZNF566,0.0009846363,0
PGPEP1L,0.0009822021,0
GJD3,0.0009805434,0
ZNF48,0.0009784367,0
SPINK8,0.00097455207,0
VN1R4,0.0009743715,0
ZNF880,0.00096842705,0
KRTAP4-2,0.0009667492,0
C22orf15,0.0009657283,0
KIAA1210,0.00096554664,0
IFT46,0.0009654606,0
PRAMEF8,0.0009654431,0
MT1HL1,0.00096092816,0
TMEM81,0.0009574723,0
TCEAL5,0.00095663517,0
IZUMO2,0.00095633266,0
FAM76A,0.00095433067,0
INSYN2B,0.0009536171,0
C19orf33,0.0009531866,0
USP17L17,0.00094664894,0
FAM133A,0.00094530697,0
ZNF732,0.0009440023,0
LCA5L,0.0009431932,0
TCHHL1,0.0009421769,0
GJA10,0.00093895744,0
SBK2,0.0009389445,0
TMEM179B,0.0009356291,0
C8orf82,0.0009355507,0
WDR53,0.0009348855,0
TAS2R38,0.00093335425,0
ZNF320,0.00093118113,0
ZNF770,0.0009279878,0
PGBD5,0.00092763285,0
DYNLT4,0.00092397083,0
SMCO3,0.00092198385,0
INSL6,0.00092154555,0
OR6C76,0.00092068064,0
KRTAP16-1,0.0009200555,0
TAS2R19,0.0009200045,0
OR4D2,0.00091612566,0
ZNF556,0.00091591215,0
TMEM114,0.0009110139,0
CFAP300,0.0009084317,0
TSGA13,0.00090368616,0
ZNF585B,0.00090258813,0
GPR42,0.00089853763,0
MAGEA9,0.000897921,0
PGBD4,0.0008954002,0
GAREM2,0.00089431944,0
LYPD4,0.0008919894,0
BPIFC,0.0008919613,0
AQP12B,0.0008911543,0
FAM133B,0.0008862671,0
OR2H2,0.0008856787,0
MRGPRX3,0.00088522735,0
KRTAP4-5,0.0008785454,0
CCDC185,0.0008710481,0
C6orf132,0.00087084353,0
CTAG2,0.000869015,0
OR52A1,0.0008687819,0
CC2D2B,0.0008674919,0
C12orf42,0.0008665625,0
FAM9A,0.00086604827,0
C2orf72,0.00086566794,0
SRARP,0.00086499134,0
CCDC167,0.000862146,0
C10orf90,0.000859115,0
ARHGEF33,0.00085732946,0
C1orf167,0.0008567758,0
SLN,0.0008540571,0
C2orf80,0.0008536795,0
OR2AK2,0.00085136155,0
ZNF599,0.00085119443,0
MAGEB5,0.00084940466,0
VSIG10,0.0008491437,0
TEX44,0.0008488585,0
B3GNT9,0.0008471721,0
FNDC9,0.00084705226,0
SYCN,0.0008420612,0
ZNF33B,0.0008394691,0
WFDC12,0.0008393619,0
DNAAF6,0.0008378197,0
BRI3,0.00083726423,0
ZNF813,0.00083691685,0
ZNF790,0.00083634886,0
CCDC87,0.0008332128,0
ZNF514,0.0008328358,0
N4BP3,0.00083249505,0
SHISAL2B,0.00083159236,0
NPIPB8,0.0008303761,0
TMEM229B,0.00082969747,0
SAYSD1,0.0008282239,0
OR2J3,0.0008260934,0
PRAMEF10,0.0008258318,0
CCDC148,0.0008234202,0
ZNF525,0.00082277786,0
BPIFB6,0.0008206239,0
SMCP,0.0008200141,0
DEFB106A,0.0008123442,0
GOLGA8N,0.00081208063,0
FAM166A,0.00081050204,0
KRTAP26-1,0.0008080394,0
C2orf81,0.0008040725,0
C15orf40,0.0008036949,0
CDRT15,0.00080368266,0
SMIM5,0.0008017161,0
TAS1R2,0.0007998896,0
SHISA8,0.00079947774,0
PRADC1,0.00079916656,0
ZNF814,0.00079894764,0
CHRM5,0.0007977183,0
RAMAC,0.00079651625,0
MS4A15,0.0007953543,0
PPP1R21,0.0007940499,0
PRR36,0.00079177896,0
KRTAP5-4,0.00078606355,0
OBP2B,0.0007858266,0
DEFB105A,0.0007832447,0
OR51F2,0.00078279665,0
DYNAP,0.00078222994,0
OR2C3,0.00077963946,0
NCMAP,0.00077816687,0
C2orf66,0.0007765212,0
ZNF776,0.0007762975,0
FAM98C,0.00077567,0
ZNF177,0.0007698389,0
CATSPERD,0.00076738495,0
C12orf50,0.0007671137,0
PATE2,0.00076539186,0
GIN1,0.0007642032,0
USP17L5,0.00076338724,0
TMEM248,0.0007628731,0
ERICH2,0.000762121,0
SRRM5,0.000761664,0
ZNF583,0.00076145824,0
RWDD3,0.0007607011,0
MROH7,0.0007588555,0
KRCC1,0.00075724354,0
ZNF99,0.0007567216,0
ADM5,0.00075661566,0
FLYWCH2,0.0007528429,0
MBLAC1,0.00075135607,0
PNMA5,0.0007503182,0
GASK1A,0.0007486602,0
TSACC,0.0007484918,0
SNURF,0.0007478897,0
PPP1R32,0.0007473141,0
NBPF4,0.0007440162,0
KRTAP1-4,0.000741337,0
SPINDOC,0.0007402506,0
C16orf78,0.0007386858,0
RTP2,0.00073403964,0
CLDN20,0.0007329499,0
C1orf68,0.0007292774,0
GOLGA8S,0.00072859006,0
C10orf82,0.0007271289,0
TMEM244,0.0007247515,0
C19orf73,0.0007238004,0
ZNF630,0.0007208377,0
FAM222A,0.00071846,0
TLCD1,0.00071843836,0
NAA40,0.0007174029,0
ODF4,0.0007159338,0
LRRC8E,0.00071363075,0
C6orf52,0.00071169005,0
GML,0.0007114232,0
WDR93,0.0007092735,0
TMEM54,0.00070472556,0
CFAP92,0.0007026711,0
LLCFC1,0.0007022474,0
SPINK14,0.000702071,0
HSD17B6,0.00069937244,0
OR6K3,0.0006960681,0
KRTAP19-5,0.0006960455,0
TRABD2B,0.00069035095,0
TMEM150A,0.0006901888,0
AKAIN1,0.00068916706,0
LRRC75A,0.000687399,0
TMEM270,0.00068010535,0
C16orf54,0.0006785875,0
TMEM31,0.0006775751,0
LOC102723532,0.0006761234,0
PAGE1,0.00067593914,0
HARBI1,0.00067311357,0
ZNF443,0.00067306514,0
TMEM104,0.0006711764,0
C19orf47,0.00066959386,0
FAM193B,0.00066938205,0
IGSF5,0.0006691811,0
TMEM72,0.0006679409,0
PRRT4,0.00066655426,0
ZFP82,0.00066519814,0
STMND1,0.0006651319,0
TMEM42,0.00066414214,0
OR5V1,0.0006632768,0
TEX36,0.0006608495,0
RTL8C,0.00065978157,0
CT45A5,0.00064878335,0
OR10H2,0.00064815854,0
C1orf127,0.00064805755,0
KRTAP6-3,0.0006457397,0
EDRF1,0.0006454533,0
OPN5,0.0006434602,0
KRTAP21-1,0.0006434504,0
FAM161B,0.00064271246,0
SSX4,0.00064241054,0
OR2F2,0.0006419576,0
SMIM19,0.0006412758,0
GJB7,0.0006395701,0
SFT2D3,0.00063935225,0
GALR3,0.00063765235,0
C16orf96,0.0006351219,0
CNST,0.0006350856,0
ZFP92,0.0006349349,0
LCE1F,0.00063373486,0
GPR19,0.0006329782,0
KRTAP13-1,0.00063003897,0
CDRT15L2,0.0006296392,0
LRRC10B,0.0006282928,0
PRM1,0.00062536425,0
CCDC96,0.0006247566,0
CLDN25,0.00062417844,0
LCE2B,0.0006241124,0
FAM221B,0.0006174451,0
LRRC75B,0.0006174357,0
WBP1,0.0006156875,0
KIAA1191,0.0006153255,0
KRTAP2-4,0.00061503676,0
C11orf16,0.0006147962,0
STH,0.000612549,0
RBM44,0.0006115201,0
C19orf44,0.0006091238,0
SPACA5,0.00060735137,0
CCDC30,0.0006059527,0
TEX43,0.0006045921,0
VCX2,0.00059987284,0
C16orf91,0.00059966074,0
SPATA12,0.00059711083,0
HTR3C,0.00059511315,0
CLRN2,0.00059154205,0
SHISAL1,0.0005897842,0
USP17L10,0.0005868786,0
SPATA6L,0.0005861933,0
SIMC1,0.00058595306,0
TEX33,0.00058553857,0
C14orf28,0.00058309064,0
FNDC8,0.00058277976,0
SSX5,0.0005815554,0
C12orf29,0.0005781135,0
ZNF562,0.0005762519,0
OR4D6,0.00057477463,0
TMEM237,0.0005742438,0
ZSCAN16,0.00057315786,0
TMEM187,0.0005712302,0
OR52B6,0.00057102524,0
OR51D1,0.0005709352,0
CCER1,0.000569337,0
C5orf52,0.000568038,0
ZNF428,0.0005680085,0
NXPE1,0.00056704617,0
TMEM35B,0.00056633755,0
CACNG6,0.0005641739,0
ZNF615,0.00056413404,0
ZNF736,0.0005637696,0
GJE1,0.00056319335,0
ZBTB49,0.0005623531,0
TMCO6,0.00056073104,0
ZNF548,0.0005590607,0
MSANTD2,0.0005531784,0
TMPRSS11B,0.00055259187,0
OR4A5,0.00055169855,0
MDP1,0.00054820563,0
CCDC51,0.000547969,0
GOLGA8Q,0.0005468818,0
GOLGA8H,0.0005468818,0
GOLGA8R,0.0005468818,0
KRTAP4-3,0.00054611533,0
RBAK-RBAKDN,0.0005457532,0
PANX3,0.0005454139,0
GJD4,0.00054325187,0
ZNF696,0.0005420031,0
BPIFA3,0.0005412202,0
TNP2,0.0005407811,0
KRTAP5-6,0.0005394025,0
ZNF648,0.00053698587,0
ZNF784,0.00053601066,0
ZNF681,0.0005341407,0
FAM47E,0.00053255586,0
VN1R2,0.0005313628,0
OR1E1,0.0005289173,0
KRTAP4-4,0.00052663067,0
SPRN,0.00052633835,0
FAM166C,0.0005241858,0
SSMEM1,0.0005231186,0
OR5H14,0.0005228641,0
ZNF213,0.0005226317,0
OR7C2,0.0005219439,0
KRBA1,0.000521837,0
DEFB115,0.0005217895,0
SULT6B1,0.00051904627,0
SAMD7,0.00051747216,0
OVOL3,0.00051692006,0
FHIP2B,0.0005145994,0
VSTM5,0.0005140604,0
ZNF460,0.00051389524,0
PEAK3,0.00051286054,0
PGBD2,0.0005127208,0
FUOM,0.0005125825,0
ZNF138,0.0005111975,0
KRTAP11-1,0.00051032944,0
ZNF662,0.0005101176,0
NBPF9,0.00050937274,0
PIGX,0.0005084557,0
OR52H1,0.00050526945,0
C1orf100,0.0005044256,0
GFRA4,0.00050332287,0
TMEM200C,0.0005014689,0
OR2J2,0.00050139456,0
ZNF286A,0.00050031586,0
USP17L19,0.00049985247,0
SPATA16,0.00049868535,0
DRAXIN,0.0004968349,0
FSCB,0.00049644767,0
FAM78B,0.00049246766,0
RNF225,0.000491281,0
C1orf216,0.0004904411,0
MRFAP1L1,0.000489595,0
LYSMD1,0.00048839685,0
TAS2R41,0.0004882014,0
TMEM220,0.00048735866,0
ZNF891,0.0004858778,0
RNASE12,0.00048443172,0
CATSPERE,0.00048388712,0
C19orf38,0.00048261645,0
FAM204A,0.00048083137,0
ZBTB42,0.00048064624,0
RRH,0.00047983206,0
FAM228B,0.000479398,0
FAM104A,0.0004779557,0
TMEM139,0.0004777578,0
TAS2R60,0.00047770017,0
ZNF510,0.00047678556,0
C7orf57,0.00047496788,0
C4orf51,0.00047495434,0
TEX45,0.00047358,0
OR2M3,0.0004725933,0
P2RX3,0.00047259286,0
OR2Y1,0.0004717222,0
TAS2R7,0.00047053548,0
LENEP,0.00047044063,0
PROKR1,0.0004684725,0
AKAP4,0.0004677354,0
ZNF697,0.00046744474,0
C11orf21,0.0004648755,0
C9orf57,0.00046465223,0
OR2H1,0.00046278356,0
ZNF761,0.00046109615,0
PATE1,0.00045928446,0
IHO1,0.00045827247,0
ZNF571,0.00045738395,0
FAM199X,0.00045483417,0
HIGD1B,0.00045068856,0
RIPOR3,0.00045054057,0
SYNJ2BP-COX16,0.0004468609,0
MSANTD4,0.00044653408,0
PCDHGA8,0.00044639345,0
ZNF19,0.0004455141,0
UGT2B15,0.00044423062,0
KIAA1143,0.0004438865,0
MRO,0.0004409197,0
TAS2R39,0.0004407516,0
KRTAP10-2,0.00043943763,0
KRTAP12-4,0.00043847255,0
KRTAP12-2,0.00043822936,0
ZNF181,0.00043713977,0
FNDC11,0.00043710598,0
KRTAP4-8,0.0004370173,0
PLEKHD1,0.00043576572,0
SCGB2A1,0.000435084,0
CALHM4,0.0004346819,0
SPDYE4,0.00043463672,0
FSCN3,0.0004339619,0
SMIM23,0.00043382787,0
TAS2R4,0.00043363046,0
GJA9,0.00043285816,0
LYRM1,0.00043252672,0
DCAF12L2,0.0004324476,0
DEFB106B,0.00043182,0
SLCO6A1,0.0004318105,0
SCGB1C1,0.00043119272,0
CCDC175,0.00043103157,0
ZNF492,0.0004297333,0
TAS2R40,0.000428729,0
IGIP,0.0004285635,0
KRTAP4-1,0.0004277931,0
TMEM52,0.00042718183,0
OR1Q1,0.00042538432,0
GLYATL2,0.0004251364,0
TMEM242,0.0004236541,0
ZBBX,0.00042270124,0
XKRX,0.00042113868,0
OR56A4,0.0004202001,0
OR3A1,0.00041782967,0
C12orf71,0.00041765344,0
C17orf50,0.00041678958,0
ANKRD33,0.00041636548,0
MAGEA8,0.00041631487,0
C1orf185,0.00041621906,0
INIP,0.00041401607,0
C16orf92,0.00041251702,0
ZNF425,0.00041102894,0
ZNF136,0.00041068273,0
OR56B4,0.00040903038,0
PROSER1,0.000408127,0
USP17L4,0.000407991,0
KRTAP6-1,0.0004077282,0
PRR27,0.0004069215,0
KRTAP20-1,0.00040564107,0
C16orf46,0.00040462805,0
SSX7,0.00040344484,0
ZMYND19,0.00040244285,0
VWA3A,0.00040192375,0
ZNF721,0.00040147128,0
OR51B4,0.000400068,0
WFDC9,0.0003991756,0
ZNF253,0.00039600852,0
PRAMEF2,0.0003957468,0
SPATA31E1,0.00039545397,0
FAM163A,0.0003949531,0
OR13H1,0.00039378856,0
OR2L5,0.00039329936,0
TMCO2,0.0003932838,0
ZNF627,0.00039297593,0
LRRN4CL,0.00039190464,0
KRTAP4-7,0.00039100624,0
CRACR2B,0.00039030184,0
OR4D1,0.00038930724,0
SPATS1,0.0003891386,0
TMEM217,0.00038829332,0
OR7A5,0.00038794073,0
TMEM174,0.00038772554,0
CCDC152,0.00038638097,0
EDDM3A,0.00038486585,0
PRAC1,0.00038396785,0
MAGEB16,0.00038256627,0
LACTBL1,0.00038160392,0
PRAMEF11,0.0003810975,0
ZNF726,0.0003803571,0
OR2W1,0.0003798545,0
KRTAP10-3,0.0003792739,0
ZNF347,0.0003782081,0
DNAAF10,0.00037780032,0
ZNF221,0.00037716932,0
LRRC74A,0.00037649143,0
IQCF2,0.0003759744,0
ARMCX6,0.0003751985,0
ZNF679,0.00037510088,0
FAM187B,0.00037439386,0
LGI4,0.00037398186,0
KRTAP19-3,0.00037343835,0
CCDC169,0.0003733576,0
ZNF554,0.00037328745,0
ZSWIM9,0.00037327182,0
CCDC188,0.00037215982,0
LRRD1,0.0003714635,0
ARMH4,0.0003703903,0
RTL8B,0.0003697373,0
C6orf226,0.00036887857,0
WFDC10B,0.00036845403,0
USP17L21,0.00036789963,0
KANSL1L,0.0003677762,0
OR10A4,0.00036585727,0
FMR1NB,0.00036578,0
SPATA9,0.0003640892,0
ZNF774,0.0003637121,0
FAM120AOS,0.0003627593,0
SMCO1,0.00036192941,0
OR6M1,0.0003618849,0
SPACA9,0.00036031773,0
NXPE2,0.000359944,0
C3orf84,0.0003566912,0
USP17L13,0.00035644168,0
CCDC190,0.00035625006,0
TEX29,0.0003560501,0
SPDYE3,0.00035557197,0
NAA80,0.0003554354,0
TMEM202,0.00034987243,0
GRM2,0.00034853115,0
PATE4,0.0003470039,0
CABCOCO1,0.0003462848,0
TGFBR3L,0.00034465862,0
ZNF841,0.0003445745,0
FAM217B,0.0003434676,0
TAS2R10,0.000341817,0
ZNF709,0.0003415805,0
SYCE1L,0.0003406225,0
ZNF808,0.00033965876,0
PRPH,0.0003392009,0
BPIFB4,0.00033902,0
PRAMEF12,0.00033857397,0
C10orf120,0.00033850392,0
UCN2,0.00033842082,0
ZNF561,0.00033512898,0
TCTN3,0.00033512418,0
ZNF474,0.00033479717,0
LOC344065,0.000334125,0
CFAP97D1,0.00033295262,0
C11orf94,0.0003322981,0
RTL6,0.00033142205,0
TMEM190,0.00032934544,0
OR51A7,0.0003268624,0
OR1F1,0.00032678046,0
C9orf85,0.00032671256,0
KRTAP5-2,0.00032491903,0
OR14C36,0.00032485617,0
C4orf54,0.00032440276,0
ZNF705A,0.0003233329,0
ZNF581,0.00032285484,0
C1orf122,0.0003228019,0
FAM178B,0.00032135748,0
OR56B1,0.0003193004,0
CCDC105,0.00031754994,0
SPEM2,0.00031619688,0
SPANXC,0.00031488916,0
USP17L12,0.00031469436,0
ZNF559,0.00031437562,0
STMP1,0.00031402693,0
FAM209B,0.00031320262,0
SMIM7,0.00031258125,0
GLYATL3,0.0003125333,0
LRRC71,0.00031183832,0
TMEM247,0.0003102592,0
ZNF506,0.00030844568,0
USP17L22,0.00030814088,0
ZNF491,0.00030790243,0
NHLRC4,0.00030761812,0
NICN1,0.00030103826,0
ZNF670,0.00030009003,0
APELA,0.00029807666,0
NBPF11,0.0002974626,0
H1-7,0.00029673154,0
OR1A2,0.00029670665,0
CDRT4,0.00029649909,0
USP17L8,0.00029607565,0
OR6C74,0.00029126534,0
SYCE2,0.00029055172,0
ZNF485,0.00028978405,0
GCOM1,0.00028862874,0
PCDHA11,0.00028831905,0
OR1L1,0.00028650695,0
BRICD5,0.0002850447,0
NBPF10,0.00028455837,0
RTL8A,0.0002838211,0
TMEM260,0.0002829479,0
EZHIP,0.00028274106,0
OR52J3,0.00028193783,0
ZNF607,0.00028075892,0
OR2C1,0.0002788861,0
FAM181B,0.00027848993,0
C8orf88,0.00027794854,0
ZNF624,0.0002743176,0
KRTAP2-1,0.0002716245,0
TAFA3,0.000271219,0
CRYBG3,0.00027104217,0
OR4K15,0.00027085308,0
MORN5,0.00026965034,0
OR13F1,0.00026955703,0
FAM25A,0.00026951692,0
ANKRD34B,0.00026911765,0
PRM3,0.00026907763,0
C16orf95,0.0002666291,0
CCDC154,0.00026622496,0
MROH9,0.00026525964,0
LCNL1,0.0002651279,0
ZNF17,0.00026431042,0
C20orf141,0.00026429453,0
SMIM29,0.00026381042,0
TMEM62,0.0002633867,0
LRRC72,0.00026235386,0
MAFIP,0.0002623236,0
OR2T33,0.00026191524,0
LRRC73,0.0002618271,0
ZNF564,0.00026083394,0
NBPF14,0.00025997518,0
LOC102723655,0.00025937628,0
ZNF530,0.0002589483,0
FAM216B,0.00025830668,0
ZNF879,0.00025791983,0
OR13C5,0.00025623254,0
ZNF619,0.0002554164,0
ZNF529,0.00025423564,0
KRTAP5-3,0.00025402702,0
BIVM,0.00025305187,0
OR5D18,0.00025257416,0
ZMYND12,0.00025166862,0
MRGPRX4,0.00025147529,0
ZNF570,0.00025131518,0
C1orf159,0.0002510209,0
SMIM17,0.00025009422,0
CASTOR2,0.00024889508,0
ZNF468,0.0002487933,0
C9orf43,0.00024823958,0
OR4C5,0.00024638878,0
KCNMB2,0.0002453262,0
ZNF701,0.00024496627,0
CT83,0.00024415366,0
USP17L20,0.00024409803,0
OR52L1,0.00024354615,0
OR6S1,0.00024167895,0
SERINC4,0.00023871826,0
PHF24,0.00023749529,0
TAS2R16,0.00023724839,0
OR4K5,0.00023449998,0
FAM89A,0.00023326038,0
ZNF835,0.00023201315,0
PLAC8L1,0.00023141729,0
ENKD1,0.00022956952,0
FAM222B,0.0002279994,0
ZNF433,0.00022718952,0
C6orf120,0.00022624704,0
MTCP1,0.00022495152,0
SMIM10,0.00022454756,0
ANKUB1,0.00022410013,0
DRICH1,0.00022387909,0
TDRD10,0.0002215995,0
TMEM221,0.00022103166,0
ZNF578,0.0002200973,0
ZNF705G,0.00021985985,0
PAGE3,0.00021774427,0
FAM228A,0.00021692118,0
OR10A5,0.00021658928,0
KRTAP19-1,0.00021639958,0
ZNF805,0.00021630715,0
MRGPRX1,0.0002144806,0
ZNF580,0.00021252046,0
TAS2R3,0.00021243983,0
ZNF844,0.00021225578,0
OR6C1,0.00021129222,0
FRG2C,0.00020796814,0
FAM47C,0.00020754621,0
SMIM21,0.00020670629,0
C19orf81,0.00020626605,0
FAM186B,0.00020526665,0
CLDN22,0.00020442407,0
LRRC74B,0.00020437027,0
TCEAL8,0.00020148503,0
SMIM2,0.00020137632,0
OR9A4,0.00020111958,0
SPATA3,0.000200985,0
OR8H3,0.00020075288,0
C17orf98,0.00020047113,0
PBOV1,0.00020001289,0
KIAA0825,0.00019992843,0
TAS2R14,0.00019899671,0
CTAGE6,0.00019724143,0
KRTAP4-11,0.00019539987,0
C9orf40,0.0001934008,0
OR13C8,0.0001925713,0
OR7D2,0.00019223907,0
THAP9,0.00019130741,0
ZNF229,0.0001893939,0
TAS2R30,0.00018846418,0
DEFB123,0.00018801243,0
ZNF878,0.00018678683,0
ZNF80,0.00018377599,0
OR1G1,0.00018371046,0
ZNF765,0.00017840853,0
SLC35G6,0.0001783553,0
OR52E8,0.00017633979,0
FAM227B,0.000175521,0
KRT39,0.00017544688,0
ZNF391,0.0001739666,0
OR52E6,0.00017349335,0
OR10J5,0.00017119374,0
CCDC110,0.00017011701,0
TAS2R9,0.000170003,0
C8orf48,0.00016847982,0
SPATA19,0.00016807321,0
KRTAP13-3,0.000167639,0
ZNF543,0.00016676389,0
ZNF799,0.00016143631,0
OR6B1,0.00016065362,0
OR10AD1,0.00015985034,0
C20orf173,0.00015833911,0
CFAP126,0.00015747816,0
ZNF487,0.00015651737,0
SHISAL2A,0.00015627877,0
KRTAP9-4,0.00015616049,0
CCDC38,0.00015545184,0
C6orf163,0.00015496094,0
KRTAP9-8,0.00015395987,0
TAS2R8,0.00015297694,0
GYPE,0.00015217371,0
TMEM143,0.00015176073,0
KHDC1,0.00015128207,0
OR2L2,0.00014875733,0
ATXN7L3B,0.00014861456,0
LINGO4,0.00014767883,0
OR51B6,0.00014598586,0
ZNF442,0.0001455386,0
TMEM128,0.00014407304,0
ZNF565,0.00014363,0
OR10Q1,0.0001435473,0
OR51B5,0.00014307312,0
SPATA31D1,0.00014300451,0
FAM185A,0.00014194241,0
TMEM92,0.00014103444,0
ZNF660,0.00013790859,0
C4orf47,0.00013711791,0
ZNF527,0.00013605529,0
ZNF699,0.00013545787,0
OR8I2,0.00013512465,0
C5orf46,0.00013495416,0
RNASE9,0.00013482837,0
POM121L12,0.00013359646,0
SCGB2B2,0.00013332082,0
OR2W3,0.00013288244,0
SPRR4,0.0001326734,0
FAM170B,0.00013239082,0
CCDC42,0.00013172871,0
C5orf49,0.00012913019,0
OR10J1,0.00012683618,0
LKAAEAR1,0.00012558013,0
OR2K2,0.00012443472,0
OR52I1,0.00012282687,0
KRTAP1-1,0.00012027883,0
PRR32,0.0001198302,0
LYPD5,0.00011804487,0
CFAP73,0.000117941694,0
ZNF610,0.000117209354,0
PCDHA12,0.00011716254,0
TEX19,0.00011625619,0
TEX12,0.00011486775,0
OR51T1,0.00011485931,0
OR1J4,0.00011369008,0
OR2A25,0.000112599,0
OR10H1,0.00011091748,0
OR51M1,0.000110206674,0
CATSPERZ,0.00010784091,0
OR2A4,0.00010656769,0
ZNF441,0.000104503415,0
SPACA7,0.00010410199,0
C12orf40,0.00010372851,0
CXorf49B,0.000103614526,0
FAM47A,0.00010287291,0
WFDC11,0.00010248928,0
C11orf86,0.00010111981,0
TMEM95,9.8720455e-05,0
OR11H6,9.842605e-05,0
C1orf131,9.6313335e-05,0
TMEM121B,9.550495e-05,0
SPATA46,9.397843e-05,0
CACFD1,9.386353e-05,0
OR5K1,9.3767e-05,0
ZBED8,9.222568e-05,0
OR52K2,9.1370624e-05,0
RTL5,9.118766e-05,0
ZNF552,9.082491e-05,0
C12orf56,9.014773e-05,0
C4orf17,8.945462e-05,0
C15orf62,8.844205e-05,0
OR7C1,8.707449e-05,0
ZNF284,8.608475e-05,0
OR51I1,8.516504e-05,0
OMP,8.432718e-05,0
FAM25C,8.07931e-05,0
CABS1,8.067169e-05,0
FAM209A,7.9619385e-05,0
ZNF836,7.841635e-05,0
OR5B2,7.820793e-05,0
OR13C2,7.668418e-05,0
OR52D1,7.582229e-05,0
C9orf131,7.4172516e-05,0
EDDM3B,7.3841315e-05,0
KRTAP4-9,7.368867e-05,0
OR8B8,6.9918424e-05,0
ZNF766,6.69524e-05,0
MROH2A,6.5984656e-05,0
ZNF334,6.564449e-05,0
CALHM3,6.541696e-05,0
SMIM27,6.4867876e-05,0
SLC35G3,6.428637e-05,0
RNF222,6.422583e-05,0
OR1N1,6.413623e-05,0
VMAC,6.215704e-05,0
MS4A13,6.1801235e-05,0
OR8D1,6.161069e-05,0
FADS6,6.1175706e-05,0
ZNF484,5.9588845e-05,0
OR8A1,5.5546527e-05,0
OR2G3,5.2459316e-05,0
SMIM8,5.0620718e-05,0
ZNF843,4.9011593e-05,0
ZNF230,4.7188496e-05,0
TRIQK,4.707891e-05,0
MISP3,4.6534977e-05,0
CALHM5,4.6313446e-05,0
OR13C4,4.339942e-05,0
OC90,4.2124913e-05,0
IQCF5,3.773549e-05,0
OR5M8,3.6456593e-05,0
OR1J1,3.472219e-05,0
OR10D3,3.4010674e-05,0
MYRFL,3.157051e-05,0
OR4F15,2.6871207e-05,0
C22orf42,2.6338117e-05,0
